This is LuaHBTeX, Version 1.24.0 (TeX Live 2026)  (format=lualatex 2026.10.4)  10 OCT 2026 16:52
 restricted system commands enabled.
**README_notes/README_notes_reduced.tex
(./README_notes/README_notes_reduced.tex
LaTeX2e <2026-06-01>
L3 programming layer <2026-09-09>
Lua module: luaotfload 2024-12-03 v3.29 Lua based OpenType font support
Lua module: lualibs 2023-07-13 v2.76 ConTeXt Lua standard libraries.
Lua module: lualibs-extended 2023-07-13 v2.76 ConTeXt Lua libraries -- extended 
collection.
luaotfload | conf : Root cache directory is "./cache/luatex-cache/generic/names"
.
luaotfload | init : Loading fontloader "fontloader-2023-12-28.lua" from kpse-res
olved path "/usr/local/texlive/2026/texmf-dist/tex/luatex/luaotfload/fontloader-
2023-12-28.lua".
Lua-only attribute luaotfload@noligature = 1
luaotfload | init : Context OpenType loader version 3.134
Inserting `luaotfload.node_processor' in `pre_linebreak_filter'.
Inserting `luaotfload.node_processor' in `hpack_filter'.
Inserting `luaotfload.glyph_stream' in `glyph_stream_provider'.
Inserting `luaotfload.define_font' in `define_font'.
Lua-only attribute luaotfload_color_attribute = 2
luaotfload | conf : Root cache directory is "./cache/luatex-cache/generic/names"
.
Inserting `luaotfload.harf.strip_prefix' in `find_opentype_file'.
Inserting `luaotfload.harf.strip_prefix' in `find_truetype_file'.
Removing  `luaotfload.glyph_stream' from `glyph_stream_provider'.
Inserting `luaotfload.harf.glyphstream' in `glyph_stream_provider'.
Inserting `luaotfload.harf.finalize_vlist' in `post_linebreak_filter'.
Inserting `luaotfload.harf.finalize_hlist' in `hpack_filter'.
Inserting `luaotfload.cleanup_files' in `wrapup_run'.
Inserting `luaotfload.harf.finalize_unicode' in `finish_pdffile'.
Inserting `luaotfload.glyphinfo' in `glyph_info'.
Lua-only attribute luaotfload.letterspace_done = 3
Inserting `luaotfload.aux.set_sscale_dimens' in `luaotfload.patch_font'.
Inserting `luaotfload.aux.set_font_index' in `luaotfload.patch_font'.
Inserting `luaotfload.aux.patch_cambria_domh' in `luaotfload.patch_font'.
Inserting `luaotfload.aux.fixup_fontdata' in `luaotfload.patch_font_unsafe'.
Inserting `luaotfload.aux.set_capheight' in `luaotfload.patch_font'.
Inserting `luaotfload.aux.set_xheight' in `luaotfload.patch_font'.
Inserting `luaotfload.rewrite_fontname' in `luaotfload.patch_font'.
Inserting `tracingstacklevels' in `input_level_string'. (/usr/local/texlive/202
6/texmf-dist/tex/latex/base/article.cls
Document Class: article 2025/01/22 v1.4n Standard LaTeX document class
(/usr/local/texlive/2026/texmf-dist/tex/latex/base/size12.clo
File: size12.clo 2025/01/22 v1.4n Standard LaTeX file (size option)
luaotfload | db : Font names database loaded from ./cache/luatex-cache/generic/n
ames/luaotfload-names.luc.gz)
\c@part=\count274
\c@section=\count275
\c@subsection=\count276
\c@subsubsection=\count277
\c@paragraph=\count278
\c@subparagraph=\count279
\c@figure=\count280
\c@table=\count281
\abovecaptionskip=\skip49
\belowcaptionskip=\skip50
\bibindent=\dimen149
)
(/usr/local/texlive/2026/texmf-dist/tex/generic/iftex/ifluatex.sty
Package: ifluatex 2019/10/25 v1.5 ifluatex legacy package. Use iftex instead.

(/usr/local/texlive/2026/texmf-dist/tex/generic/iftex/iftex.sty
Package: iftex 2024/12/12 v1.0g TeX engine tests
))
(./artifacts/../lib/filter-warnings.tex
(/usr/local/texlive/2026/texmf-dist/tex/latex/silence/silence.sty
Package: silence 2012/07/02 v1.5b Selective filtering of warnings and error mes
sages
\sl@Save=\count282
\sl@StateNumber=\count283
\sl@MessageCount=\count284
\sl@Casualties=\count285
\sl@Filter=\toks17
\sl@Message=\toks18
\sl@UnexpandedMessage=\toks19
\sl@Mess@ge=\toks20
\sl@WarningCount=\count286
\sl@WarningNumber=\count287
\sl@WarningCasualties=\count288
\sl@TempBOW=\toks21
\sl@BankOfWarnings=\toks22
LaTeX Info: Redefining \GenericWarning on input line 433.
\sl@ErrorCount=\count289
\sl@ErrorNumber=\count290
\sl@ErrorCasualties=\count291
\sl@TempBOE=\toks23
\sl@BankOfErrors=\toks24
LaTeX Info: Redefining \GenericError on input line 601.
)
(/usr/local/texlive/2026/texmf-dist/tex/latex/comment/comment.sty
\CommentStream=\write3

Excluding comment 'comment'))
(/usr/local/texlive/2026/texmf-dist/tex/latex/etoolbox/etoolbox.sty
Package: etoolbox 2025/10/02 v2.5m e-TeX tools for LaTeX (JAW)
\etb@tempcnta=\count292
)
(./lib/includes.tex
(/usr/local/texlive/2026/texmf-dist/tex/latex/pgf/utilities/pgffor.sty
(/usr/local/texlive/2026/texmf-dist/tex/latex/pgf/utilities/pgfrcs.sty
(/usr/local/texlive/2026/texmf-dist/tex/generic/pgf/utilities/pgfutil-common.te
x
\pgfutil@everybye=\toks25
\pgfutil@tempdima=\dimen150
\pgfutil@tempdimb=\dimen151
)
(/usr/local/texlive/2026/texmf-dist/tex/generic/pgf/utilities/pgfutil-latex.def
\pgfutil@abb=\box53
) (/usr/local/texlive/2026/texmf-dist/tex/generic/pgf/utilities/pgfrcs.code.tex
(/usr/local/texlive/2026/texmf-dist/tex/generic/pgf/pgf.revision.tex)
Package: pgfrcs 2026-08-01 v3.1.12 (3.1.12)
))
(/usr/local/texlive/2026/texmf-dist/tex/latex/pgf/utilities/pgfkeys.sty
(/usr/local/texlive/2026/texmf-dist/tex/generic/pgf/utilities/pgfkeys.code.tex
\pgfkeys@pathtoks=\toks26
\pgfkeys@temptoks=\toks27

(/usr/local/texlive/2026/texmf-dist/tex/generic/pgf/utilities/pgfkeyslibraryfil
tered.code.tex
\pgfkeys@tmptoks=\toks28
)))
(/usr/local/texlive/2026/texmf-dist/tex/latex/pgf/math/pgfmath.sty
(/usr/local/texlive/2026/texmf-dist/tex/generic/pgf/math/pgfmath.code.tex
(/usr/local/texlive/2026/texmf-dist/tex/generic/pgf/math/pgfmathutil.code.tex
\pgf@x=\dimen152
\pgf@xa=\dimen153
\pgf@xb=\dimen154
\pgf@xc=\dimen155
\pgf@y=\dimen156
\pgf@ya=\dimen157
\pgf@yb=\dimen158
\pgf@yc=\dimen159
\c@pgf@counta=\count293
\c@pgf@countb=\count294
\c@pgf@countc=\count295
\c@pgf@countd=\count296
)
(/usr/local/texlive/2026/texmf-dist/tex/generic/pgf/math/pgfmathparser.code.tex
\pgfmath@dimen=\dimen160
\pgfmath@count=\count297
\pgfmath@box=\box54
\pgfmath@toks=\toks29
\pgfmath@stack@operand=\toks30
\pgfmath@stack@operation=\toks31
)
(/usr/local/texlive/2026/texmf-dist/tex/generic/pgf/math/pgfmathfunctions.code.
tex)
(/usr/local/texlive/2026/texmf-dist/tex/generic/pgf/math/pgfmathfunctions.basic
.code.tex)
(/usr/local/texlive/2026/texmf-dist/tex/generic/pgf/math/pgfmathfunctions.trigo
nometric.code.tex)
(/usr/local/texlive/2026/texmf-dist/tex/generic/pgf/math/pgfmathfunctions.rando
m.code.tex)
(/usr/local/texlive/2026/texmf-dist/tex/generic/pgf/math/pgfmathfunctions.compa
rison.code.tex)
(/usr/local/texlive/2026/texmf-dist/tex/generic/pgf/math/pgfmathfunctions.base.
code.tex)
(/usr/local/texlive/2026/texmf-dist/tex/generic/pgf/math/pgfmathfunctions.round
.code.tex)
(/usr/local/texlive/2026/texmf-dist/tex/generic/pgf/math/pgfmathfunctions.misc.
code.tex)
(/usr/local/texlive/2026/texmf-dist/tex/generic/pgf/math/pgfmathfunctions.integ
erarithmetics.code.tex)
(/usr/local/texlive/2026/texmf-dist/tex/generic/pgf/math/pgfmathcalc.code.tex)
(/usr/local/texlive/2026/texmf-dist/tex/generic/pgf/math/pgfmathfloat.code.tex
\c@pgfmathroundto@lastzeros=\count298
)))
(/usr/local/texlive/2026/texmf-dist/tex/generic/pgf/utilities/pgffor.code.tex
Package: pgffor 2026-08-01 v3.1.12 (3.1.12)
\pgffor@iter=\dimen161
\pgffor@skip=\dimen162
\pgffor@stack=\toks32
\pgffor@toks=\toks33
)) (/usr/local/texlive/2026/texmf-dist/tex/latex/xurl/xurl.sty
Package: xurl 2022/01/09 v 0.10 modify URL breaks

(/usr/local/texlive/2026/texmf-dist/tex/latex/url/url.sty
\Urlmuskip=\muskip17
Package: url 2013/09/16  ver 3.4  Verb mode for urls, etc.
))
(/usr/local/texlive/2026/texmf-dist/tex/latex/xcolor/xcolor.sty
Package: xcolor 2024/09/29 v3.02 LaTeX color extensions (UK)

(/usr/local/texlive/2026/texmf-dist/tex/latex/graphics-cfg/color.cfg
File: color.cfg 2016/01/02 v1.6 sample color configuration
)
Package xcolor Info: Driver file: luatex.def on input line 274.

(/usr/local/texlive/2026/texmf-dist/tex/latex/graphics-def/luatex.def
File: luatex.def 2025/09/29 v1.2f Graphics/color driver for luatex
)
(/usr/local/texlive/2026/texmf-dist/tex/latex/graphics/mathcolor.ltx)
Package xcolor Info: Model `cmy' substituted by `cmy0' on input line 1349.
Package xcolor Info: Model `hsb' substituted by `rgb' on input line 1353.
Package xcolor Info: Model `RGB' extended on input line 1365.
Package xcolor Info: Model `HTML' substituted by `rgb' on input line 1367.
Package xcolor Info: Model `Hsb' substituted by `hsb' on input line 1368.
Package xcolor Info: Model `tHsb' substituted by `hsb' on input line 1369.
Package xcolor Info: Model `HSB' substituted by `hsb' on input line 1370.
Package xcolor Info: Model `Gray' substituted by `gray' on input line 1371.
Package xcolor Info: Model `wave' substituted by `hsb' on input line 1372.
)
(/usr/local/texlive/2026/texmf-dist/tex/latex/graphics/dvipsnam.def
File: dvipsnam.def 2026-05-17 v3.0m Driver-dependent file (DPC,SPQR)
)
(/usr/local/texlive/2026/texmf-dist/tex/latex/xcolor/svgnam.def
File: svgnam.def 2024/09/29 v3.02 Predefined colors according to SVG 1.1 (UK)
)
(/usr/local/texlive/2026/texmf-dist/tex/latex/colortbl/colortbl.sty
Package: colortbl 2026/05/01 v1.0l Color table columns (DPC)

(/usr/local/texlive/2026/texmf-dist/tex/latex/tools/array.sty
Package: array 2026/02/24 v2.7b Tabular extension package (FMi)
\col@sep=\dimen163
\ar@mcellbox=\box55
\extrarowheight=\dimen164
\NC@list=\toks34
\extratabsurround=\skip51
\backup@length=\skip52
\ar@cellbox=\box56
)
new hooks used!!
\minrowclearance=\skip53
\rownum=\count299
) (/usr/local/texlive/2026/texmf-dist/tex/latex/luacolor/luacolor.sty
Package: luacolor 2026-08-26 v1.19 Color support via LuaTeX's attributes (HO)
Inserting `luacolor.process' in `pre_shipout_filter'.
\LuaCol@Attribute=\attribute4

(/usr/local/texlive/2026/texmf-dist/tex/latex/l3kernel/l3backend-luatex.def
File: l3backend-luatex.def 2026-09-09 L3 backend support: PDF output (LuaTeX)
\l__color_backend_stack_int=\count300
Inserting `l3color' in `luaotfload.parse_color'.))
(/usr/local/texlive/2026/texmf-dist/tex/generic/ulem/ulem.sty
\UL@box=\box57
\UL@hyphenbox=\box58
\UL@skip=\skip54
\UL@hook=\toks35
\UL@height=\dimen165
\UL@pe=\count301
\UL@pixel=\dimen166
\ULC@box=\box59
Package: ulem 2019/11/18
\ULdepth=\dimen167
)
(/usr/local/texlive/2026/texmf-dist/tex/latex/tools/xspace.sty
Package: xspace 2014/10/28 v1.13 Space after command names (DPC,MH)
)
(/usr/local/texlive/2026/texmf-dist/tex/latex/braket/braket.sty)
(/usr/local/texlive/2026/texmf-dist/tex/latex/siunitx/siunitx.sty
Package: siunitx 2026-09-28 v3.6.3 A comprehensive (SI) units package
\l__siunitx_number_uncert_offset_int=\count302
\l__siunitx_number_exponent_fixed_int=\count303
\l__siunitx_number_min_decimal_int=\count304
\l__siunitx_number_min_integer_int=\count305
\l__siunitx_number_round_precision_int=\count306
\l__siunitx_number_lower_threshold_int=\count307
\l__siunitx_number_upper_threshold_int=\count308
\l__siunitx_number_group_first_int=\count309
\l__siunitx_number_group_size_int=\count310
\l__siunitx_number_group_min_int=\count311
\l__siunitx_number_group_minimum_int=\count312
\l__siunitx_compound_count_int=\count313

(/usr/local/texlive/2026/texmf-dist/tex/latex/translations/translations.sty
Package: translations 2022/02/05 v1.12 internationalization of LaTeX2e packages
 (CN)

(/usr/local/texlive/2026/texmf-dist/tex/generic/pdftexcmds/pdftexcmds.sty
Package: pdftexcmds 2020-06-27 v0.33 Utility functions of pdfTeX for LuaTeX (HO
)

(/usr/local/texlive/2026/texmf-dist/tex/generic/infwarerr/infwarerr.sty
Package: infwarerr 2019/12/03 v1.5 Providing info/warning/error messages (HO)
)
(/usr/local/texlive/2026/texmf-dist/tex/generic/ltxcmds/ltxcmds.sty
Package: ltxcmds 2023-12-04 v1.26 LaTeX kernel commands for general use (HO)
)
Package pdftexcmds Info: \pdf@primitive is available.
Package pdftexcmds Info: \pdf@ifprimitive is available.
Package pdftexcmds Info: \pdfdraftmode found.
\pdftexcmds@toks=\toks36
))
Include code introduced on 2026-09-12
(/usr/local/texlive/2026/texmf-dist/tex/latex/amsmath/amstext.sty
Package: amstext 2024/11/17 v2.01 AMS text

(/usr/local/texlive/2026/texmf-dist/tex/latex/amsmath/amsgen.sty
File: amsgen.sty 1999/11/30 v2.0 generic functions
\@emptytoks=\toks37
\ex@=\dimen168
))
\l__siunitx_table_tmp_box=\box60
\l__siunitx_table_tmp_dim=\dimen169
\l__siunitx_table_column_width_dim=\dimen170
\l__siunitx_table_integer_box=\box61
\l__siunitx_table_decimal_box=\box62
\l__siunitx_table_uncert_box=\box63
\l__siunitx_table_before_box=\box64
\l__siunitx_table_after_box=\box65
\l__siunitx_table_before_dim=\dimen171
\l__siunitx_table_carry_dim=\dimen172
\l__siunitx_unit_tmp_int=\count314
\l__siunitx_unit_position_int=\count315
\l__siunitx_unit_total_int=\count316
\l__siunitx_sexagesimal_tmp_dim=\dimen173
\l__siunitx_sexagesimal_marker_box=\box66
\l__siunitx_sexagesimal_unit_box=\box67

Package siunitx Info: Option "locale = US" has been deprecated in this
(siunitx)             release.
(siunitx)             
(siunitx)             Use "exponent-product=\times
(siunitx)             ,inter-unit-product=\,,output-decimal-marker=." as a
(siunitx)             replacement.

)
(/usr/local/texlive/2026/texmf-dist/tex/latex/preprint/balance.sty
Package: balance 1999/02/23 4.3 (PWD)
\oldvsize=\dimen174
)
(/usr/local/texlive/2026/texmf-dist/tex/latex/stmaryrd/stmaryrd.sty
Package: stmaryrd 1994/03/03 St Mary's Road symbol package
\symstmry=\mathgroup4
LaTeX Font Info:    Overwriting symbol font `stmry' in version `bold'
(Font)                  U/stmry/m/n --> U/stmry/b/n on input line 89.
)
(/usr/local/texlive/2026/texmf-dist/tex/latex/booktabs/booktabs.sty
Package: booktabs 2020/01/12 v1.61803398 Publication quality tables
\heavyrulewidth=\dimen175
\lightrulewidth=\dimen176
\cmidrulewidth=\dimen177
\belowrulesep=\dimen178
\belowbottomsep=\dimen179
\aboverulesep=\dimen180
\abovetopsep=\dimen181
\cmidrulesep=\dimen182
\cmidrulekern=\dimen183
\defaultaddspace=\dimen184
\@cmidla=\count317
\@cmidlb=\count318
\@aboverulesep=\dimen185
\@belowrulesep=\dimen186
\@thisruleclass=\count319
\@lastruleclass=\count320
\@thisrulewidth=\dimen187
)
(/usr/local/texlive/2026/texmf-dist/tex/latex/graphics/graphicx.sty
Package: graphicx 2026-05-17 v1.2e Enhanced LaTeX Graphics (DPC,SPQR)

(/usr/local/texlive/2026/texmf-dist/tex/latex/graphics/keyval.sty
Package: keyval 2026-05-17 v1.15 key=value parser (DPC)
\KV@toks@=\toks38
)
(/usr/local/texlive/2026/texmf-dist/tex/latex/graphics/graphics.sty
Package: graphics 2026-05-17 v1.4h Standard LaTeX Graphics (DPC,SPQR)

(/usr/local/texlive/2026/texmf-dist/tex/latex/graphics/trig.sty
Package: trig 2023/12/02 v1.11 sin cos tan (DPC)
)
(/usr/local/texlive/2026/texmf-dist/tex/latex/graphics-cfg/graphics.cfg
File: graphics.cfg 2016/06/04 v1.11 sample graphics configuration
)
Package graphics Info: Driver file: luatex.def on input line 106.
)
\Gin@req@height=\dimen188
\Gin@req@width=\dimen189
)
(/usr/local/texlive/2026/texmf-dist/tex/latex/multirow/multirow.sty
Package: multirow 2024/11/12 v2.9 Span multiple rows of a table
\multirow@colwidth=\skip55
\multirow@cntb=\count321
\multirow@dima=\skip56
\bigstrutjot=\dimen190
)
(/usr/local/texlive/2026/texmf-dist/tex/latex/tools/tabularx.sty
Package: tabularx 2023/12/11 v2.12a `tabularx' package (DPC)
\TX@col@width=\dimen191
\TX@old@table=\dimen192
\TX@old@col=\dimen193
\TX@target=\dimen194
\TX@delta=\dimen195
\TX@cols=\count322
\TX@ftn=\toks39
)
(/usr/local/texlive/2026/texmf-dist/tex/latex/mathtools/mathtools.sty
Package: mathtools 2024/10/04 v1.31 mathematical typesetting tools

(/usr/local/texlive/2026/texmf-dist/tex/latex/tools/calc.sty
Package: calc 2025/03/01 v4.3b Infix arithmetic (KKT,FJ)
\calc@Acount=\count323
\calc@Bcount=\count324
\calc@Adimen=\dimen196
\calc@Bdimen=\dimen197
\calc@Askip=\skip57
\calc@Bskip=\skip58
LaTeX Info: Redefining \setlength on input line 86.
LaTeX Info: Redefining \addtolength on input line 87.
\calc@Ccount=\count325
\calc@Cskip=\skip59
)
(/usr/local/texlive/2026/texmf-dist/tex/latex/mathtools/mhsetup.sty
Package: mhsetup 2021/03/18 v1.4 programming setup (MH)
)
(/usr/local/texlive/2026/texmf-dist/tex/latex/amsmath/amsmath.sty
Package: amsmath 2026/05/19 v2.18d AMS math features
\@mathmargin=\skip60

For additional information on amsmath, use the `?' option.
(/usr/local/texlive/2026/texmf-dist/tex/latex/amsmath/amsbsy.sty
Package: amsbsy 1999/11/29 v1.2d Bold Symbols
\pmbraise@=\dimen198
)
(/usr/local/texlive/2026/texmf-dist/tex/latex/amsmath/amsopn.sty
Package: amsopn 2022/04/08 v2.04 operator names
)
\inf@bad=\count326
LaTeX Info: Redefining \frac on input line 235.
\uproot@=\count327
\leftroot@=\count328
LaTeX Info: Redefining \overline on input line 398.
LaTeX Info: Redefining \colon on input line 409.
\classnum@=\count329
\DOTSCASE@=\count330
LaTeX Info: Redefining \ldots on input line 495.
LaTeX Info: Redefining \dots on input line 498.
LaTeX Info: Redefining \cdots on input line 619.
\Mathstrutbox@=\box68
\strutbox@=\box69
LaTeX Info: Redefining \big on input line 721.
LaTeX Info: Redefining \Big on input line 722.
LaTeX Info: Redefining \bigg on input line 723.
LaTeX Info: Redefining \Bigg on input line 724.
\big@size=\dimen199
LaTeX Font Info:    Redeclaring font encoding OML on input line 742.
LaTeX Font Info:    Redeclaring font encoding OMS on input line 743.
\macc@depth=\count331
LaTeX Info: Redefining \bmod on input line 904.
LaTeX Info: Redefining \pmod on input line 909.
LaTeX Info: Redefining \smash on input line 939.
LaTeX Info: Redefining \relbar on input line 969.
LaTeX Info: Redefining \Relbar on input line 970.
\c@MaxMatrixCols=\count332
\dotsspace@=\muskip18
\c@parentequation=\count333
\dspbrk@lvl=\count334
\tag@help=\toks40
\row@=\count335
\column@=\count336
\maxfields@=\count337
\andhelp@=\toks41
\eqnshift@=\dimen256
\alignsep@=\dimen257
\tagshift@=\dimen258
\tagwidth@=\dimen259
\totwidth@=\dimen260
\lineht@=\dimen261
\@envbody=\toks42
\multlinegap=\skip61
\multlinetaggap=\skip62
\mathdisplay@stack=\toks43
LaTeX Info: Redefining \[ on input line 2965.
LaTeX Info: Redefining \] on input line 2966.
)
\g_MT_multlinerow_int=\count338
\l_MT_multwidth_dim=\dimen262
\origjot=\skip63
\l_MT_shortvdotswithinadjustabove_dim=\dimen263
\l_MT_shortvdotswithinadjustbelow_dim=\dimen264
\l_MT_above_intertext_sep=\dimen265
\l_MT_below_intertext_sep=\dimen266
\l_MT_above_shortintertext_sep=\dimen267
\l_MT_below_shortintertext_sep=\dimen268
\xmathstrut@box=\box70
\xmathstrut@dim=\dimen269
)
(/usr/local/texlive/2026/texmf-dist/tex/latex/algorithms/algorithm.sty
Package: algorithm 2009/08/24 v0.1 Document Style `algorithm' - floating enviro
nment

(/usr/local/texlive/2026/texmf-dist/tex/latex/float/float.sty
Package: float 2001/11/08 v1.3d Float enhancements (AL)
\c@float@type=\count339
\float@exts=\toks44
\float@box=\box71
\@float@everytoks=\toks45
\@floatcapt=\box72
)
(/usr/local/texlive/2026/texmf-dist/tex/latex/base/ifthen.sty
Package: ifthen 2024/03/16 v1.1e Standard LaTeX ifthen package (DPC)
)
\@float@every@algorithm=\toks46
\c@algorithm=\count340
)
(/usr/local/texlive/2026/texmf-dist/tex/latex/algorithms/algorithmic.sty
Package: algorithmic 2009/08/24 v0.1 Document Style `algorithmic'
\c@ALC@unique=\count341
\c@ALC@line=\count342
\c@ALC@rem=\count343
\c@ALC@depth=\count344
\ALC@tlm=\skip64
\algorithmicindent=\skip65
)
(/usr/local/texlive/2026/texmf-dist/tex/latex/caption/subcaption.sty
Package: subcaption 2023/07/28 v1.6b Sub-captions (AR)

(/usr/local/texlive/2026/texmf-dist/tex/latex/caption/caption.sty
Package: caption 2023/08/05 v3.6o Customizing captions (AR)

(/usr/local/texlive/2026/texmf-dist/tex/latex/caption/caption3.sty
Package: caption3 2023/07/31 v2.4d caption3 kernel (AR)
\caption@tempdima=\dimen270
\captionmargin=\dimen271
\caption@leftmargin=\dimen272
\caption@rightmargin=\dimen273
\caption@width=\dimen274
\caption@indent=\dimen275
\caption@parindent=\dimen276
\caption@hangindent=\dimen277
Package caption Info: Standard document class detected.
)
\c@caption@flags=\count345
\c@continuedfloat=\count346
Package caption Info: float package is loaded.
)
Package caption Info: New subtype `subfigure' on input line 238.
\c@subfigure=\count347
Package caption Info: New subtype `subtable' on input line 238.
\c@subtable=\count348
)
(/usr/local/texlive/2026/texmf-dist/tex/latex/optidef/optidef.sty
Package: optidef 2019/04/23 - version=3.1, Package for defining optimization pr
oblems

(/usr/local/texlive/2026/texmf-dist/tex/latex/environ/environ.sty
Package: environ 2014/05/04 v0.3 A new way to define environments

(/usr/local/texlive/2026/texmf-dist/tex/latex/trimspaces/trimspaces.sty
Package: trimspaces 2009/09/17 v1.1 Trim spaces around a token list
))
(/usr/local/texlive/2026/texmf-dist/tex/latex/xifthen/xifthen.sty
Package: xifthen 2015/11/05 v1.4.0 Extended ifthen features

(/usr/local/texlive/2026/texmf-dist/tex/latex/ifmtarg/ifmtarg.sty
Package: ifmtarg 2018/04/16 v1.2b check for an empty argument
))
(/usr/local/texlive/2026/texmf-dist/tex/latex/l3packages/xparse/xparse.sty
(/usr/local/texlive/2026/texmf-dist/tex/latex/l3kernel/expl3.sty
Package: expl3 2026-09-09 L3 programming layer (loader) 
)
Package: xparse 2025-10-09 L3 Experimental document command parser
)
\widthInit=\skip66
)
(/usr/local/texlive/2026/texmf-dist/tex/latex/psnfss/pifont.sty
Package: pifont 2020/03/25 PSNFSS-v9.3 Pi font support (SPQR) 
LaTeX Font Info:    Trying to load font information for U+pzd on input line 63.


(/usr/local/texlive/2026/texmf-dist/tex/latex/psnfss/upzd.fd
File: upzd.fd 2001/06/04 font definitions for U/pzd.
)
LaTeX Font Info:    Trying to load font information for U+psy on input line 64.


(/usr/local/texlive/2026/texmf-dist/tex/latex/psnfss/upsy.fd
File: upsy.fd 2001/06/04 font definitions for U/psy.
))
(/usr/local/texlive/2026/texmf-dist/tex/latex/graphics/rotating.sty
Package: rotating 2026-05-17 v2.16e rotated objects in LaTeX
\c@r@tfl@t=\count349
\rotFPtop=\skip67
\rotFPbot=\skip68
\rot@float@box=\box73
\rot@mess@toks=\toks47
)
(/usr/local/texlive/2026/texmf-dist/tex/latex/mdwtools/mdwlist.sty
Package: mdwlist 1996/05/02 1.1 Various list-related things
)
(/usr/local/texlive/2026/texmf-dist/tex/latex/setspace/setspace.sty
Package: setspace 2022/12/04 v6.7b set line spacing
)
(/usr/local/texlive/2026/texmf-dist/tex/latex/enumitem/enumitem.sty
Package: enumitem 2025/02/06 v3.11 Customized lists
\labelindent=\skip69
\enit@outerparindent=\dimen278
\enit@toks=\toks48
\enit@inbox=\box74
\enit@count@id=\count350
\enitdp@description=\count351
)
(/usr/local/texlive/2026/texmf-dist/tex/latex/listings/listings.sty
\lst@mode=\count352
\lst@gtempboxa=\box75
\lst@token=\toks49
\lst@length=\count353
\lst@currlwidth=\dimen279
\lst@column=\count354
\lst@pos=\count355
\lst@lostspace=\dimen280
\lst@width=\dimen281
\lst@newlines=\count356
\lst@lineno=\count357
\lst@maxwidth=\dimen282

(/usr/local/texlive/2026/texmf-dist/tex/latex/listings/lstpatch.sty
File: lstpatch.sty 2025/11/14 1.11b (Carsten Heinz)
)
(/usr/local/texlive/2026/texmf-dist/tex/latex/listings/lstmisc.sty
File: lstmisc.sty 2025/11/14 1.11b (Carsten Heinz)
\c@lstnumber=\count358
\lst@skipnumbers=\count359
\lst@framebox=\box76
)
(/usr/local/texlive/2026/texmf-dist/tex/latex/listings/listings.cfg
File: listings.cfg 2025/11/14 1.11b listings configuration
))
Package: listings 2025/11/14 1.11b (Carsten Heinz)

(/usr/local/texlive/2026/texmf-dist/tex/latex/bytefield/bytefield.sty
Package: bytefield 2025/01/25 v2.9 Network protocol diagrams
\bytefield@height=\skip70
\bytefield@height@increment=\skip71
\entire@bytefield@picture=\box77
\bf@bitwidth=\skip72
\bf@bitheight=\skip73
\units@wide=\skip74
\units@tall=\skip75
\units@high=\skip76
\header@xpos=\skip77
\c@header@val=\count360
\c@max@header@val=\count361
\curly@box=\box78
\wordlabelr@start=\skip78
\wordlabelr@end=\skip79
\wordlabell@start=\skip80
\wordlabell@end=\skip81
\total@lbox@width=\skip82
\label@box@width=\skip83
\label@box@height=\skip84
\word@label@box=\box79
)
(/usr/local/texlive/2026/texmf-dist/tex/latex/todonotes/todonotes.sty
Package: todonotes 2024/01/05 v1.1.7 Todonotes source and documentation.
Package: todonotes 2024/01/05

(/usr/local/texlive/2026/texmf-dist/tex/latex/xkeyval/xkeyval.sty
Package: xkeyval 2025/11/04 v2.10 package option processing (HA)

(/usr/local/texlive/2026/texmf-dist/tex/generic/xkeyval/xkeyval.tex
(/usr/local/texlive/2026/texmf-dist/tex/generic/xkeyval/xkvutils.tex
\XKV@toks=\toks50
\XKV@tempa@toks=\toks51
\XKV@tempb@toks=\toks52
)
\XKV@depth=\count362
File: xkeyval.tex 2014/12/03 v2.7a key=value parser (HA)
))
(/usr/local/texlive/2026/texmf-dist/tex/latex/pgf/frontendlayer/tikz.sty
(/usr/local/texlive/2026/texmf-dist/tex/latex/pgf/basiclayer/pgf.sty
Package: pgf 2026-08-01 v3.1.12 (3.1.12)

(/usr/local/texlive/2026/texmf-dist/tex/latex/pgf/basiclayer/pgfcore.sty
(/usr/local/texlive/2026/texmf-dist/tex/latex/pgf/systemlayer/pgfsys.sty
(/usr/local/texlive/2026/texmf-dist/tex/generic/pgf/systemlayer/pgfsys.code.tex
Package: pgfsys 2026-08-01 v3.1.12 (3.1.12)
\pgf@x=\dimen283
\pgf@y=\dimen284
\pgf@xa=\dimen285
\pgf@ya=\dimen286
\pgf@xb=\dimen287
\pgf@yb=\dimen288
\pgf@xc=\dimen289
\pgf@yc=\dimen290
\pgf@xd=\dimen291
\pgf@yd=\dimen292
\w@pgf@writea=\write4
\r@pgf@reada=\read2
\c@pgf@counta=\count363
\c@pgf@countb=\count364
\c@pgf@countc=\count365
\c@pgf@countd=\count366
\t@pgf@toka=\toks53
\t@pgf@tokb=\toks54
\t@pgf@tokc=\toks55
\pgf@sys@id@count=\count367
Lua function pgfsys@strcmp = 31 (/usr/local/texlive/2026/texmf-dist/tex/generic
/pgf/systemlayer/pgf.cfg
File: pgf.cfg 2026-08-01 v3.1.12 (3.1.12)
)
Driver file for pgf: pgfsys-luatex.def

(/usr/local/texlive/2026/texmf-dist/tex/generic/pgf/systemlayer/pgfsys-luatex.d
ef
File: pgfsys-luatex.def 2026-08-01 v3.1.12 (3.1.12)

(/usr/local/texlive/2026/texmf-dist/tex/generic/pgf/systemlayer/pgfsys-common-p
df.def
File: pgfsys-common-pdf.def 2026-08-01 v3.1.12 (3.1.12)
)))
(/usr/local/texlive/2026/texmf-dist/tex/generic/pgf/systemlayer/pgfsyssoftpath.
code.tex
File: pgfsyssoftpath.code.tex 2026-08-01 v3.1.12 (3.1.12)
\pgfsyssoftpath@smallbuffer@items=\count368
\pgfsyssoftpath@bigbuffer@items=\count369
)
(/usr/local/texlive/2026/texmf-dist/tex/generic/pgf/systemlayer/pgfsysprotocol.
code.tex
File: pgfsysprotocol.code.tex 2026-08-01 v3.1.12 (3.1.12)
))
(/usr/local/texlive/2026/texmf-dist/tex/generic/pgf/basiclayer/pgfcore.code.tex
Package: pgfcore 2026-08-01 v3.1.12 (3.1.12)
(/usr/local/texlive/2026/texmf-dist/tex/generic/pgf/math/pgfint.code.tex)
(/usr/local/texlive/2026/texmf-dist/tex/generic/pgf/basiclayer/pgfcorepoints.co
de.tex
File: pgfcorepoints.code.tex 2026-08-01 v3.1.12 (3.1.12)
\pgf@picminx=\dimen293
\pgf@picmaxx=\dimen294
\pgf@picminy=\dimen295
\pgf@picmaxy=\dimen296
\pgf@pathminx=\dimen297
\pgf@pathmaxx=\dimen298
\pgf@pathminy=\dimen299
\pgf@pathmaxy=\dimen300
\pgf@xx=\dimen301
\pgf@xy=\dimen302
\pgf@yx=\dimen303
\pgf@yy=\dimen304
\pgf@zx=\dimen305
\pgf@zy=\dimen306
)
(/usr/local/texlive/2026/texmf-dist/tex/generic/pgf/basiclayer/pgfcorepathconst
ruct.code.tex
File: pgfcorepathconstruct.code.tex 2026-08-01 v3.1.12 (3.1.12)
\pgf@path@lastx=\dimen307
\pgf@path@lasty=\dimen308
)
(/usr/local/texlive/2026/texmf-dist/tex/generic/pgf/basiclayer/pgfcorepathusage
.code.tex
File: pgfcorepathusage.code.tex 2026-08-01 v3.1.12 (3.1.12)
\pgf@shorten@end@additional=\dimen309
\pgf@shorten@start@additional=\dimen310
)
(/usr/local/texlive/2026/texmf-dist/tex/generic/pgf/basiclayer/pgfcorescopes.co
de.tex
File: pgfcorescopes.code.tex 2026-08-01 v3.1.12 (3.1.12)
\pgfpic=\box80
\pgf@hbox=\box81
\pgf@layerbox@main=\box82
\pgf@picture@serial@count=\count370
)
(/usr/local/texlive/2026/texmf-dist/tex/generic/pgf/basiclayer/pgfcoregraphicst
ate.code.tex
File: pgfcoregraphicstate.code.tex 2026-08-01 v3.1.12 (3.1.12)
\pgflinewidth=\dimen311
)
(/usr/local/texlive/2026/texmf-dist/tex/generic/pgf/basiclayer/pgfcoretransform
ations.code.tex
File: pgfcoretransformations.code.tex 2026-08-01 v3.1.12 (3.1.12)
\pgf@pt@x=\dimen312
\pgf@pt@y=\dimen313
\pgf@pt@temp=\dimen314
)
(/usr/local/texlive/2026/texmf-dist/tex/generic/pgf/basiclayer/pgfcorequick.cod
e.tex
File: pgfcorequick.code.tex 2026-08-01 v3.1.12 (3.1.12)
)
(/usr/local/texlive/2026/texmf-dist/tex/generic/pgf/basiclayer/pgfcoreobjects.c
ode.tex
File: pgfcoreobjects.code.tex 2026-08-01 v3.1.12 (3.1.12)
)
(/usr/local/texlive/2026/texmf-dist/tex/generic/pgf/basiclayer/pgfcorepathproce
ssing.code.tex
File: pgfcorepathprocessing.code.tex 2026-08-01 v3.1.12 (3.1.12)
)
(/usr/local/texlive/2026/texmf-dist/tex/generic/pgf/basiclayer/pgfcorearrows.co
de.tex
File: pgfcorearrows.code.tex 2026-08-01 v3.1.12 (3.1.12)
\pgfarrowsep=\dimen315
)
(/usr/local/texlive/2026/texmf-dist/tex/generic/pgf/basiclayer/pgfcoreshade.cod
e.tex
File: pgfcoreshade.code.tex 2026-08-01 v3.1.12 (3.1.12)
\pgf@max=\dimen316
\pgf@sys@shading@range@num=\count371
\pgf@shadingcount=\count372
)
(/usr/local/texlive/2026/texmf-dist/tex/generic/pgf/basiclayer/pgfcoreimage.cod
e.tex
File: pgfcoreimage.code.tex 2026-08-01 v3.1.12 (3.1.12)
)
(/usr/local/texlive/2026/texmf-dist/tex/generic/pgf/basiclayer/pgfcoreexternal.
code.tex
File: pgfcoreexternal.code.tex 2026-08-01 v3.1.12 (3.1.12)
\pgfexternal@startupbox=\box83
)
(/usr/local/texlive/2026/texmf-dist/tex/generic/pgf/basiclayer/pgfcorelayers.co
de.tex
File: pgfcorelayers.code.tex 2026-08-01 v3.1.12 (3.1.12)
)
(/usr/local/texlive/2026/texmf-dist/tex/generic/pgf/basiclayer/pgfcoretranspare
ncy.code.tex
File: pgfcoretransparency.code.tex 2026-08-01 v3.1.12 (3.1.12)
)
(/usr/local/texlive/2026/texmf-dist/tex/generic/pgf/basiclayer/pgfcorepatterns.
code.tex
File: pgfcorepatterns.code.tex 2026-08-01 v3.1.12 (3.1.12)
)
(/usr/local/texlive/2026/texmf-dist/tex/generic/pgf/basiclayer/pgfcorerdf.code.
tex
File: pgfcorerdf.code.tex 2026-08-01 v3.1.12 (3.1.12)
)))
(/usr/local/texlive/2026/texmf-dist/tex/generic/pgf/modules/pgfmoduleshapes.cod
e.tex
File: pgfmoduleshapes.code.tex 2026-08-01 v3.1.12 (3.1.12)
\pgfnodeparttextbox=\box84
)
(/usr/local/texlive/2026/texmf-dist/tex/generic/pgf/modules/pgfmoduleplot.code.
tex
File: pgfmoduleplot.code.tex 2026-08-01 v3.1.12 (3.1.12)
)
(/usr/local/texlive/2026/texmf-dist/tex/latex/pgf/compatibility/pgfcomp-version
-0-65.sty
Package: pgfcomp-version-0-65 2026-08-01 v3.1.12 (3.1.12)
\pgf@nodesepstart=\dimen317
\pgf@nodesepend=\dimen318
)
(/usr/local/texlive/2026/texmf-dist/tex/latex/pgf/compatibility/pgfcomp-version
-1-18.sty
Package: pgfcomp-version-1-18 2026-08-01 v3.1.12 (3.1.12)
))
(/usr/local/texlive/2026/texmf-dist/tex/generic/pgf/frontendlayer/tikz/tikz.cod
e.tex
Package: tikz 2026-08-01 v3.1.12 (3.1.12)

(/usr/local/texlive/2026/texmf-dist/tex/generic/pgf/libraries/pgflibraryplothan
dlers.code.tex
File: pgflibraryplothandlers.code.tex 2026-08-01 v3.1.12 (3.1.12)
\pgf@plot@mark@count=\count373
\pgfplotmarksize=\dimen319
)
\tikz@lastx=\dimen320
\tikz@lasty=\dimen321
\tikz@lastxsaved=\dimen322
\tikz@lastysaved=\dimen323
\tikz@lastmovetox=\dimen324
\tikz@lastmovetoy=\dimen325
\tikzleveldistance=\dimen326
\tikzsiblingdistance=\dimen327
\tikz@figbox=\box85
\tikz@figbox@bg=\box86
\tikz@tempbox=\box87
\tikz@tempbox@bg=\box88
\tikztreelevel=\count374
\tikznumberofchildren=\count375
\tikznumberofcurrentchild=\count376
\tikz@fig@count=\count377

(/usr/local/texlive/2026/texmf-dist/tex/generic/pgf/modules/pgfmodulematrix.cod
e.tex
File: pgfmodulematrix.code.tex 2026-08-01 v3.1.12 (3.1.12)
\pgfmatrixcurrentrow=\count378
\pgfmatrixcurrentcolumn=\count379
\pgf@matrix@numberofcolumns=\count380
)
\tikz@expandcount=\count381

(/usr/local/texlive/2026/texmf-dist/tex/generic/pgf/frontendlayer/tikz/librarie
s/tikzlibrarytopaths.code.tex
File: tikzlibrarytopaths.code.tex 2026-08-01 v3.1.12 (3.1.12)
)))
(/usr/local/texlive/2026/texmf-dist/tex/generic/pgf/frontendlayer/tikz/librarie
s/tikzlibrarypositioning.code.tex
File: tikzlibrarypositioning.code.tex 2026-08-01 v3.1.12 (3.1.12)
)
\c@@todonotes@numberoftodonotes=\count382
)
(/usr/local/texlive/2026/texmf-dist/tex/latex/notoccite/notoccite.sty
Package: notoccite 2000/07/20
)
(/usr/local/texlive/2026/texmf-dist/tex/latex/bigfoot/perpage.sty
Package: perpage 2014/10/25 2.0 Reset/sort counters per page
\c@abspage=\count383
)
(/usr/local/texlive/2026/texmf-dist/tex/latex/footmisc/footmisc.sty
Package: footmisc 2025/05/09 v7.0b a miscellany of footnote facilities
\FN@temptoken=\toks56
\footnotemargin=\dimen328
\c@pp@a@footnote=\count384
Package footmisc Info: Declaring symbol style bringhurst on input line 549.
Package footmisc Info: Declaring symbol style chicago on input line 557.
Package footmisc Info: Declaring symbol style wiley on input line 566.
Package footmisc Info: Declaring symbol style lamport-robust on input line 577.

Package footmisc Info: Declaring symbol style lamport* on input line 597.
Package footmisc Info: Declaring symbol style lamport*-robust on input line 618
.
)
(/usr/local/texlive/2026/texmf-dist/tex/generic/pgf/frontendlayer/tikz/librarie
s/tikzlibraryarrows.code.tex
File: tikzlibraryarrows.code.tex 2026-08-01 v3.1.12 (3.1.12)

(/usr/local/texlive/2026/texmf-dist/tex/generic/pgf/libraries/pgflibraryarrows.
code.tex
File: pgflibraryarrows.code.tex 2026-08-01 v3.1.12 (3.1.12)
\arrowsize=\dimen329
))
(/usr/local/texlive/2026/texmf-dist/tex/generic/pgf/frontendlayer/tikz/librarie
s/tikzlibrarydecorations.pathmorphing.code.tex
(/usr/local/texlive/2026/texmf-dist/tex/generic/pgf/frontendlayer/tikz/librarie
s/tikzlibrarydecorations.code.tex
(/usr/local/texlive/2026/texmf-dist/tex/generic/pgf/modules/pgfmoduledecoration
s.code.tex
\pgfdecoratedcompleteddistance=\dimen330
\pgfdecoratedremainingdistance=\dimen331
\pgfdecoratedinputsegmentcompleteddistance=\dimen332
\pgfdecoratedinputsegmentremainingdistance=\dimen333
\pgf@decorate@distancetomove=\dimen334
\pgf@decorate@repeatstate=\count385
\pgfdecorationsegmentamplitude=\dimen335
\pgfdecorationsegmentlength=\dimen336
)
\tikz@lib@dec@box=\box89
)
(/usr/local/texlive/2026/texmf-dist/tex/generic/pgf/libraries/decorations/pgfli
brarydecorations.pathmorphing.code.tex))
(/usr/local/texlive/2026/texmf-dist/tex/generic/pgf/frontendlayer/tikz/librarie
s/tikzlibrarybackgrounds.code.tex
File: tikzlibrarybackgrounds.code.tex 2026-08-01 v3.1.12 (3.1.12)
\pgf@layerbox@background=\box90
\pgf@layerboxsaved@background=\box91
)
(/usr/local/texlive/2026/texmf-dist/tex/generic/pgf/frontendlayer/tikz/librarie
s/tikzlibraryfit.code.tex
File: tikzlibraryfit.code.tex 2026-08-01 v3.1.12 (3.1.12)
)
(/usr/local/texlive/2026/texmf-dist/tex/generic/pgf/frontendlayer/tikz/librarie
s/tikzlibrarydecorations.pathreplacing.code.tex
(/usr/local/texlive/2026/texmf-dist/tex/generic/pgf/libraries/decorations/pgfli
brarydecorations.pathreplacing.code.tex))
(/usr/local/texlive/2026/texmf-dist/tex/generic/pgf/frontendlayer/tikz/librarie
s/tikzlibrarycalc.code.tex
File: tikzlibrarycalc.code.tex 2026-08-01 v3.1.12 (3.1.12)
)
(/usr/local/texlive/2026/texmf-dist/tex/generic/pgf/frontendlayer/tikz/librarie
s/tikzlibraryshapes.code.tex
File: tikzlibraryshapes.code.tex 2026-08-01 v3.1.12 (3.1.12)

(/usr/local/texlive/2026/texmf-dist/tex/generic/pgf/frontendlayer/tikz/librarie
s/tikzlibraryshapes.geometric.code.tex
File: tikzlibraryshapes.geometric.code.tex 2026-08-01 v3.1.12 (3.1.12)

(/usr/local/texlive/2026/texmf-dist/tex/generic/pgf/libraries/shapes/pgflibrary
shapes.geometric.code.tex
File: pgflibraryshapes.geometric.code.tex 2026-08-01 v3.1.12 (3.1.12)
))
(/usr/local/texlive/2026/texmf-dist/tex/generic/pgf/frontendlayer/tikz/librarie
s/tikzlibraryshapes.misc.code.tex
File: tikzlibraryshapes.misc.code.tex 2026-08-01 v3.1.12 (3.1.12)

(/usr/local/texlive/2026/texmf-dist/tex/generic/pgf/libraries/shapes/pgflibrary
shapes.misc.code.tex
File: pgflibraryshapes.misc.code.tex 2026-08-01 v3.1.12 (3.1.12)
))
(/usr/local/texlive/2026/texmf-dist/tex/generic/pgf/frontendlayer/tikz/librarie
s/tikzlibraryshapes.symbols.code.tex
File: tikzlibraryshapes.symbols.code.tex 2026-08-01 v3.1.12 (3.1.12)

(/usr/local/texlive/2026/texmf-dist/tex/generic/pgf/libraries/shapes/pgflibrary
shapes.symbols.code.tex
File: pgflibraryshapes.symbols.code.tex 2026-08-01 v3.1.12 (3.1.12)
))
(/usr/local/texlive/2026/texmf-dist/tex/generic/pgf/frontendlayer/tikz/librarie
s/tikzlibraryshapes.arrows.code.tex
File: tikzlibraryshapes.arrows.code.tex 2026-08-01 v3.1.12 (3.1.12)

(/usr/local/texlive/2026/texmf-dist/tex/generic/pgf/libraries/shapes/pgflibrary
shapes.arrows.code.tex
File: pgflibraryshapes.arrows.code.tex 2026-08-01 v3.1.12 (3.1.12)
))
(/usr/local/texlive/2026/texmf-dist/tex/generic/pgf/frontendlayer/tikz/librarie
s/tikzlibraryshapes.callouts.code.tex
(/usr/local/texlive/2026/texmf-dist/tex/generic/pgf/libraries/shapes/pgflibrary
shapes.callouts.code.tex))
(/usr/local/texlive/2026/texmf-dist/tex/generic/pgf/frontendlayer/tikz/librarie
s/tikzlibraryshapes.multipart.code.tex
File: tikzlibraryshapes.multipart.code.tex 2026-08-01 v3.1.12 (3.1.12)

(/usr/local/texlive/2026/texmf-dist/tex/generic/pgf/libraries/shapes/pgflibrary
shapes.multipart.code.tex
File: pgflibraryshapes.multipart.code.tex 2026-08-01 v3.1.12 (3.1.12)
\pgfnodepartlowerbox=\box92
\pgfnodeparttwobox=\box93
\pgfnodepartthreebox=\box94
\pgfnodepartfourbox=\box95
\pgfnodeparttwentybox=\box96
\pgfnodepartnineteenbox=\box97
\pgfnodeparteighteenbox=\box98
\pgfnodepartseventeenbox=\box99
\pgfnodepartsixteenbox=\box100
\pgfnodepartfifteenbox=\box101
\pgfnodepartfourteenbox=\box102
\pgfnodepartthirteenbox=\box103
\pgfnodeparttwelvebox=\box104
\pgfnodepartelevenbox=\box105
\pgfnodeparttenbox=\box106
\pgfnodepartninebox=\box107
\pgfnodeparteightbox=\box108
\pgfnodepartsevenbox=\box109
\pgfnodepartsixbox=\box110
\pgfnodepartfivebox=\box111
)))
(/usr/local/texlive/2026/texmf-dist/tex/generic/pgf/frontendlayer/tikz/librarie
s/tikzlibrarypatterns.code.tex
File: tikzlibrarypatterns.code.tex 2026-08-01 v3.1.12 (3.1.12)

(/usr/local/texlive/2026/texmf-dist/tex/generic/pgf/libraries/pgflibrarypattern
s.code.tex
File: pgflibrarypatterns.code.tex 2026-08-01 v3.1.12 (3.1.12)
))
(/usr/local/texlive/2026/texmf-dist/tex/generic/pgf/libraries/pgflibraryarrows.
meta.code.tex
File: pgflibraryarrows.meta.code.tex 2026-08-01 v3.1.12 (3.1.12)
\pgfarrowinset=\dimen337
\pgfarrowlength=\dimen338
\pgfarrowwidth=\dimen339
\pgfarrowlinewidth=\dimen340
)
(/usr/local/texlive/2026/texmf-dist/tex/latex/pdfpages/pdfpages.sty
Package: pdfpages 2026/03/30 v0.6h Insert pages of external PDF documents (AM)

(/usr/local/texlive/2026/texmf-dist/tex/latex/eso-pic/eso-pic.sty
Package: eso-pic 2026/05/31 v3.0e eso-pic (RN)
\ESO@tempdima=\dimen341
\ESO@tempdimb=\dimen342
)
\AM@pagewidth=\dimen343
\AM@pageheight=\dimen344
\AM@fboxrule=\dimen345

(/usr/local/texlive/2026/texmf-dist/tex/latex/pdfpages/ppluatex.def
File: ppluatex.def 2026/03/30 v0.6h Pdfpages driver for LuaTeX (AM)
)
\pdfpages@includegraphics@status=\count386
\AM@pagebox=\box112
\AM@global@opts=\toks57
\AM@pagecnt=\count387
\AM@toc@title=\toks58
\AM@lof@heading=\toks59
\c@AM@survey=\count388
\AM@templatesizebox=\box113
)
(/usr/local/texlive/2026/texmf-dist/tex/latex/fvextra/fvextra.sty
Package: fvextra 2026/02/25 v1.14.0 fvextra - extensions and patches for fancyv
rb

(/usr/local/texlive/2026/texmf-dist/tex/latex/fancyvrb/fancyvrb.sty
Package: fancyvrb 2026/08/13 4.7 verbatim text (tvz,hv)
\FV@CodeLineNo=\count389
\FV@InFile=\read3
\FV@TabBox=\box114
\c@FancyVerbLine=\count390
\FV@StepNumber=\count391
\FV@OutFile=\write5
)
(/usr/local/texlive/2026/texmf-dist/tex/latex/upquote/upquote.sty
Package: upquote 2012/04/19 v1.3 upright-quote and grave-accent glyphs in verba
tim

(/usr/local/texlive/2026/texmf-dist/tex/latex/base/textcomp.sty
Package: textcomp 2024/04/24 v2.1b Standard LaTeX package
))
(/usr/local/texlive/2026/texmf-dist/tex/latex/lineno/lineno.sty
Package: lineno 2026/03/08 line numbers on paragraphs v5.9

(/usr/local/texlive/2026/texmf-dist/tex/latex/kvoptions/kvoptions.sty
Package: kvoptions 2022-06-15 v3.15 Key value format for package options (HO)

(/usr/local/texlive/2026/texmf-dist/tex/latex/kvsetkeys/kvsetkeys.sty
Package: kvsetkeys 2022-10-05 v1.19 Key value parser (HO)
))
\linenopenalty=\count392
\output=\toks60
\linenoprevgraf=\count393
\linenumbersep=\dimen346
\linenumberwidth=\dimen347
\c@linenumber=\count394
\c@pagewiselinenumber=\count395
\c@LN@truepage=\count396
\c@internallinenumber=\count397
\c@internallinenumbers=\count398
\quotelinenumbersep=\dimen348
\bframerule=\dimen349
\bframesep=\dimen350
\bframebox=\box115
\@LN@amsmath@ams@eqpen=\count399
)
\c@FancyVerbWriteLine=\count400
\c@FancyVerbBufferLine=\count401
\c@FV@TrueTabGroupLevel=\count402
\c@FV@TrueTabCounter=\count403
\FV@TabBox@Group=\box116
\FV@bgcolorstructbox=\box117
\FV@TmpLength=\skip85
\c@FV@HighlightLinesStart=\count404
\c@FV@HighlightLinesStop=\count405
\FV@LoopCount=\count406
\FV@NCharsBox=\box118
\FV@BreakIndent=\dimen351
\FV@BreakIndentNChars=\count407
\FV@BreakSymbolSepLeft=\dimen352
\FV@BreakSymbolSepLeftNChars=\count408
\FV@BreakSymbolSepRight=\dimen353
\FV@BreakSymbolSepRightNChars=\count409
\FV@BreakSymbolIndentLeft=\dimen354
\FV@BreakSymbolIndentLeftNChars=\count410
\FV@BreakSymbolIndentRight=\dimen355
\FV@BreakSymbolIndentRightNChars=\count411
\c@FancyVerbLineBreakLast=\count412
\FV@LineBox=\box119
\FV@LineIndentBox=\box120
\c@FV@BreakBufferDepth=\count413
\FV@LineWidth=\dimen356
)
(/usr/local/texlive/2026/texmf-dist/tex/latex/csquotes/csquotes.sty
Package: csquotes 2026-05-19 v5.2p context-sensitive quotations (JAW)
\csq@reset=\count414
\csq@gtype=\count415
\csq@glevel=\count416
\csq@qlevel=\count417
\csq@maxlvl=\count418
\csq@tshold=\count419
\csq@ltx@everypar=\toks61

(/usr/local/texlive/2026/texmf-dist/tex/latex/csquotes/csquotes.def
File: csquotes.def 2026-05-19 v5.2p csquotes generic definitions (JAW)
)
Package csquotes Info: Trying to load configuration file 'csquotes.cfg'...
Package csquotes Info: ... configuration file loaded successfully.

(/usr/local/texlive/2026/texmf-dist/tex/latex/csquotes/csquotes.cfg
File: csquotes.cfg 
))
(/usr/local/texlive/2026/texmf-dist/tex/latex/placeins/placeins.sty
Package: placeins 2005/04/18  v 2.2
)
(/usr/local/texlive/2026/texmf-dist/tex/latex/refcount/refcount.sty
Package: refcount 2019/12/15 v3.6 Data extraction from label references (HO)
)
(/usr/local/texlive/2026/texmf-dist/tex/latex/textpos/textpos.sty
Package: textpos 2022/07/23 v1.10.1
Package textpos Info: choosing support for LaTeX3 on input line 60.
\TP@textbox=\box121
\TP@holdbox=\box122
\TPHorizModule=\dimen357
\TPVertModule=\dimen358
\TP@margin=\dimen359
\TP@absmargin=\dimen360

Grid set 16 x 16 = 38.39343pt x 49.68562pt
\TPboxrulesize=\dimen361
\TP@ox=\dimen362
\TP@oy=\dimen363
\TP@tbargs=\toks62
TextBlockOrigin set to 0pt x 0pt
) (/usr/local/texlive/2026/texmf-dist/tex/latex/tools/longtable.sty
Package: longtable 2026-01-28 v4.27 Multi-page Table package (DPC)
\LTleft=\skip86
\LTright=\skip87
\LTpre=\skip88
\LTpost=\skip89
\LTchunksize=\count420
\LTcapwidth=\dimen364
\LT@head=\box123
\LT@firsthead=\box124
\LT@foot=\box125
\LT@lastfoot=\box126
\LT@gbox=\box127
\LT@cols=\count421
\LT@rows=\count422
\c@LT@tables=\count423
\c@LT@chunks=\count424
\LT@p@ftn=\toks63
)
(/usr/local/texlive/2026/texmf-dist/tex/latex/graphics/lscape.sty
Package: lscape 2020/05/28 v3.02 Landscape Pages (DPC)
)
(/usr/local/texlive/2026/texmf-dist/tex/latex/needspace/needspace.sty
Package: needspace 2025/03/13 v1.3e reserve vertical space
)
(/usr/local/texlive/2026/texmf-dist/tex/latex/svg/svg.sty
Package: svg 2020/11/26 v2.02k (include SVG pictures)

(/usr/local/texlive/2026/texmf-dist/tex/latex/koma-script/scrbase.sty
Package: scrbase 2026/02/02 v3.49.2 KOMA-Script package (KOMA-Script-independen
t basics and keyval usage)

(/usr/local/texlive/2026/texmf-dist/tex/latex/koma-script/scrlfile.sty
Package: scrlfile 2026/02/02 v3.49.2 KOMA-Script package (file load hooks)

(/usr/local/texlive/2026/texmf-dist/tex/latex/koma-script/scrlfile-hook.sty
Package: scrlfile-hook 2026/02/02 v3.49.2 KOMA-Script package (using LaTeX hook
s)

(/usr/local/texlive/2026/texmf-dist/tex/latex/koma-script/scrlogo.sty
Package: scrlogo 2026/02/02 v3.49.2 KOMA-Script package (logo)
)))
Applying: [2021/05/01] Usage of raw or classic option list on input line 254.
Already applied: [0000/00/00] Usage of raw or classic option list on input line
 370.
)
(/usr/local/texlive/2026/texmf-dist/tex/latex/tools/shellesc.sty
Package: shellesc 2023/07/08 v1.0d unified shell escape interface for LaTeX
Package shellesc Info: Restricted shell escape enabled on input line 77.
)
\c@svg@param@lastpage=\count425
\svg@box=\box128
\c@svg@param@currpage=\count426
)
LaTeX Info: Package 'transparent.sty' has been disabled.
            Load request ignored on input line 167.

(/usr/local/texlive/2026/texmf-dist/tex/latex/pgfplots/pgfplots.sty
(/usr/local/texlive/2026/texmf-dist/tex/generic/pgfplots/pgfplots.revision.tex)
Package: pgfplots 2026/08/26 v1.18.3 Data Visualization (1.18.3)
(/usr/local/texlive/2026/texmf-dist/tex/generic/pgfplots/pgfplots.code.tex
(/usr/local/texlive/2026/texmf-dist/tex/generic/pgfplots/pgfplotscore.code.tex
Package pgfplots info on input line 124: Initializing with LUA version Lua 5.3
\pgfplots@luabackend@table=\catcodetable14
\t@pgfplots@toka=\toks64
\t@pgfplots@tokb=\toks65
\t@pgfplots@tokc=\toks66
\pgfplots@tmpa=\dimen365
\c@pgfplots@coordindex=\count427
\c@pgfplots@scanlineindex=\count428

(/usr/local/texlive/2026/texmf-dist/tex/generic/pgfplots/sys/pgfplotssysgeneric
.code.tex))
(/usr/local/texlive/2026/texmf-dist/tex/generic/pgfplots/libs/pgfplotslibrary.c
ode.tex)
(/usr/local/texlive/2026/texmf-dist/tex/generic/pgfplots/oldpgfcompatib/pgfplot
soldpgfsupp_loader.code.tex
(/usr/local/texlive/2026/texmf-dist/tex/generic/pgf/libraries/pgflibraryfpu.cod
e.tex)
(/usr/local/texlive/2026/texmf-dist/tex/generic/pgfplots/oldpgfcompatib/pgfplot
soldpgfsupp_pgfutil-common-lists.tex)
(/usr/local/texlive/2026/texmf-dist/tex/generic/pgf/libraries/luamath/pgflibrar
yluamath.code.tex)
Package pgfplots info on input line 292: luamath library shipped with pgf 3.1.1
2 is up-to-date
)
(/usr/local/texlive/2026/texmf-dist/tex/generic/pgfplots/util/pgfplotsutil.code
.tex
Package pgfplots info on input line 82: Found new luatex: initializing lua comm
ands instead of write18 (shell-escape)

(/usr/local/texlive/2026/texmf-dist/tex/generic/pgfplots/liststructure/pgfplots
liststructure.code.tex)
(/usr/local/texlive/2026/texmf-dist/tex/generic/pgfplots/liststructure/pgfplots
liststructureext.code.tex)
(/usr/local/texlive/2026/texmf-dist/tex/generic/pgfplots/liststructure/pgfplots
array.code.tex
\c@pgfplotsarray@tmp=\count429
)
(/usr/local/texlive/2026/texmf-dist/tex/generic/pgfplots/liststructure/pgfplots
matrix.code.tex)
(/usr/local/texlive/2026/texmf-dist/tex/generic/pgfplots/numtable/pgfplotstable
shared.code.tex
\c@pgfplotstable@counta=\count430
\t@pgfplotstable@a=\toks67
)
(/usr/local/texlive/2026/texmf-dist/tex/generic/pgfplots/liststructure/pgfplots
deque.code.tex)
(/usr/local/texlive/2026/texmf-dist/tex/generic/pgfplots/util/pgfplotsbinary.co
de.tex
(/usr/local/texlive/2026/texmf-dist/tex/generic/pgfplots/util/pgfplotsbinary.da
ta.code.tex))
(/usr/local/texlive/2026/texmf-dist/tex/generic/pgfplots/util/pgfplotsutil.verb
.code.tex)
(/usr/local/texlive/2026/texmf-dist/tex/generic/pgfplots/libs/pgflibrarypgfplot
s.surfshading.code.tex
\c@pgfplotslibrarysurf@no=\count431

(/usr/local/texlive/2026/texmf-dist/tex/generic/pgfplots/sys/pgflibrarypgfplots
.surfshading.pgfsys-luatex.def)))
(/usr/local/texlive/2026/texmf-dist/tex/generic/pgfplots/util/pgfplotscolormap.
code.tex
(/usr/local/texlive/2026/texmf-dist/tex/generic/pgfplots/util/pgfplotscolor.cod
e.tex))
(/usr/local/texlive/2026/texmf-dist/tex/generic/pgfplots/pgfplotsstackedplots.c
ode.tex)
(/usr/local/texlive/2026/texmf-dist/tex/generic/pgfplots/pgfplotsplothandlers.c
ode.tex
(/usr/local/texlive/2026/texmf-dist/tex/generic/pgfplots/pgfplotsmeshplothandle
r.code.tex
(/usr/local/texlive/2026/texmf-dist/tex/generic/pgfplots/pgfplotsmeshplotimage.
code.tex)))
(/usr/local/texlive/2026/texmf-dist/tex/generic/pgfplots/pgfplots.scaling.code.
tex)
(/usr/local/texlive/2026/texmf-dist/tex/generic/pgfplots/pgfplotscoordprocessin
g.code.tex)
(/usr/local/texlive/2026/texmf-dist/tex/generic/pgfplots/pgfplots.errorbars.cod
e.tex)
(/usr/local/texlive/2026/texmf-dist/tex/generic/pgfplots/pgfplots.markers.code.
tex)
(/usr/local/texlive/2026/texmf-dist/tex/generic/pgfplots/pgfplotsticks.code.tex
)
(/usr/local/texlive/2026/texmf-dist/tex/generic/pgfplots/pgfplots.paths.code.te
x)
(/usr/local/texlive/2026/texmf-dist/tex/generic/pgfplots/libs/tikzlibrarypgfplo
ts.contourlua.code.tex)
\pgfplots@numplots=\count432
\pgfplots@xmin@reg=\dimen366
\pgfplots@xmax@reg=\dimen367
\pgfplots@ymin@reg=\dimen368
\pgfplots@ymax@reg=\dimen369
\pgfplots@zmin@reg=\dimen370
\pgfplots@zmax@reg=\dimen371
)
(/usr/local/texlive/2026/texmf-dist/tex/generic/pgf/frontendlayer/tikz/librarie
s/tikzlibraryplotmarks.code.tex
File: tikzlibraryplotmarks.code.tex 2026-08-01 v3.1.12 (3.1.12)

(/usr/local/texlive/2026/texmf-dist/tex/generic/pgf/libraries/pgflibraryplotmar
ks.code.tex
File: pgflibraryplotmarks.code.tex 2026-08-01 v3.1.12 (3.1.12)
)))
(/usr/local/texlive/2026/texmf-dist/tex/latex/pgfplots/pgfplotstable.sty
(/usr/local/texlive/2026/texmf-dist/tex/generic/pgfplots/pgfplots.revision.tex)
Package: pgfplotstable 2026/08/26 v1.18.3 Table typesetting and Pretty-printing
 (1.18.3)

(/usr/local/texlive/2026/texmf-dist/tex/generic/pgfplots/numtable/pgfplotstable
.code.tex
(/usr/local/texlive/2026/texmf-dist/tex/generic/pgfplots/numtable/pgfplotstable
.coltype.code.tex)))
(/usr/local/texlive/2026/texmf-dist/tex/latex/makecell/makecell.sty
Package: makecell 2009/08/03 V0.1e Managing of Tab Column Heads and Cells
\rotheadsize=\dimen372
\c@nlinenum=\count433
\TeXr@lab=\toks68
)
(/usr/local/texlive/2026/texmf-dist/tex/latex/pgf-pie/pgf-pie.sty
Package: pgf-pie 2022/06/14 v0.7 Some LaTeX macros for pie chart by using PGF/T
ikz package.

(/usr/local/texlive/2026/texmf-dist/tex/latex/pgf-pie/tikzlibrarypie.code.tex
(/usr/local/texlive/2026/texmf-dist/tex/latex/carlisle/scalefnt.sty)
\pgfpie@angleEnd=\dimen373
\pgfpie@explodeLength=\count434
\pgfpie@colorLength=\count435
\pgfpie@sliceLength=\count436
))
(/usr/local/texlive/2026/texmf-dist/tex/latex/tikzmark/tikzlibrarytikzmark.code
.tex
File: tikzlibrarytikzmark.code.tex 2026/05/31 v1.16 TikZ library for marking po
sitions in a document
\l__sn_x_dim=\dimen374
\l__sn_y_dim=\dimen375
\l__sn_xa_dim=\dimen376
\l__sn_ya_dim=\dimen377
) (/usr/local/texlive/2026/texmf-dist/tex/latex/subfiles/subfiles.sty
Package: subfiles 2020/11/14 v2.2 Multi-file projects (package)

(/usr/local/texlive/2026/texmf-dist/tex/latex/import/import.sty
Package: import 2020/04/01  v 6.2
))
(/usr/local/texlive/2026/texmf-dist/tex/latex/datetime2/datetime2.sty
Package: datetime2 2021/03/21 v1.5.7 (NLCT) date and time formats

(/usr/local/texlive/2026/texmf-dist/tex/latex/tracklang/tracklang.sty
Package: tracklang 2026/05/24 v1.6.8 (NLCT) Track Languages

(/usr/local/texlive/2026/texmf-dist/tex/generic/tracklang/tracklang.tex))
(/usr/local/texlive/2026/texmf-dist/tex/latex/datetime2/datetime2-calc.sty
Package: datetime2-calc 2021/03/21 v1.5.7 (NLCT)

(/usr/local/texlive/2026/texmf-dist/tex/latex/pgf/utilities/pgfcalendar.sty
(/usr/local/texlive/2026/texmf-dist/tex/generic/pgf/utilities/pgfcalendar.code.
tex
File: pgfcalendar.code.tex 2026-08-01 v3.1.12 (3.1.12)
\pgfcalendarcurrentjulian=\count437
\pgf@cal@easter@Y=\count438
\pgf@cal@easter@G=\count439
\pgf@cal@easter@C=\count440
\pgf@cal@easter@X=\count441
\pgf@cal@easter@Z=\count442
\pgf@cal@easter@D=\count443
\pgf@cal@easter@E=\count444
\pgf@cal@easter@N=\count445
\pgf@cal@easter@M=\count446
\pgf@cal@easter@julianday=\count447
))
\@dtm@julianday=\count448
))) (/usr/local/texlive/2026/texmf-dist/tex/latex/mdframed/mdframed.sty
Package: mdframed 2013/07/01 1.9b: mdframed

(/usr/local/texlive/2026/texmf-dist/tex/latex/zref/zref-abspage.sty
Package: zref-abspage 2026-09-16 v2.38 Module abspage for zref (HO)

(/usr/local/texlive/2026/texmf-dist/tex/latex/zref/zref-base.sty
Package: zref-base 2026-09-16 v2.38 Module base for zref (HO)

(/usr/local/texlive/2026/texmf-dist/tex/generic/kvdefinekeys/kvdefinekeys.sty
Package: kvdefinekeys 2019-12-19 v1.6 Define keys (HO)
)
(/usr/local/texlive/2026/texmf-dist/tex/generic/etexcmds/etexcmds.sty
Package: etexcmds 2019/12/15 v1.7 Avoid name clashes with e-TeX commands (HO)
)
(/usr/local/texlive/2026/texmf-dist/tex/latex/auxhook/auxhook.sty
Package: auxhook 2019-12-17 v1.6 Hooks for auxiliary files (HO)
)
Package zref Info: New property list: main on input line 772.
Package zref Info: New property: default on input line 773.
Package zref Info: New property: page on input line 774.
)
Package zref Info: New property: abspage on input line 68.
)
\mdf@templength=\skip90
\c@mdf@globalstyle@cnt=\count449
\mdf@skipabove@length=\skip91
\mdf@skipbelow@length=\skip92
\mdf@leftmargin@length=\skip93
\mdf@rightmargin@length=\skip94
\mdf@innerleftmargin@length=\skip95
\mdf@innerrightmargin@length=\skip96
\mdf@innertopmargin@length=\skip97
\mdf@innerbottommargin@length=\skip98
\mdf@splittopskip@length=\skip99
\mdf@splitbottomskip@length=\skip100
\mdf@outermargin@length=\skip101
\mdf@innermargin@length=\skip102
\mdf@linewidth@length=\skip103
\mdf@innerlinewidth@length=\skip104
\mdf@middlelinewidth@length=\skip105
\mdf@outerlinewidth@length=\skip106
\mdf@roundcorner@length=\skip107
\mdf@footenotedistance@length=\skip108
\mdf@userdefinedwidth@length=\skip109
\mdf@needspace@length=\skip110
\mdf@frametitleaboveskip@length=\skip111
\mdf@frametitlebelowskip@length=\skip112
\mdf@frametitlerulewidth@length=\skip113
\mdf@frametitleleftmargin@length=\skip114
\mdf@frametitlerightmargin@length=\skip115
\mdf@shadowsize@length=\skip116
\mdf@extratopheight@length=\skip117
\mdf@subtitleabovelinewidth@length=\skip118
\mdf@subtitlebelowlinewidth@length=\skip119
\mdf@subtitleaboveskip@length=\skip120
\mdf@subtitlebelowskip@length=\skip121
\mdf@subtitleinneraboveskip@length=\skip122
\mdf@subtitleinnerbelowskip@length=\skip123
\mdf@subsubtitleabovelinewidth@length=\skip124
\mdf@subsubtitlebelowlinewidth@length=\skip125
\mdf@subsubtitleaboveskip@length=\skip126
\mdf@subsubtitlebelowskip@length=\skip127
\mdf@subsubtitleinneraboveskip@length=\skip128
\mdf@subsubtitleinnerbelowskip@length=\skip129

(/usr/local/texlive/2026/texmf-dist/tex/latex/mdframed/md-frame-0.mdf
File: md-frame-0.mdf 2013/07/01\ 1.9b: md-frame-0
)
\mdf@frametitlebox=\box129
\mdf@footnotebox=\box130
\mdf@splitbox@one=\box131
\mdf@splitbox@two=\box132
\mdf@splitbox@save=\box133
\mdfsplitboxwidth=\skip130
\mdfsplitboxtotalwidth=\skip131
\mdfsplitboxheight=\skip132
\mdfsplitboxdepth=\skip133
\mdfsplitboxtotalheight=\skip134
\mdfframetitleboxwidth=\skip135
\mdfframetitleboxtotalwidth=\skip136
\mdfframetitleboxheight=\skip137
\mdfframetitleboxdepth=\skip138
\mdfframetitleboxtotalheight=\skip139
\mdffootnoteboxwidth=\skip140
\mdffootnoteboxtotalwidth=\skip141
\mdffootnoteboxheight=\skip142
\mdffootnoteboxdepth=\skip143
\mdffootnoteboxtotalheight=\skip144
\mdftotallinewidth=\skip145
\mdfboundingboxwidth=\skip146
\mdfboundingboxtotalwidth=\skip147
\mdfboundingboxheight=\skip148
\mdfboundingboxdepth=\skip149
\mdfboundingboxtotalheight=\skip150
\mdf@freevspace@length=\skip151
\mdf@horizontalwidthofbox@length=\skip152
\mdf@verticalmarginwhole@length=\skip153
\mdf@horizontalspaceofbox=\skip154
\mdfsubtitleheight=\skip155
\mdfsubsubtitleheight=\skip156
\c@mdfcountframes=\count450

****** mdframed patching \endmdf@trivlist

****** -- success******

\mdf@envdepth=\count451
\c@mdf@env@i=\count452
\c@mdf@env@ii=\count453
\c@mdf@zref@counter=\count454
Package zref Info: New property: mdf@pagevalue on input line 895.
)
(/usr/local/texlive/2026/texmf-dist/tex/latex/fancyhdr/fancyhdr.sty
Package: fancyhdr 2025/02/07 v5.2 Extensive control of page headers and footers

\f@nch@headwidth=\skip157
\f@nch@offset@elh=\skip158
\f@nch@offset@erh=\skip159
\f@nch@offset@olh=\skip160
\f@nch@offset@orh=\skip161
\f@nch@offset@elf=\skip162
\f@nch@offset@erf=\skip163
\f@nch@offset@olf=\skip164
\f@nch@offset@orf=\skip165
\f@nch@height=\skip166
\f@nch@footalignment=\skip167
\f@nch@widthL=\skip168
\f@nch@widthC=\skip169
\f@nch@widthR=\skip170
\@temptokenb=\toks69
)
(/usr/local/texlive/2026/texmf-dist/tex/generic/babel/babel.sty
Package: babel 2026/09/27 v26.13 The multilingual framework for LuaLaTeX, pdfLa
TeX and XeLaTeX

(/usr/local/texlive/2026/texmf-dist/tex/generic/babel/luababel.def
\bbl@readstream=\read4
\l@dumylang=\language2
Package babel Info: Non-standard hyphenation setup on input line 118.
\l@nohyphenation=\language3
\l@german-x-2024-02-28=\language4
\l@ngerman-x-2024-02-28=\language5
\l@afrikaans=\language6
\l@albanian=\language7
\l@ancientgreek=\language8
\l@ibycus=\language9
\l@arabic=\language10
\l@armenian=\language11
\l@basque=\language12
\l@belarusian=\language13
\l@bulgarian=\language14
\l@catalan=\language15
\l@pinyin=\language16
\l@churchslavonic=\language17
\l@coptic=\language18
\l@croatian=\language19
\l@czech=\language20
\l@danish=\language21
\l@dutch=\language22
\l@ukenglish=\language23
\l@usenglishmax=\language24
\l@esperanto=\language25
\l@estonian=\language26
\l@ethiopic=\language27
\l@farsi=\language28
\l@finnish=\language29
\l@schoolfinnish=\language30
\l@french=\language31
\l@friulan=\language32
\l@galician=\language33
\l@georgian=\language34
\l@german=\language35
\l@ngerman=\language36
\l@swissgerman=\language37
\l@greek=\language38
\l@monogreek=\language39
\l@hebrew=\language40
\l@hungarian=\language41
\l@icelandic=\language42
\l@assamese=\language43
\l@bengali=\language44
\l@gujarati=\language45
\l@hindi=\language46
\l@kannada=\language47
\l@malayalam=\language48
\l@marathi=\language49
\l@oriya=\language50
\l@pali=\language51
\l@panjabi=\language52
\l@tamil=\language53
\l@telugu=\language54
\l@indonesian=\language55
\l@interlingua=\language56
\l@irish=\language57
\l@italian=\language58
\l@kazakh=\language59
\l@kurmanji=\language60
\l@classiclatin=\language61
\l@latin=\language62
\l@liturgicallatin=\language63
\l@latvian=\language64
\l@lithuanian=\language65
\l@macedonian=\language66
\l@mongolian=\language67
\l@mongolianlmc=\language68
\l@bokmal=\language69
\l@nynorsk=\language70
\l@occitan=\language71
\l@piedmontese=\language72
\l@polish=\language73
\l@portuguese=\language74
\l@romanian=\language75
\l@romansh=\language76
\l@russian=\language77
\l@sanskrit=\language78
\l@serbian=\language79
\l@serbianc=\language80
\l@slovak=\language81
\l@slovenian=\language82
\l@spanish=\language83
\l@swedish=\language84
\l@thai=\language85
\l@turkish=\language86
\l@turkmen=\language87
\l@ukrainian=\language88
\l@uppersorbian=\language89
\l@vietnamese=\language90
\l@welsh=\language91
\babelcatcodetablenum=\catcodetable15
\bbl@pattcodes=\catcodetable16
)
\babel@savecnt=\count455
LaTeX Encoding Info:    Redeclaring text command \ij (encoding OT1) on input li
ne 2110.
LaTeX Encoding Info:    Redeclaring text command \IJ (encoding OT1) on input li
ne 2112.
LaTeX Encoding Info:    Redeclaring text command \ij (encoding T1) on input lin
e 2114.
LaTeX Encoding Info:    Redeclaring text command \IJ (encoding T1) on input lin
e 2115.
LaTeX Encoding Info:    Ignoring declaration for text command \ij (encoding ?) 
on input line 2116.
LaTeX Encoding Info:    Ignoring declaration for text command \IJ (encoding ?) 
on input line 2118.
LaTeX Encoding Info:    Ignoring declaration for text command \SS (encoding ?) 
on input line 2143.
\U@D=\dimen378
\l@unhyphenated=\language92

(/usr/local/texlive/2026/texmf-dist/tex/generic/babel/luababel.def
\bbl@attr@locale=\attribute5

(/usr/local/texlive/2026/texmf-dist/tex/luatex/luatexbase/luatexbase.sty
Package: luatexbase 2015/10/04 v1.3 luatexbase interface to LuaTeX 

(/usr/local/texlive/2026/texmf-dist/tex/luatex/ctablestack/ctablestack.sty
Package: ctablestack 2015/10/01 v1.0 Catcode table stable support
\@catcodetablestackcnt=\count456
)
\CatcodeTableOther=\catcodetable17
\CatcodeTableExpl=\catcodetable18
)
Removing  `luaotfload.node_processor' from `pre_linebreak_filter'.
Inserting `Babel.pre_otfload_v' in `pre_linebreak_filter'.
Inserting `luaotfload.node_processor' in `pre_linebreak_filter'.
Removing  `luaotfload.node_processor' from `hpack_filter'.
Removing  `luaotfload.harf.finalize_hlist' from `hpack_filter'.
Inserting `Babel.pre_otfload_h' in `hpack_filter'.
Inserting `luaotfload.node_processor' in `hpack_filter'.
Inserting `luaotfload.harf.finalize_hlist' in `hpack_filter'.
Inserting `Babel.reset_lines' in `post_linebreak_filter'.
\bbl@attr@dir=\attribute6
)
(/usr/local/texlive/2026/texmf-dist/tex/generic/babel/locale/sv/babel-swedish.t
ex)
(/usr/local/texlive/2026/texmf-dist/tex/generic/babel/locale/en/babel-english.t
ex)
Package babel Info: Importing data for 'swedish'
(babel)             from babel-sv.ini. Reported on input line 4478.
Package babel Info: Importing font and identification data for 'english'
(babel)             from babel-en.ini. Reported on input line 4478.
 (/usr/local/texlive/2026/texmf-dist/tex/generic/babel-english/english.ldf
Language: english 2017/06/06 v3.3r English support from the babel system
Package babel Info: Hyphen rules for 'canadian' set to \l@english
(babel)             (\language0). Reported on input line 102.
Package babel Info: Hyphen rules for 'australian' set to \l@ukenglish
(babel)             (\language23). Reported on input line 105.
Package babel Info: Hyphen rules for 'newzealand' set to \l@ukenglish
(babel)             (\language23). Reported on input line 108.
)) (/usr/local/texlive/2026/texmf-dist/tex/latex/biblatex/biblatex.sty
Package: biblatex 2026/09/24 v3.22a programmable bibliographies (PK/MW)

(/usr/local/texlive/2026/texmf-dist/tex/latex/logreq/logreq.sty
Package: logreq 2010/08/04 v1.0 xml request logger
\lrq@indent=\count457

(/usr/local/texlive/2026/texmf-dist/tex/latex/logreq/logreq.def
File: logreq.def 2010/08/04 v1.0 logreq spec v1.0
))
\c@tabx@nest=\count458
\c@listtotal=\count459
\c@listcount=\count460
\c@liststart=\count461
\c@liststop=\count462
\c@citecount=\count463
\c@citetotal=\count464
\c@multicitecount=\count465
\c@multicitetotal=\count466
\c@instcount=\count467
\c@maxnames=\count468
\c@minnames=\count469
\c@maxitems=\count470
\c@minitems=\count471
\c@citecounter=\count472
\c@maxcitecounter=\count473
\c@savedcitecounter=\count474
\c@uniquelist=\count475
\c@uniquename=\count476
\c@refsection=\count477
\c@refsegment=\count478
\c@maxextratitle=\count479
\c@maxextratitleyear=\count480
\c@maxextraname=\count481
\c@maxextradate=\count482
\c@maxextraalpha=\count483
\c@abbrvpenalty=\count484
\c@highnamepenalty=\count485
\c@lownamepenalty=\count486
\c@maxparens=\count487
\c@parenlevel=\count488
\blx@tempcnta=\count489
\blx@tempcntb=\count490
\blx@tempcntc=\count491
\c@blx@maxsection=\count492
\blx@maxsegment@0=\count493
\blx@notetype=\count494
\blx@parenlevel@text=\count495
\blx@parenlevel@foot=\count496
\blx@sectionciteorder@0=\count497
\blx@sectionciteorderinternal@0=\count498
\blx@entrysetcounter=\count499
\blx@biblioinstance=\count500
\labelnumberwidth=\skip171
\labelalphawidth=\skip172
\biblabelsep=\skip173
\bibitemsep=\skip174
\bibnamesep=\skip175
\bibinitsep=\skip176
\bibparsep=\skip177
\bibhang=\skip178
\blx@bcfin=\read5
\blx@bcfout=\write6
\blx@langwohyphens=\language93
\c@mincomprange=\count501
\c@maxcomprange=\count502
\c@mincompwidth=\count503
Package biblatex Info: Trying to load biblatex default data model...
Package biblatex Info: ... file 'blx-dm.def' found.

(/usr/local/texlive/2026/texmf-dist/tex/latex/biblatex/blx-dm.def
File: blx-dm.def 2026/09/24 v3.22a biblatex datamodel (PK/MW)
)
Package biblatex Info: Trying to load biblatex style data model...
Package biblatex Info: ... file 'ieee.dbx' not found.
Package biblatex Info: Trying to load biblatex custom data model...
Package biblatex Info: ... file 'biblatex-dm.cfg' not found.
\c@afterword=\count504
\c@savedafterword=\count505
\c@annotator=\count506
\c@savedannotator=\count507
\c@author=\count508
\c@savedauthor=\count509
\c@bookauthor=\count510
\c@savedbookauthor=\count511
\c@commentator=\count512
\c@savedcommentator=\count513
\c@editor=\count514
\c@savededitor=\count515
\c@editora=\count516
\c@savededitora=\count517
\c@editorb=\count518
\c@savededitorb=\count519
\c@editorc=\count520
\c@savededitorc=\count521
\c@foreword=\count522
\c@savedforeword=\count523
\c@holder=\count524
\c@savedholder=\count525
\c@introduction=\count526
\c@savedintroduction=\count527
\c@namea=\count528
\c@savednamea=\count529
\c@nameb=\count530
\c@savednameb=\count531
\c@namec=\count532
\c@savednamec=\count533
\c@translator=\count534
\c@savedtranslator=\count535
\c@shortauthor=\count536
\c@savedshortauthor=\count537
\c@shorteditor=\count538
\c@savedshorteditor=\count539
\c@labelname=\count540
\c@savedlabelname=\count541
\c@institution=\count542
\c@savedinstitution=\count543
\c@lista=\count544
\c@savedlista=\count545
\c@listb=\count546
\c@savedlistb=\count547
\c@listc=\count548
\c@savedlistc=\count549
\c@listd=\count550
\c@savedlistd=\count551
\c@liste=\count552
\c@savedliste=\count553
\c@listf=\count554
\c@savedlistf=\count555
\c@location=\count556
\c@savedlocation=\count557
\c@organization=\count558
\c@savedorganization=\count559
\c@origlocation=\count560
\c@savedoriglocation=\count561
\c@origpublisher=\count562
\c@savedorigpublisher=\count563
\c@publisher=\count564
\c@savedpublisher=\count565
\c@language=\count566
\c@savedlanguage=\count567
\c@origlanguage=\count568
\c@savedoriglanguage=\count569
\c@pageref=\count570
\c@savedpageref=\count571
\shorthandwidth=\skip179
\shortjournalwidth=\skip180
\shortserieswidth=\skip181
\shorttitlewidth=\skip182
\shortauthorwidth=\skip183
\shorteditorwidth=\skip184
\locallabelnumberwidth=\skip185
\locallabelalphawidth=\skip186
\localshorthandwidth=\skip187
\localshortjournalwidth=\skip188
\localshortserieswidth=\skip189
\localshorttitlewidth=\skip190
\localshortauthorwidth=\skip191
\localshorteditorwidth=\skip192
Package biblatex Info: Trying to load enhanced support for Unicode engines...
Package biblatex Info: ... file 'blx-unicode.def' found.

(/usr/local/texlive/2026/texmf-dist/tex/latex/biblatex/blx-unicode.def)
Package biblatex Info: Trying to load compatibility code...
Package biblatex Info: ... file 'blx-compat.def' found.

(/usr/local/texlive/2026/texmf-dist/tex/latex/biblatex/blx-compat.def
File: blx-compat.def 2026/09/24 v3.22a biblatex compatibility (PK/MW)
)
Package biblatex Info: Trying to load generic definitions...
Package biblatex Info: ... file 'biblatex.def' found.

(/usr/local/texlive/2026/texmf-dist/tex/latex/biblatex/biblatex.def
File: biblatex.def 2026/09/24 v3.22a biblatex compatibility (PK/MW)
\c@textcitecount=\count572
\c@textcitetotal=\count573
\c@textcitemaxnames=\count574
\c@biburlbigbreakpenalty=\count575
\c@biburlbreakpenalty=\count576
\c@biburlnumpenalty=\count577
\c@biburlucpenalty=\count578
\c@biburllcpenalty=\count579
\biburlbigskip=\muskip19
\biburlnumskip=\muskip20
\biburlucskip=\muskip21
\biburllcskip=\muskip22
\c@smartand=\count580
)
Package biblatex Info: Trying to load bibliography style 'ieee'...
Package biblatex Info: ... file 'ieee.bbx' found.

(/usr/local/texlive/2026/texmf-dist/tex/latex/biblatex-ieee/ieee.bbx
File: ieee.bbx 2025-08-01 v1.4f biblatex bibliography style
Package biblatex Info: Trying to load bibliography style 'numeric-comp'...
Package biblatex Info: ... file 'numeric-comp.bbx' found.

(/usr/local/texlive/2026/texmf-dist/tex/latex/biblatex/bbx/numeric-comp.bbx
File: numeric-comp.bbx 2026/09/24 v3.22a biblatex bibliography style (PK/MW)
Package biblatex Info: Trying to load bibliography style 'numeric'...
Package biblatex Info: ... file 'numeric.bbx' found.

(/usr/local/texlive/2026/texmf-dist/tex/latex/biblatex/bbx/numeric.bbx
File: numeric.bbx 2026/09/24 v3.22a biblatex bibliography style (PK/MW)
Package biblatex Info: Trying to load bibliography style 'standard'...
Package biblatex Info: ... file 'standard.bbx' found.

(/usr/local/texlive/2026/texmf-dist/tex/latex/biblatex/bbx/standard.bbx
File: standard.bbx 2026/09/24 v3.22a biblatex bibliography style (PK/MW)
\c@bbx:relatedcount=\count581
\c@bbx:relatedtotal=\count582
))))
Package biblatex Info: Trying to load citation style 'numeric-comp'...
Package biblatex Info: ... file 'numeric-comp.cbx' found.

(/usr/local/texlive/2026/texmf-dist/tex/latex/biblatex/cbx/numeric-comp.cbx
File: numeric-comp.cbx 2026/09/24 v3.22a biblatex citation style (PK/MW)
\c@cbx@tempcnta=\count583
\c@cbx@tempcntb=\count584
\c@cbx@tempcntc=\count585
\c@cbx@tempcntd=\count586
Package biblatex Info: Redefining '\cite'.
Package biblatex Info: Redefining '\parencite'.
Package biblatex Info: Redefining '\footcite'.
Package biblatex Info: Redefining '\footcitetext'.
Package biblatex Info: Redefining '\smartcite'.
Package biblatex Info: Redefining '\supercite'.
Package biblatex Info: Redefining '\textcite'.
Package biblatex Info: Redefining '\textcites'.
Package biblatex Info: Redefining '\cites'.
Package biblatex Info: Redefining '\parencites'.
Package biblatex Info: Redefining '\smartcites'.
)
Package biblatex Info: Trying to load configuration file...
Package biblatex Info: ... file 'biblatex.cfg' found.

(/usr/local/texlive/2026/texmf-dist/tex/latex/biblatex/biblatex.cfg
File: biblatex.cfg 
)
Package biblatex Info: LuaTeX detected.
(biblatex)             Assuming input encoding 'utf8'.
Package biblatex Info: Document encoding is UTF8 ....
Package biblatex Info: ... and expl3
(biblatex)             2026-09-09 L3 programming layer (loader) 
(biblatex)             is new enough (at least 2020/04/06),
(biblatex)             setting 'casechanger=expl3'.

(/usr/local/texlive/2026/texmf-dist/tex/latex/biblatex/blx-case-expl3.sty
Package: blx-case-expl3 2026/09/24 v3.22a expl3 case changing code for biblatex

))
(./kth/kthcolors.tex) (./lib/defines.tex
(/usr/local/texlive/2026/texmf-dist/tex/latex/newunicodechar/newunicodechar.sty
Package: newunicodechar 2018/04/08 v1.2 Defining Unicode characters
) Excluding 'comment' comment. Excluding 'comment' comment.)
(/usr/local/texlive/2026/texmf-dist/tex/latex/hyperref/hyperref.sty
Package: hyperref 2026-06-17 v7.01r Hypertext links for LaTeX

(/usr/local/texlive/2026/texmf-dist/tex/generic/pdfescape/pdfescape.sty
Package: pdfescape 2019/12/09 v1.15 Implements pdfTeX's escape features (HO)
)
(/usr/local/texlive/2026/texmf-dist/tex/latex/hycolor/hycolor.sty
Package: hycolor 2020-01-27 v1.10 Color options for hyperref/bookmark (HO)
)
(/usr/local/texlive/2026/texmf-dist/tex/latex/hyperref/nameref.sty
Package: nameref 2026-01-29 v2.58 Cross-referencing by name of section

(/usr/local/texlive/2026/texmf-dist/tex/generic/gettitlestring/gettitlestring.s
ty
Package: gettitlestring 2019/12/15 v1.6 Cleanup title references (HO)
)
\c@section@level=\count587
) (/usr/local/texlive/2026/texmf-dist/tex/generic/stringenc/stringenc.sty
Package: stringenc 2019/11/29 v1.12 Convert strings between diff. encodings (HO
)
)
\@linkdim=\dimen379
\Hy@linkcounter=\count588
\Hy@pagecounter=\count589

(/usr/local/texlive/2026/texmf-dist/tex/latex/hyperref/pd1enc.def
File: pd1enc.def 2026-06-17 v7.01r Hyperref: PDFDocEncoding definition (HO)
)
(/usr/local/texlive/2026/texmf-dist/tex/generic/intcalc/intcalc.sty
Package: intcalc 2019/12/15 v1.3 Expandable calculations with integers (HO)
)
\Hy@SavedSpaceFactor=\count590

(/usr/local/texlive/2026/texmf-dist/tex/latex/hyperref/puenc.def
File: puenc.def 2026-06-17 v7.01r Hyperref: PDF Unicode definition (HO)
)
Package hyperref Info: Option `plainpages' set `false' on input line 4070.
Package hyperref Info: Option `unicode' set `true' on input line 4070.
Package hyperref Info: Hyper figures OFF on input line 4199.
Package hyperref Info: Link nesting OFF on input line 4204.
Package hyperref Info: Hyper index ON on input line 4207.
Package hyperref Info: Plain pages OFF on input line 4214.
Package hyperref Info: Backreferencing OFF on input line 4219.
Package hyperref Info: Implicit mode ON; LaTeX internals redefined.
Package hyperref Info: Bookmarks ON on input line 4466.
\c@Hy@tempcnt=\count591
LaTeX Info: Redefining \url on input line 4805.
\XeTeXLinkMargin=\dimen380

(/usr/local/texlive/2026/texmf-dist/tex/generic/bitset/bitset.sty
Package: bitset 2019/12/09 v1.3 Handle bit-vector datatype (HO)

(/usr/local/texlive/2026/texmf-dist/tex/generic/bigintcalc/bigintcalc.sty
Package: bigintcalc 2019/12/15 v1.5 Expandable calculations on big integers (HO
)
))
\Fld@menulength=\count592
\Field@Width=\dimen381
\Fld@charsize=\dimen382
Package hyperref Info: Hyper figures OFF on input line 6091.
Package hyperref Info: Link nesting OFF on input line 6096.
Package hyperref Info: Hyper index ON on input line 6099.
Package hyperref Info: backreferencing OFF on input line 6106.
Package hyperref Info: Link coloring OFF on input line 6111.
Package hyperref Info: Link coloring with OCG OFF on input line 6116.
Package hyperref Info: PDF/A mode OFF on input line 6121.
\Hy@abspage=\count593
\c@Item=\count594
\c@Hfootnote=\count595
)
Package hyperref Info: Driver (autodetected): hluatex.

(/usr/local/texlive/2026/texmf-dist/tex/latex/hyperref/hluatex.def
File: hluatex.def 2026-06-17 v7.01r Hyperref driver for luaTeX
\Fld@listcount=\count596
\c@bookmark@seq@number=\count597

(/usr/local/texlive/2026/texmf-dist/tex/latex/rerunfilecheck/rerunfilecheck.sty
Package: rerunfilecheck 2025-06-21 v1.11 Rerun checks for auxiliary files (HO)

(/usr/local/texlive/2026/texmf-dist/tex/generic/uniquecounter/uniquecounter.sty
Package: uniquecounter 2019/12/15 v1.4 Provide unlimited unique counter (HO)
)
Package uniquecounter Info: New unique counter `rerunfilecheck' on input line 2
84.
)
\Hy@SectionHShift=\skip193
)
(/usr/local/texlive/2026/texmf-dist/tex/latex/glossaries-extra/glossaries-extra
.sty
Package: glossaries-extra 2026/04/21 v2.1 (NLCT)

(/usr/local/texlive/2026/texmf-dist/tex/latex/glossaries/base/glossaries.sty
Package: glossaries 2026/04/21 v5.1 (NLCT)

(/usr/local/texlive/2026/texmf-dist/tex/latex/mfirstuc/mfirstuc.sty
Package: mfirstuc 2025/04/03 v2.09 (NLCT)
\@glsmfirst=\toks70
\@glsmrest=\toks71
)
(/usr/local/texlive/2026/texmf-dist/tex/latex/xfor/xfor.sty
Package: xfor 2009/02/05 v1.05 (NLCT)
)
(/usr/local/texlive/2026/texmf-dist/tex/latex/datatool/datatool-base.sty
Package: datatool-base 2026/08/23 v3.4.5 (NLCT)
\l__datatool_tmpa_int=\count598
\l__datatool_tmpb_int=\count599
\l__datatool_tmpc_int=\count600
\l__datatool_tmpd_int=\count601
\l__datatool_count_int=\count602
\l__datatool_tmp_datatype_int=\count603
\l__datatool_tmpa_dim=\dimen383
\l__datatool_tmpb_dim=\dimen384

(/usr/local/texlive/2026/texmf-dist/tex/latex/datatool/datatool-lua.def
File: datatool-lua.def 2026/08/23 v3.4.5 (NLCT)
)
\@dtl@toks=\toks72
\@dtl@tmpcount=\count604
\dtl@tmplength=\skip194
\l__datatool_measure_box=\box134
\dtl@sortresult=\count605

(/usr/local/texlive/2026/texmf-dist/tex/latex/datatool/datatool-utf8.ldf
File: datatool-utf8.ldf 2026/08/23 v3.4.5 (NLCT)
)
\@dtl@datatype=\count606
\c_datatool_unknown_int=\count607
\l__datatool_year_int=\count608
\l__datatool_month_int=\count609
\l__datatool_day_int=\count610
\l__datatool_hour_int=\count611
\l__datatool_minute_int=\count612
\l__datatool_second_int=\count613
\l__datatool_tzhour_int=\count614
\l__datatool_tzminute_int=\count615
\l__datatool_julian_int=\count616
\l__datatool_local_julian_int=\count617
\l__datatool_prefix_int=\count618
\l__datatool_suffix_int=\count619
\@dtl@foreach@level=\count620
\dtl@codeA=\count621
\dtl@codeB=\count622
)
\gls@level=\count623
\@gls@tmpb=\toks73
\gls@tmplen=\skip195
\l__glossaries_tmpa_dim=\dimen385
\l__glossaries_tmpb_dim=\dimen386
\glskeylisttok=\toks74
\glslabeltok=\toks75
\glsshorttok=\toks76
\glslongtok=\toks77

(/usr/local/texlive/2026/texmf-dist/tex/latex/glossaries/styles/glossary-hypern
av.sty
Package: glossary-hypernav 2026/04/21 v5.1 (NLCT)
)
(/usr/local/texlive/2026/texmf-dist/tex/latex/glossaries/styles/glossary-list.s
ty
Package: glossary-list 2026/04/21 v5.1 (NLCT)
\glslistdottedwidth=\skip196
)
(/usr/local/texlive/2026/texmf-dist/tex/latex/glossaries/styles/glossary-long.s
ty
Package: glossary-long 2026/04/21 v5.1 (NLCT)
\glsdescwidth=\skip197
\glspagelistwidth=\skip198
)
(/usr/local/texlive/2026/texmf-dist/tex/latex/glossaries/styles/glossary-super.
sty
Package: glossary-super 2026/04/21 v5.1 (NLCT)
 (/usr/local/texlive/2026/texmf-dist/tex/latex/supertabular/supertabular.sty
Package: supertabular 2025/06/26 v4.2d the supertabular environment
\c@tracingst=\count624
\ST@wd=\dimen387
\ST@rightskip=\skip199
\ST@leftskip=\skip256
\ST@parfillskip=\skip257
\ST@pageleft=\dimen388
\ST@headht=\dimen389
\ST@tailht=\dimen390
\ST@pagesofar=\dimen391
\ST@pboxht=\dimen392
\ST@rowht=\dimen393
\ST@prevht=\dimen394
\ST@toadd=\dimen395
\ST@dimen=\dimen396
\ST@pbox=\box135
))
(/usr/local/texlive/2026/texmf-dist/tex/latex/glossaries/styles/glossary-tree.s
ty
Package: glossary-tree 2026/04/21 v5.1 (NLCT)
\l__glossaries_tree_max_known_level_int=\count625
\l__glossaries_tree_offset_dim=\dimen397
\l__glossaries_tree_namewidth_dim=\dimen398
\l__glossaries_tree_symbolwidth_dim=\dimen399
\l__glossaries_tree_prenamesym_width_dim=\dimen400
\l__glossaries_tree_presubnamesym_width_dim=\dimen401
\l__glossaries_tree_namewidth_padding_dim=\dimen402
\l__glossaries_tree_symbolwidth_padding_dim=\dimen403
\l__glossaries_tree_namesymbolwidth_dim=\dimen404
\l__glossaries_tree_namesymbolwidth_padding_dim=\dimen405
\l__glossaries_tree_level_int=\count626
\glstreeindent=\skip258
))
\@glsxtr@leveloffset=\count627
\glsxtrresourcecount=\count628
\@glsxtrnewgls@inner=\count629
\glsshortpltok=\toks78
\glslongpltok=\toks79

(/usr/local/texlive/2026/texmf-dist/tex/latex/glossaries-extra/glossaries-extra
-abbrstyles.def
File: glossaries-extra-abbrstyles.def 2026/04/21 v2.1 (NLCT)
)
\mglselementindex=\count630
) (./lib/acronyms.tex)
(/usr/local/texlive/2026/texmf-dist/tex/latex/cleveref/cleveref.sty
Package: cleveref 2018/03/27 v0.21.4 Intelligent cross-referencing
Package cleveref Info: `hyperref' support loaded on input line 2370.
LaTeX Info: Redefining \cref on input line 2370.
LaTeX Info: Redefining \Cref on input line 2370.
LaTeX Info: Redefining \crefrange on input line 2370.
LaTeX Info: Redefining \Crefrange on input line 2370.
LaTeX Info: Redefining \cpageref on input line 2370.
LaTeX Info: Redefining \Cpageref on input line 2370.
LaTeX Info: Redefining \cpagerefrange on input line 2370.
LaTeX Info: Redefining \Cpagerefrange on input line 2370.
LaTeX Info: Redefining \labelcref on input line 2370.
LaTeX Info: Redefining \labelcpageref on input line 2370.
Package cleveref Info: `listings' support loaded on input line 3131.
)
==> First Aid for cleveref.sty applied!
(/usr/local/texlive/2026/texmf-dist/tex/latex/metalogo/metalogo.sty
Package: metalogo 2010/05/29 v0.12 Extended TeX logo macros

(/usr/local/texlive/2026/texmf-dist/tex/generic/iftex/ifxetex.sty
Package: ifxetex 2019/10/25 v0.7 ifxetex legacy package. Use iftex instead.
)
\xl@everylogo=\toks80
\xl@@everylogo=\toks81
LaTeX Info: Redefining \TeX on input line 193.
LaTeX Info: Redefining \LaTeX on input line 202.
LaTeX Info: Redefining \LaTeXe on input line 219.
)
(/usr/local/texlive/2026/texmf-dist/tex/latex/fontspec/fontspec.sty
Package: fontspec 2026/08/11 v2.9h Font selection for XeLaTeX and LuaLaTeX
Lua module: fontspec 2026/08/11 v2.9h Font selection for XeLaTeX and LuaLaTeX
(/usr/local/texlive/2026/texmf-dist/tex/latex/fontspec/fontspec-luatex.sty
Package: fontspec-luatex 2026/08/11 v2.9h Font selection for XeLaTeX and LuaLaT
eX
\l__fontspec_script_int=\count631
\l__fontspec_language_int=\count632
\l__fontspec_strnum_int=\count633
\l__fontspec_tmp_int=\count634
\l__fontspec_tmpa_int=\count635
\l__fontspec_tmpb_int=\count636
\l__fontspec_tmpc_int=\count637
\l__fontspec_em_int=\count638
\l__fontspec_emdef_int=\count639
\l__fontspec_strong_int=\count640
\l__fontspec_strongdef_int=\count641
\l__fontspec_tmpa_dim=\dimen406
\l__fontspec_tmpb_dim=\dimen407
\l__fontspec_tmpc_dim=\dimen408

(/usr/local/texlive/2026/texmf-dist/tex/latex/base/fontenc.sty
Package: fontenc 2025/07/18 v2.1d Standard LaTeX package
)
(/usr/local/texlive/2026/texmf-dist/tex/latex/fontspec/fontspec.cfg)))
luaotfload | cache : Lookup cache loaded from ./cache/luatex-cache/generic/names
/luaotfload-lookup-cache.luc.

Package fontspec Info: 
(fontspec)             Language 'English' not explicitly supported within font
(fontspec)             'TeX Gyre Termes' with script 'Latin'. Check the
(fontspec)             typeset output, and if it is okay then ignore this
(fontspec)             warning. Otherwise a different font should be chosen.


Package fontspec Info: 
(fontspec)             Font family 'TeXGyreTermes(0)' created for font 'TeX
(fontspec)             Gyre Termes' with options
(fontspec)             [Ligatures={TeX},Ligatures=TeX,Script=Latin,Language=Eng
lish,RawFeature={family=rm}].
(fontspec)              
(fontspec)              This font family consists of the following NFSS
(fontspec)             series/shapes:
(fontspec)              
(fontspec)             - 'normal' (m/n) with NFSS spec.: <->"name:TeX Gyre
(fontspec)             Termes:mode=node;script=latn;language=ENG;+tlig;family=r
m;"
(fontspec)             - 'small caps'  (m/sc) with NFSS spec.: <->"name:TeX
(fontspec)             Gyre
(fontspec)             Termes:mode=node;script=latn;language=ENG;+tlig;family=r
m;+smcp;"
(fontspec)             - 'bold' (b/n) with NFSS spec.: <->"name:TeX Gyre
(fontspec)             Termes/B:mode=node;script=latn;language=ENG;+tlig;family
=rm;"
(fontspec)             - 'bold small caps'  (b/sc) with NFSS spec.:
(fontspec)             <->"name:TeX Gyre
(fontspec)             Termes/B:mode=node;script=latn;language=ENG;+tlig;family
=rm;+smcp;"
(fontspec)             - 'italic' (m/it) with NFSS spec.: <->"name:TeX Gyre
(fontspec)             Termes/I:mode=node;script=latn;language=ENG;+tlig;family
=rm;"
(fontspec)             - 'italic small caps'  (m/scit) with NFSS spec.:
(fontspec)             <->"name:TeX Gyre
(fontspec)             Termes/I:mode=node;script=latn;language=ENG;+tlig;family
=rm;+smcp;"
(fontspec)             - 'bold italic' (b/it) with NFSS spec.: <->"name:TeX
(fontspec)             Gyre
(fontspec)             Termes/BI:mode=node;script=latn;language=ENG;+tlig;famil
y=rm;"
(fontspec)             - 'bold italic small caps'  (b/scit) with NFSS spec.:
(fontspec)             <->"name:TeX Gyre
(fontspec)             Termes/BI:mode=node;script=latn;language=ENG;+tlig;famil
y=rm;+smcp;"


Package fontspec Info: 
(fontspec)             Language 'English' not explicitly supported within font
(fontspec)             'TeX Gyre Heros' with script 'Latin'. Check the typeset
(fontspec)             output, and if it is okay then ignore this warning.
(fontspec)             Otherwise a different font should be chosen.


Package fontspec Info: 
(fontspec)             Font family 'TeXGyreHeros(0)' created for font 'TeX
(fontspec)             Gyre Heros' with options
(fontspec)             [Ligatures={TeX},Ligatures=TeX,Script=Latin,Language=Eng
lish,RawFeature={family=sf}].
(fontspec)              
(fontspec)              This font family consists of the following NFSS
(fontspec)             series/shapes:
(fontspec)              
(fontspec)             - 'normal' (m/n) with NFSS spec.: <->"name:TeX Gyre
(fontspec)             Heros:mode=node;script=latn;language=ENG;+tlig;family=sf
;"
(fontspec)             - 'small caps'  (m/sc) with NFSS spec.: <->"name:TeX
(fontspec)             Gyre
(fontspec)             Heros:mode=node;script=latn;language=ENG;+tlig;family=sf
;+smcp;"
(fontspec)             - 'bold' (b/n) with NFSS spec.: <->"name:TeX Gyre
(fontspec)             Heros/B:mode=node;script=latn;language=ENG;+tlig;family=
sf;"
(fontspec)             - 'bold small caps'  (b/sc) with NFSS spec.:
(fontspec)             <->"name:TeX Gyre
(fontspec)             Heros/B:mode=node;script=latn;language=ENG;+tlig;family=
sf;+smcp;"
(fontspec)             - 'italic' (m/it) with NFSS spec.: <->"name:TeX Gyre
(fontspec)             Heros/I:mode=node;script=latn;language=ENG;+tlig;family=
sf;"
(fontspec)             - 'italic small caps'  (m/scit) with NFSS spec.:
(fontspec)             <->"name:TeX Gyre
(fontspec)             Heros/I:mode=node;script=latn;language=ENG;+tlig;family=
sf;+smcp;"
(fontspec)             - 'bold italic' (b/it) with NFSS spec.: <->"name:TeX
(fontspec)             Gyre
(fontspec)             Heros/BI:mode=node;script=latn;language=ENG;+tlig;family
=sf;"
(fontspec)             - 'bold italic small caps'  (b/scit) with NFSS spec.:
(fontspec)             <->"name:TeX Gyre
(fontspec)             Heros/BI:mode=node;script=latn;language=ENG;+tlig;family
=sf;+smcp;"


Package fontspec Info: 
(fontspec)             Language 'English' not explicitly supported within font
(fontspec)             'TeX Gyre Cursor' with script 'Latin'. Check the
(fontspec)             typeset output, and if it is okay then ignore this
(fontspec)             warning. Otherwise a different font should be chosen.


Package fontspec Info: 
(fontspec)             Font family 'TeXGyreCursor(0)' created for font 'TeX
(fontspec)             Gyre Cursor' with options
(fontspec)             [Ligatures={TeX},WordSpace={1,0,0},HyphenChar=None,Punct
uationSpace=WordSpace,Script=Latin,Language=English,RawFeature={family=tt},Liga
tures={ResetAll}].
(fontspec)              
(fontspec)              This font family consists of the following NFSS
(fontspec)             series/shapes:
(fontspec)              
(fontspec)             - 'normal' (m/n) with NFSS spec.: <->"name:TeX Gyre
(fontspec)             Cursor:mode=node;script=latn;language=ENG;family=tt;"
(fontspec)             - 'small caps'  (m/sc) with NFSS spec.: <->"name:TeX
(fontspec)             Gyre
(fontspec)             Cursor:mode=node;script=latn;language=ENG;family=tt;+smc
p;"
(fontspec)             and font adjustment code:
(fontspec)             \fontdimen 2\font =1\fontdimen 2\font \fontdimen 3\font
(fontspec)             =0\fontdimen 3\font \fontdimen 4\font =0\fontdimen
(fontspec)             4\font \fontdimen 7\font =0\fontdimen 2\font
(fontspec)             \tex_hyphenchar:D \font =-1\scan_stop: 
(fontspec)             - 'bold' (b/n) with NFSS spec.: <->"name:TeX Gyre
(fontspec)             Cursor/B:mode=node;script=latn;language=ENG;family=tt;"
(fontspec)             - 'bold small caps'  (b/sc) with NFSS spec.:
(fontspec)             <->"name:TeX Gyre
(fontspec)             Cursor/B:mode=node;script=latn;language=ENG;family=tt;+s
mcp;"
(fontspec)             and font adjustment code:
(fontspec)             \fontdimen 2\font =1\fontdimen 2\font \fontdimen 3\font
(fontspec)             =0\fontdimen 3\font \fontdimen 4\font =0\fontdimen
(fontspec)             4\font \fontdimen 7\font =0\fontdimen 2\font
(fontspec)             \tex_hyphenchar:D \font =-1\scan_stop: 
(fontspec)             - 'italic' (m/it) with NFSS spec.: <->"name:TeX Gyre
(fontspec)             Cursor/I:mode=node;script=latn;language=ENG;family=tt;"
(fontspec)             - 'italic small caps'  (m/scit) with NFSS spec.:
(fontspec)             <->"name:TeX Gyre
(fontspec)             Cursor/I:mode=node;script=latn;language=ENG;family=tt;+s
mcp;"
(fontspec)             and font adjustment code:
(fontspec)             \fontdimen 2\font =1\fontdimen 2\font \fontdimen 3\font
(fontspec)             =0\fontdimen 3\font \fontdimen 4\font =0\fontdimen
(fontspec)             4\font \fontdimen 7\font =0\fontdimen 2\font
(fontspec)             \tex_hyphenchar:D \font =-1\scan_stop: 
(fontspec)             - 'bold italic' (b/it) with NFSS spec.: <->"name:TeX
(fontspec)             Gyre
(fontspec)             Cursor/BI:mode=node;script=latn;language=ENG;family=tt;"

(fontspec)             - 'bold italic small caps'  (b/scit) with NFSS spec.:
(fontspec)             <->"name:TeX Gyre
(fontspec)             Cursor/BI:mode=node;script=latn;language=ENG;family=tt;+
smcp;"
(fontspec)             and font adjustment code:
(fontspec)             \fontdimen 2\font =1\fontdimen 2\font \fontdimen 3\font
(fontspec)             =0\fontdimen 3\font \fontdimen 4\font =0\fontdimen
(fontspec)             4\font \fontdimen 7\font =0\fontdimen 2\font
(fontspec)             \tex_hyphenchar:D \font =-1\scan_stop: 


Excluding 'comment' comment.
(/usr/local/texlive/2026/texmf-dist/tex/latex/unicode-math/unicode-math.sty
Package: unicode-math 2023/08/13 v0.8r Unicode maths in XeLaTeX and LuaLaTeX

(/usr/local/texlive/2026/texmf-dist/tex/latex/unicode-math/unicode-math-luatex.
sty
Package: unicode-math-luatex 2023/08/13 v0.8r Unicode maths in XeLaTeX and LuaL
aTeX

(/usr/local/texlive/2026/texmf-dist/tex/latex/l3packages/l3keys2e/l3keys2e.sty
Package: l3keys2e 2025-10-09 LaTeX2e option processing using LaTeX3 keys
) (/usr/local/texlive/2026/texmf-dist/tex/latex/base/fix-cm.sty
Package: fix-cm 2020/11/24 v1.1t fixes to LaTeX

(/usr/local/texlive/2026/texmf-dist/tex/latex/base/ts1enc.def
File: ts1enc.def 2001/06/05 v3.0e (jk/car/fm) Standard LaTeX file
LaTeX Font Info:    Redeclaring font encoding TS1 on input line 47.
LaTeX Encoding Info:    Redeclaring text command \capitalcedilla (encoding TS1)
 on input line 49.
LaTeX Encoding Info:    Redeclaring text command \capitalogonek (encoding TS1) 
on input line 52.
LaTeX Encoding Info:    Redeclaring text command \capitalgrave (encoding TS1) o
n input line 55.
LaTeX Encoding Info:    Redeclaring text command \capitalacute (encoding TS1) o
n input line 56.
LaTeX Encoding Info:    Redeclaring text command \capitalcircumflex (encoding T
S1) on input line 57.
LaTeX Encoding Info:    Redeclaring text command \capitaltilde (encoding TS1) o
n input line 58.
LaTeX Encoding Info:    Redeclaring text command \capitaldieresis (encoding TS1
) on input line 59.
LaTeX Encoding Info:    Redeclaring text command \capitalhungarumlaut (encoding
 TS1) on input line 60.
LaTeX Encoding Info:    Redeclaring text command \capitalring (encoding TS1) on
 input line 61.
LaTeX Encoding Info:    Redeclaring text command \capitalcaron (encoding TS1) o
n input line 62.
LaTeX Encoding Info:    Redeclaring text command \capitalbreve (encoding TS1) o
n input line 63.
LaTeX Encoding Info:    Redeclaring text command \capitalmacron (encoding TS1) 
on input line 64.
LaTeX Encoding Info:    Redeclaring text command \capitaldotaccent (encoding TS
1) on input line 65.
LaTeX Encoding Info:    Redeclaring text command \t (encoding TS1) on input lin
e 66.
LaTeX Encoding Info:    Redeclaring text command \capitaltie (encoding TS1) on 
input line 67.
LaTeX Encoding Info:    Redeclaring text command \newtie (encoding TS1) on inpu
t line 68.
LaTeX Encoding Info:    Redeclaring text command \capitalnewtie (encoding TS1) 
on input line 69.
LaTeX Encoding Info:    Redeclaring text symbol \textcapitalcompwordmark (encod
ing TS1) on input line 70.
LaTeX Encoding Info:    Redeclaring text symbol \textascendercompwordmark (enco
ding TS1) on input line 71.
LaTeX Encoding Info:    Redeclaring text symbol \textquotestraightbase (encodin
g TS1) on input line 72.
LaTeX Encoding Info:    Redeclaring text symbol \textquotestraightdblbase (enco
ding TS1) on input line 73.
LaTeX Encoding Info:    Redeclaring text symbol \texttwelveudash (encoding TS1)
 on input line 74.
LaTeX Encoding Info:    Redeclaring text symbol \textthreequartersemdash (encod
ing TS1) on input line 75.
LaTeX Encoding Info:    Redeclaring text symbol \textleftarrow (encoding TS1) o
n input line 76.
LaTeX Encoding Info:    Redeclaring text symbol \textrightarrow (encoding TS1) 
on input line 77.
LaTeX Encoding Info:    Redeclaring text symbol \textblank (encoding TS1) on in
put line 78.
LaTeX Encoding Info:    Redeclaring text symbol \textdollar (encoding TS1) on i
nput line 79.
LaTeX Encoding Info:    Redeclaring text symbol \textquotesingle (encoding TS1)
 on input line 80.
LaTeX Encoding Info:    Redeclaring text command \textasteriskcentered (encodin
g TS1) on input line 81.
LaTeX Encoding Info:    Redeclaring text symbol \textdblhyphen (encoding TS1) o
n input line 92.
LaTeX Encoding Info:    Redeclaring text symbol \textfractionsolidus (encoding 
TS1) on input line 93.
LaTeX Encoding Info:    Redeclaring text symbol \textzerooldstyle (encoding TS1
) on input line 94.
LaTeX Encoding Info:    Redeclaring text symbol \textoneoldstyle (encoding TS1)
 on input line 95.
LaTeX Encoding Info:    Redeclaring text symbol \texttwooldstyle (encoding TS1)
 on input line 96.
LaTeX Encoding Info:    Redeclaring text symbol \textthreeoldstyle (encoding TS
1) on input line 97.
LaTeX Encoding Info:    Redeclaring text symbol \textfouroldstyle (encoding TS1
) on input line 98.
LaTeX Encoding Info:    Redeclaring text symbol \textfiveoldstyle (encoding TS1
) on input line 99.
LaTeX Encoding Info:    Redeclaring text symbol \textsixoldstyle (encoding TS1)
 on input line 100.
LaTeX Encoding Info:    Redeclaring text symbol \textsevenoldstyle (encoding TS
1) on input line 101.
LaTeX Encoding Info:    Redeclaring text symbol \texteightoldstyle (encoding TS
1) on input line 102.
LaTeX Encoding Info:    Redeclaring text symbol \textnineoldstyle (encoding TS1
) on input line 103.
LaTeX Encoding Info:    Redeclaring text symbol \textlangle (encoding TS1) on i
nput line 104.
LaTeX Encoding Info:    Redeclaring text symbol \textminus (encoding TS1) on in
put line 105.
LaTeX Encoding Info:    Redeclaring text symbol \textrangle (encoding TS1) on i
nput line 106.
LaTeX Encoding Info:    Redeclaring text symbol \textmho (encoding TS1) on inpu
t line 107.
LaTeX Encoding Info:    Redeclaring text symbol \textbigcircle (encoding TS1) o
n input line 108.
LaTeX Encoding Info:    Redeclaring text command \textcircled (encoding TS1) on
 input line 109.
LaTeX Encoding Info:    Redeclaring text symbol \textohm (encoding TS1) on inpu
t line 115.
LaTeX Encoding Info:    Redeclaring text symbol \textlbrackdbl (encoding TS1) o
n input line 116.
LaTeX Encoding Info:    Redeclaring text symbol \textrbrackdbl (encoding TS1) o
n input line 117.
LaTeX Encoding Info:    Redeclaring text symbol \textuparrow (encoding TS1) on 
input line 118.
LaTeX Encoding Info:    Redeclaring text symbol \textdownarrow (encoding TS1) o
n input line 119.
LaTeX Encoding Info:    Redeclaring text symbol \textasciigrave (encoding TS1) 
on input line 120.
LaTeX Encoding Info:    Redeclaring text symbol \textborn (encoding TS1) on inp
ut line 121.
LaTeX Encoding Info:    Redeclaring text symbol \textdivorced (encoding TS1) on
 input line 122.
LaTeX Encoding Info:    Redeclaring text symbol \textdied (encoding TS1) on inp
ut line 123.
LaTeX Encoding Info:    Redeclaring text symbol \textleaf (encoding TS1) on inp
ut line 124.
LaTeX Encoding Info:    Redeclaring text symbol \textmarried (encoding TS1) on 
input line 125.
LaTeX Encoding Info:    Redeclaring text symbol \textmusicalnote (encoding TS1)
 on input line 126.
LaTeX Encoding Info:    Redeclaring text symbol \texttildelow (encoding TS1) on
 input line 127.
LaTeX Encoding Info:    Redeclaring text symbol \textdblhyphenchar (encoding TS
1) on input line 128.
LaTeX Encoding Info:    Redeclaring text symbol \textasciibreve (encoding TS1) 
on input line 129.
LaTeX Encoding Info:    Redeclaring text symbol \textasciicaron (encoding TS1) 
on input line 130.
LaTeX Encoding Info:    Redeclaring text symbol \textacutedbl (encoding TS1) on
 input line 131.
LaTeX Encoding Info:    Redeclaring text symbol \textgravedbl (encoding TS1) on
 input line 132.
LaTeX Encoding Info:    Redeclaring text symbol \textdagger (encoding TS1) on i
nput line 133.
LaTeX Encoding Info:    Redeclaring text symbol \textdaggerdbl (encoding TS1) o
n input line 134.
LaTeX Encoding Info:    Redeclaring text symbol \textbardbl (encoding TS1) on i
nput line 135.
LaTeX Encoding Info:    Redeclaring text symbol \textperthousand (encoding TS1)
 on input line 136.
LaTeX Encoding Info:    Redeclaring text symbol \textbullet (encoding TS1) on i
nput line 137.
LaTeX Encoding Info:    Redeclaring text symbol \textcelsius (encoding TS1) on 
input line 138.
LaTeX Encoding Info:    Redeclaring text symbol \textdollaroldstyle (encoding T
S1) on input line 139.
LaTeX Encoding Info:    Redeclaring text symbol \textcentoldstyle (encoding TS1
) on input line 140.
LaTeX Encoding Info:    Redeclaring text symbol \textflorin (encoding TS1) on i
nput line 141.
LaTeX Encoding Info:    Redeclaring text symbol \textcolonmonetary (encoding TS
1) on input line 142.
LaTeX Encoding Info:    Redeclaring text symbol \textwon (encoding TS1) on inpu
t line 143.
LaTeX Encoding Info:    Redeclaring text symbol \textnaira (encoding TS1) on in
put line 144.
LaTeX Encoding Info:    Redeclaring text symbol \textguarani (encoding TS1) on 
input line 145.
LaTeX Encoding Info:    Redeclaring text symbol \textpeso (encoding TS1) on inp
ut line 146.
LaTeX Encoding Info:    Redeclaring text symbol \textlira (encoding TS1) on inp
ut line 147.
LaTeX Encoding Info:    Redeclaring text symbol \textrecipe (encoding TS1) on i
nput line 148.
LaTeX Encoding Info:    Redeclaring text symbol \textinterrobang (encoding TS1)
 on input line 149.
LaTeX Encoding Info:    Redeclaring text symbol \textinterrobangdown (encoding 
TS1) on input line 150.
LaTeX Encoding Info:    Redeclaring text symbol \textdong (encoding TS1) on inp
ut line 151.
LaTeX Encoding Info:    Redeclaring text symbol \texttrademark (encoding TS1) o
n input line 152.
LaTeX Encoding Info:    Redeclaring text symbol \textpertenthousand (encoding T
S1) on input line 153.
LaTeX Encoding Info:    Redeclaring text symbol \textpilcrow (encoding TS1) on 
input line 154.
LaTeX Encoding Info:    Redeclaring text symbol \textbaht (encoding TS1) on inp
ut line 155.
LaTeX Encoding Info:    Redeclaring text symbol \textnumero (encoding TS1) on i
nput line 156.
LaTeX Encoding Info:    Redeclaring text symbol \textdiscount (encoding TS1) on
 input line 157.
LaTeX Encoding Info:    Redeclaring text symbol \textestimated (encoding TS1) o
n input line 158.
LaTeX Encoding Info:    Redeclaring text symbol \textopenbullet (encoding TS1) 
on input line 159.
LaTeX Encoding Info:    Redeclaring text symbol \textservicemark (encoding TS1)
 on input line 160.
LaTeX Encoding Info:    Redeclaring text symbol \textlquill (encoding TS1) on i
nput line 161.
LaTeX Encoding Info:    Redeclaring text symbol \textrquill (encoding TS1) on i
nput line 162.
LaTeX Encoding Info:    Redeclaring text symbol \textcent (encoding TS1) on inp
ut line 163.
LaTeX Encoding Info:    Redeclaring text symbol \textsterling (encoding TS1) on
 input line 164.
LaTeX Encoding Info:    Redeclaring text symbol \textcurrency (encoding TS1) on
 input line 165.
LaTeX Encoding Info:    Redeclaring text symbol \textyen (encoding TS1) on inpu
t line 166.
LaTeX Encoding Info:    Redeclaring text symbol \textbrokenbar (encoding TS1) o
n input line 167.
LaTeX Encoding Info:    Redeclaring text symbol \textsection (encoding TS1) on 
input line 168.
LaTeX Encoding Info:    Redeclaring text symbol \textasciidieresis (encoding TS
1) on input line 169.
LaTeX Encoding Info:    Redeclaring text symbol \textcopyright (encoding TS1) o
n input line 170.
LaTeX Encoding Info:    Redeclaring text symbol \textordfeminine (encoding TS1)
 on input line 171.
LaTeX Encoding Info:    Redeclaring text symbol \textcopyleft (encoding TS1) on
 input line 172.
LaTeX Encoding Info:    Redeclaring text symbol \textlnot (encoding TS1) on inp
ut line 173.
LaTeX Encoding Info:    Redeclaring text symbol \textcircledP (encoding TS1) on
 input line 174.
LaTeX Encoding Info:    Redeclaring text symbol \textregistered (encoding TS1) 
on input line 175.
LaTeX Encoding Info:    Redeclaring text symbol \textasciimacron (encoding TS1)
 on input line 176.
LaTeX Encoding Info:    Redeclaring text symbol \textdegree (encoding TS1) on i
nput line 177.
LaTeX Encoding Info:    Redeclaring text symbol \textpm (encoding TS1) on input
 line 178.
LaTeX Encoding Info:    Redeclaring text symbol \texttwosuperior (encoding TS1)
 on input line 179.
LaTeX Encoding Info:    Redeclaring text symbol \textthreesuperior (encoding TS
1) on input line 180.
LaTeX Encoding Info:    Redeclaring text symbol \textasciiacute (encoding TS1) 
on input line 181.
LaTeX Encoding Info:    Redeclaring text symbol \textmu (encoding TS1) on input
 line 182.
LaTeX Encoding Info:    Redeclaring text symbol \textparagraph (encoding TS1) o
n input line 183.
LaTeX Encoding Info:    Redeclaring text symbol \textperiodcentered (encoding T
S1) on input line 184.
LaTeX Encoding Info:    Redeclaring text symbol \textreferencemark (encoding TS
1) on input line 185.
LaTeX Encoding Info:    Redeclaring text symbol \textonesuperior (encoding TS1)
 on input line 186.
LaTeX Encoding Info:    Redeclaring text symbol \textordmasculine (encoding TS1
) on input line 187.
LaTeX Encoding Info:    Redeclaring text symbol \textsurd (encoding TS1) on inp
ut line 188.
LaTeX Encoding Info:    Redeclaring text symbol \textonequarter (encoding TS1) 
on input line 189.
LaTeX Encoding Info:    Redeclaring text symbol \textonehalf (encoding TS1) on 
input line 190.
LaTeX Encoding Info:    Redeclaring text symbol \textthreequarters (encoding TS
1) on input line 191.
LaTeX Encoding Info:    Redeclaring text symbol \texteuro (encoding TS1) on inp
ut line 192.
LaTeX Encoding Info:    Redeclaring text symbol \texttimes (encoding TS1) on in
put line 193.
LaTeX Encoding Info:    Redeclaring text symbol \textdiv (encoding TS1) on inpu
t line 194.
))
(/usr/local/texlive/2026/texmf-dist/tex/lualatex/lualatex-math/lualatex-math.st
y
Package: lualatex-math 2022/01/01 v1.12 Patches for mathematics typesetting wit
h LuaLaTeX
Lua module: lualatex-math 2013/08/03 v1.3 Patches for mathematics typesetting wi
th LuaLaTeX)
\g__um_fam_int=\count642
\g__um_fonts_used_int=\count643
\l__um_primecount_int=\count644
\g__um_primekern_muskip=\muskip23

(/usr/local/texlive/2026/texmf-dist/tex/latex/unicode-math/unicode-math-table.t
ex)))
LaTeX Font Info:    Redeclaring math version `normal' on input line 117.

Package fontspec Info: 
(fontspec)             Could not resolve font "STIX Two Math/B" (it probably
(fontspec)             doesn't exist).


Package fontspec Info: 
(fontspec)             Font family 'STIXTwoMath(0)' created for font 'STIX Two
(fontspec)             Math' with options
(fontspec)             [Ligatures={TeX},Renderer=Basic,BoldItalicFont={},Italic
Font={},SmallCapsFont={},Script=Math,RawFeature={mathfontdimen=xetex}].
(fontspec)              
(fontspec)              This font family consists of the following NFSS
(fontspec)             series/shapes:
(fontspec)              
(fontspec)             - 'normal' (m/n) with NFSS spec.: <->"name:STIX Two
(fontspec)             Math:mode=base;script=math;language=dflt;+tlig;mathfontd
imen=xetex;"


Package fontspec Info: 
(fontspec)             Could not resolve font "STIX Two Math/B" (it probably
(fontspec)             doesn't exist).


Package fontspec Info: 
(fontspec)             Font family 'STIXTwoMath(1)' created for font 'STIX Two
(fontspec)             Math' with options
(fontspec)             [Ligatures={TeX},Renderer=Basic,BoldItalicFont={},Italic
Font={},SmallCapsFont={},Script=Math,SizeFeatures={{Size=10.2-},{Size=7.5-10.2,
Font=STIX
(fontspec)             Two Math,Style=MathScript},{Size=-7.5,Font=STIX Two
(fontspec)             Math,Style=MathScriptScript}},RawFeature={mathfontdimen=
xetex}].
(fontspec)              
(fontspec)              This font family consists of the following NFSS
(fontspec)             series/shapes:
(fontspec)              
(fontspec)             - 'normal' (m/n) with NFSS spec.: <10.2->"name:STIX Two
(fontspec)             Math:mode=base;script=math;language=dflt;+tlig;mathfontd
imen=xetex;"<7.5-10.2>"name:STIX
(fontspec)             Two
(fontspec)             Math:mode=base;script=math;language=dflt;+tlig;mathfontd
imen=xetex;+ssty=0;"<-7.5>"name:STIX
(fontspec)             Two
(fontspec)             Math:mode=base;script=math;language=dflt;+tlig;mathfontd
imen=xetex;+ssty=1;"

LaTeX Font Info:    Encoding `OT1' has changed to `TU' for symbol font
(Font)              `operators' in the math version `normal' on input line 117.

LaTeX Font Info:    Overwriting symbol font `operators' in version `normal'
(Font)                  OT1/cmr/m/n --> TU/STIXTwoMath(1)/m/n on input line 117
.
LaTeX Font Info:    Encoding `OT1' has changed to `TU' for symbol font
(Font)              `operators' in the math version `bold' on input line 117.
LaTeX Font Info:    Overwriting symbol font `operators' in version `bold'
(Font)                  OT1/cmr/bx/n --> TU/STIXTwoMath(1)/b/n on input line 11
7.

Package fontspec Info: 
(fontspec)             Could not resolve font "STIX Two Math/B" (it probably
(fontspec)             doesn't exist).


Package fontspec Info: 
(fontspec)             Font family 'STIXTwoMath(2)' created for font 'STIX Two
(fontspec)             Math' with options
(fontspec)             [Ligatures={TeX},Renderer=Basic,BoldItalicFont={},Italic
Font={},SmallCapsFont={},Script=Math,SizeFeatures={{Size=10.2-},{Size=7.5-10.2,
Font=STIX
(fontspec)             Two Math,Style=MathScript},{Size=-7.5,Font=STIX Two
(fontspec)             Math,Style=MathScriptScript}},RawFeature={mathfontdimen=
xetex},RawFeature={mathfontdimen=tex2}].
(fontspec)              
(fontspec)              This font family consists of the following NFSS
(fontspec)             series/shapes:
(fontspec)              
(fontspec)             - 'normal' (m/n) with NFSS spec.: <10.2->"name:STIX Two
(fontspec)             Math:mode=base;script=math;language=dflt;+tlig;mathfontd
imen=xetex;mathfontdimen=tex2;"<7.5-10.2>"name:STIX
(fontspec)             Two
(fontspec)             Math:mode=base;script=math;language=dflt;+tlig;mathfontd
imen=xetex;mathfontdimen=tex2;+ssty=0;"<-7.5>"name:STIX
(fontspec)             Two
(fontspec)             Math:mode=base;script=math;language=dflt;+tlig;mathfontd
imen=xetex;mathfontdimen=tex2;+ssty=1;"

LaTeX Font Info:    Encoding `OMS' has changed to `TU' for symbol font
(Font)              `symbols' in the math version `normal' on input line 117.
LaTeX Font Info:    Overwriting symbol font `symbols' in version `normal'
(Font)                  OMS/cmsy/m/n --> TU/STIXTwoMath(2)/m/n on input line 11
7.
LaTeX Font Info:    Encoding `OMS' has changed to `TU' for symbol font
(Font)              `symbols' in the math version `bold' on input line 117.
LaTeX Font Info:    Overwriting symbol font `symbols' in version `bold'
(Font)                  OMS/cmsy/b/n --> TU/STIXTwoMath(2)/b/n on input line 11
7.

Package fontspec Info: 
(fontspec)             Could not resolve font "STIX Two Math/B" (it probably
(fontspec)             doesn't exist).


Package fontspec Info: 
(fontspec)             Font family 'STIXTwoMath(3)' created for font 'STIX Two
(fontspec)             Math' with options
(fontspec)             [Ligatures={TeX},Renderer=Basic,BoldItalicFont={},Italic
Font={},SmallCapsFont={},Script=Math,SizeFeatures={{Size=10.2-},{Size=7.5-10.2,
Font=STIX
(fontspec)             Two Math,Style=MathScript},{Size=-7.5,Font=STIX Two
(fontspec)             Math,Style=MathScriptScript}},RawFeature={mathfontdimen=
xetex},RawFeature={mathfontdimen=tex3}].
(fontspec)              
(fontspec)              This font family consists of the following NFSS
(fontspec)             series/shapes:
(fontspec)              
(fontspec)             - 'normal' (m/n) with NFSS spec.: <10.2->"name:STIX Two
(fontspec)             Math:mode=base;script=math;language=dflt;+tlig;mathfontd
imen=xetex;mathfontdimen=tex3;"<7.5-10.2>"name:STIX
(fontspec)             Two
(fontspec)             Math:mode=base;script=math;language=dflt;+tlig;mathfontd
imen=xetex;mathfontdimen=tex3;+ssty=0;"<-7.5>"name:STIX
(fontspec)             Two
(fontspec)             Math:mode=base;script=math;language=dflt;+tlig;mathfontd
imen=xetex;mathfontdimen=tex3;+ssty=1;"

LaTeX Font Info:    Encoding `OMX' has changed to `TU' for symbol font
(Font)              `largesymbols' in the math version `normal' on input line 1
17.
LaTeX Font Info:    Overwriting symbol font `largesymbols' in version `normal'
(Font)                  OMX/cmex/m/n --> TU/STIXTwoMath(3)/m/n on input line 11
7.
LaTeX Font Info:    Encoding `OMX' has changed to `TU' for symbol font
(Font)              `largesymbols' in the math version `bold' on input line 117
.
LaTeX Font Info:    Overwriting symbol font `largesymbols' in version `bold'
(Font)                  OMX/cmex/m/n --> TU/STIXTwoMath(3)/b/n on input line 11
7.
LaTeX Font Info:    Trying to load font information for U+stmry on input line 1
17.
 (/usr/local/texlive/2026/texmf-dist/tex/latex/stmaryrd/Ustmry.fd)
LaTeX Font Info:    Redeclaring math version `bold' on input line 119.

Package fontspec Info: 
(fontspec)             Could not resolve font "TeX Gyre Pagella Math/B" (it
(fontspec)             probably doesn't exist).


Package fontspec Info: 
(fontspec)             Font family 'TeXGyrePagellaMath(0)' created for font
(fontspec)             'TeX Gyre Pagella Math' with options
(fontspec)             [Ligatures={TeX},Renderer=Basic,BoldItalicFont={},Italic
Font={},SmallCapsFont={},Script=Math,RawFeature={mathfontdimen=xetex},BoldFeatu
res={FakeBold=1.5}].
(fontspec)              
(fontspec)              This font family consists of the following NFSS
(fontspec)             series/shapes:
(fontspec)              
(fontspec)             - 'normal' (m/n) with NFSS spec.: <->"name:TeX Gyre
(fontspec)             Pagella
(fontspec)             Math:mode=base;script=math;language=dflt;+tlig;mathfontd
imen=xetex;"


Package fontspec Info: 
(fontspec)             Could not resolve font "TeX Gyre Pagella Math/B" (it
(fontspec)             probably doesn't exist).


Package fontspec Info: 
(fontspec)             Font family 'TeXGyrePagellaMath(1)' created for font
(fontspec)             'TeX Gyre Pagella Math' with options
(fontspec)             [Ligatures={TeX},Renderer=Basic,BoldItalicFont={},Italic
Font={},SmallCapsFont={},Script=Math,SizeFeatures={{Size=10.44-},{Size=7.74-10.
44,Font=TeX
(fontspec)             Gyre Pagella
(fontspec)             Math,Style=MathScript},{Size=-7.74,Font=TeX Gyre
(fontspec)             Pagella
(fontspec)             Math,Style=MathScriptScript}},RawFeature={mathfontdimen=
xetex},BoldFeatures={FakeBold=1.5}].
(fontspec)              
(fontspec)              This font family consists of the following NFSS
(fontspec)             series/shapes:
(fontspec)              
(fontspec)             - 'normal' (m/n) with NFSS spec.: <10.44->"name:TeX
(fontspec)             Gyre Pagella
(fontspec)             Math:mode=base;script=math;language=dflt;+tlig;mathfontd
imen=xetex;"<7.74-10.44>"name:TeX
(fontspec)             Gyre Pagella
(fontspec)             Math:mode=base;script=math;language=dflt;+tlig;mathfontd
imen=xetex;+ssty=0;"<-7.74>"name:TeX
(fontspec)             Gyre Pagella
(fontspec)             Math:mode=base;script=math;language=dflt;+tlig;mathfontd
imen=xetex;+ssty=1;"

LaTeX Font Info:    Encoding `OT1' has changed to `TU' for symbol font
(Font)              `operators' in the math version `bold' on input line 119.
LaTeX Font Info:    Overwriting symbol font `operators' in version `bold'
(Font)                  OT1/cmr/m/n --> TU/TeXGyrePagellaMath(1)/m/n on input l
ine 119.

Package fontspec Info: 
(fontspec)             Could not resolve font "TeX Gyre Pagella Math/B" (it
(fontspec)             probably doesn't exist).


Package fontspec Info: 
(fontspec)             Font family 'TeXGyrePagellaMath(2)' created for font
(fontspec)             'TeX Gyre Pagella Math' with options
(fontspec)             [Ligatures={TeX},Renderer=Basic,BoldItalicFont={},Italic
Font={},SmallCapsFont={},Script=Math,SizeFeatures={{Size=10.44-},{Size=7.74-10.
44,Font=TeX
(fontspec)             Gyre Pagella
(fontspec)             Math,Style=MathScript},{Size=-7.74,Font=TeX Gyre
(fontspec)             Pagella
(fontspec)             Math,Style=MathScriptScript}},RawFeature={mathfontdimen=
xetex},BoldFeatures={FakeBold=1.5},RawFeature={mathfontdimen=tex2}].
(fontspec)              
(fontspec)              This font family consists of the following NFSS
(fontspec)             series/shapes:
(fontspec)              
(fontspec)             - 'normal' (m/n) with NFSS spec.: <10.44->"name:TeX
(fontspec)             Gyre Pagella
(fontspec)             Math:mode=base;script=math;language=dflt;+tlig;mathfontd
imen=xetex;mathfontdimen=tex2;"<7.74-10.44>"name:TeX
(fontspec)             Gyre Pagella
(fontspec)             Math:mode=base;script=math;language=dflt;+tlig;mathfontd
imen=xetex;mathfontdimen=tex2;+ssty=0;"<-7.74>"name:TeX
(fontspec)             Gyre Pagella
(fontspec)             Math:mode=base;script=math;language=dflt;+tlig;mathfontd
imen=xetex;mathfontdimen=tex2;+ssty=1;"

LaTeX Font Info:    Encoding `OMS' has changed to `TU' for symbol font
(Font)              `symbols' in the math version `bold' on input line 119.
LaTeX Font Info:    Overwriting symbol font `symbols' in version `bold'
(Font)                  OMS/cmsy/m/n --> TU/TeXGyrePagellaMath(2)/m/n on input 
line 119.

Package fontspec Info: 
(fontspec)             Could not resolve font "TeX Gyre Pagella Math/B" (it
(fontspec)             probably doesn't exist).


Package fontspec Info: 
(fontspec)             Font family 'TeXGyrePagellaMath(3)' created for font
(fontspec)             'TeX Gyre Pagella Math' with options
(fontspec)             [Ligatures={TeX},Renderer=Basic,BoldItalicFont={},Italic
Font={},SmallCapsFont={},Script=Math,SizeFeatures={{Size=10.44-},{Size=7.74-10.
44,Font=TeX
(fontspec)             Gyre Pagella
(fontspec)             Math,Style=MathScript},{Size=-7.74,Font=TeX Gyre
(fontspec)             Pagella
(fontspec)             Math,Style=MathScriptScript}},RawFeature={mathfontdimen=
xetex},BoldFeatures={FakeBold=1.5},RawFeature={mathfontdimen=tex3}].
(fontspec)              
(fontspec)              This font family consists of the following NFSS
(fontspec)             series/shapes:
(fontspec)              
(fontspec)             - 'normal' (m/n) with NFSS spec.: <10.44->"name:TeX
(fontspec)             Gyre Pagella
(fontspec)             Math:mode=base;script=math;language=dflt;+tlig;mathfontd
imen=xetex;mathfontdimen=tex3;"<7.74-10.44>"name:TeX
(fontspec)             Gyre Pagella
(fontspec)             Math:mode=base;script=math;language=dflt;+tlig;mathfontd
imen=xetex;mathfontdimen=tex3;+ssty=0;"<-7.74>"name:TeX
(fontspec)             Gyre Pagella
(fontspec)             Math:mode=base;script=math;language=dflt;+tlig;mathfontd
imen=xetex;mathfontdimen=tex3;+ssty=1;"

LaTeX Font Info:    Encoding `OMX' has changed to `TU' for symbol font
(Font)              `largesymbols' in the math version `bold' on input line 119
.
LaTeX Font Info:    Overwriting symbol font `largesymbols' in version `bold'
(Font)                  OMX/cmex/m/n --> TU/TeXGyrePagellaMath(3)/m/n on input 
line 119.

Package fontspec Info: 
(fontspec)             Could not resolve font "STIX Two Math/BI" (it probably
(fontspec)             doesn't exist).


Package fontspec Info: 
(fontspec)             Could not resolve font "STIX Two Math/B" (it probably
(fontspec)             doesn't exist).


Package fontspec Info: 
(fontspec)             Could not resolve font "STIX Two Math/I" (it probably
(fontspec)             doesn't exist).


Package fontspec Info: 
(fontspec)             Font family 'STIXTwoMath(4)' created for font 'STIX Two
(fontspec)             Math' with options [Ligatures={TeX}].
(fontspec)              
(fontspec)              This font family consists of the following NFSS
(fontspec)             series/shapes:
(fontspec)              
(fontspec)             - 'normal' (m/n) with NFSS spec.: <->"name:STIX Two
(fontspec)             Math:mode=node;script=latn;language=dflt;+tlig;"


Package fontspec Info: 
(fontspec)             Font family 'STIXTwoText(0)' created for font 'STIX Two
(fontspec)             Text' with options [Ligatures={TeX}].
(fontspec)              
(fontspec)              This font family consists of the following NFSS
(fontspec)             series/shapes:
(fontspec)              
(fontspec)             - 'normal' (m/n) with NFSS spec.: <->"name:STIX Two
(fontspec)             Text:mode=node;script=latn;language=dflt;+tlig;"
(fontspec)             - 'small caps'  (m/sc) with NFSS spec.: <->"name:STIX
(fontspec)             Two
(fontspec)             Text:mode=node;script=latn;language=dflt;+tlig;+smcp;"
(fontspec)             - 'bold' (b/n) with NFSS spec.: <->"name:STIX Two
(fontspec)             Text/B:mode=node;script=latn;language=dflt;+tlig;"
(fontspec)             - 'bold small caps'  (b/sc) with NFSS spec.:
(fontspec)             <->"name:STIX Two
(fontspec)             Text/B:mode=node;script=latn;language=dflt;+tlig;+smcp;"

(fontspec)             - 'italic' (m/it) with NFSS spec.: <->"name:STIX Two
(fontspec)             Text/I:mode=node;script=latn;language=dflt;+tlig;"
(fontspec)             - 'italic small caps'  (m/scit) with NFSS spec.:
(fontspec)             <->"name:STIX Two
(fontspec)             Text/I:mode=node;script=latn;language=dflt;+tlig;+smcp;"

(fontspec)             - 'bold italic' (b/it) with NFSS spec.: <->"name:STIX
(fontspec)             Two Text/BI:mode=node;script=latn;language=dflt;+tlig;"
(fontspec)             - 'bold italic small caps'  (b/scit) with NFSS spec.:
(fontspec)             <->"name:STIX Two
(fontspec)             Text/BI:mode=node;script=latn;language=dflt;+tlig;+smcp;
"


Package fontspec Info: 
(fontspec)             Could not resolve font "STIX Two Math/BI" (it probably
(fontspec)             doesn't exist).


Package fontspec Info: 
(fontspec)             Could not resolve font "STIX Two Math/B" (it probably
(fontspec)             doesn't exist).


Package fontspec Info: 
(fontspec)             Could not resolve font "STIX Two Math/I" (it probably
(fontspec)             doesn't exist).


Package fontspec Info: 
(fontspec)             Font family 'STIXTwoMath(5)' created for font 'STIX Two
(fontspec)             Math' with options [Ligatures={TeX},StylisticSet=1].
(fontspec)              
(fontspec)              This font family consists of the following NFSS
(fontspec)             series/shapes:
(fontspec)              
(fontspec)             - 'normal' (m/n) with NFSS spec.: <->"name:STIX Two
(fontspec)             Math:mode=node;script=latn;language=dflt;+tlig;+ss01;"


(/usr/local/texlive/2026/texmf-dist/tex/generic/babel/locale/en/babel-english.t
ex)
Package babel Info: Importing data for 'english'
(babel)             from babel-en.ini. Reported on input line 148.
Inserting `Babel.hyphenate' in `hyphenate'. (./Figtree.fontspec)

Package fontspec Info: 
(fontspec)             Font family 'Figtree(0)' created for font 'Figtree'
(fontspec)             with options
(fontspec)             [Ligatures={TeX},Path=./Figtree/static/,Extension =
(fontspec)             .ttf,UprightFont=*-Regular,BoldFont=*-Bold,BoldItalicFon
t=*-BoldItalic,ItalicFont=*-Italic,FontFace={md}{n}{*-Medium},FontFace={md}{it}
{*-MediumItalic},FontFace={sb}{n}{*-Semibold},FontFace={sb}{it}{*-SemiBoldItali
c},Ligatures=TeX,Path=./Figtree/static/,Extension
(fontspec)             =
(fontspec)             .ttf,UprightFont=*-Regular,BoldFont=*-Bold,BoldItalicFon
t=*-BoldItalic,ItalicFont=*-Italic,FontFace={l}{n}{*-Light},FontFace={l}{it}{*-
LightItalic},FontFace={md}{n}{*-Medium},FontFace={md}{it}{*-MediumItalic},FontF
ace={sb}{n}{*-Semibold},FontFace={sb}{it}{*-SemiBoldItalic},FontFace={k}{n}{*-B
lack},FontFace={k}{it}{*-BlackItalic},FontFace={eb}{n}{Font=*-ExtraBold},FontFa
ce={eb}{it}{Font=*-ExtraBoldItalic}].
(fontspec)              
(fontspec)              This font family consists of the following NFSS
(fontspec)             series/shapes:
(fontspec)              
(fontspec)             - (md/n) with NFSS spec.:
(fontspec)             <->"[./Figtree/static/Figtree-Medium.ttf]:mode=node;scri
pt=latn;language=dflt;+tlig;"
(fontspec)             - (md/it) with NFSS spec.:
(fontspec)             <->"[./Figtree/static/Figtree-MediumItalic.ttf]:mode=nod
e;script=latn;language=dflt;+tlig;"
(fontspec)             - (sb/n) with NFSS spec.:
(fontspec)             <->"[./Figtree/static/Figtree-Semibold.ttf]:mode=node;sc
ript=latn;language=dflt;+tlig;"
(fontspec)             - (sb/it) with NFSS spec.:
(fontspec)             <->"[./Figtree/static/Figtree-SemiBoldItalic.ttf]:mode=n
ode;script=latn;language=dflt;+tlig;"
(fontspec)             - (l/n) with NFSS spec.:
(fontspec)             <->"[./Figtree/static/Figtree-Light.ttf]:mode=node;scrip
t=latn;language=dflt;+tlig;"
(fontspec)             - (l/it) with NFSS spec.:
(fontspec)             <->"[./Figtree/static/Figtree-LightItalic.ttf]:mode=node
;script=latn;language=dflt;+tlig;"
(fontspec)             - (k/n) with NFSS spec.:
(fontspec)             <->"[./Figtree/static/Figtree-Black.ttf]:mode=node;scrip
t=latn;language=dflt;+tlig;"
(fontspec)             - (k/it) with NFSS spec.:
(fontspec)             <->"[./Figtree/static/Figtree-BlackItalic.ttf]:mode=node
;script=latn;language=dflt;+tlig;"
(fontspec)             - (eb/n) with NFSS spec.:
(fontspec)             <->"[./Figtree/static/Figtree-ExtraBold.ttf]:mode=node;s
cript=latn;language=dflt;+tlig;"
(fontspec)             - (eb/it) with NFSS spec.:
(fontspec)             <->"[./Figtree/static/Figtree-ExtraBoldItalic.ttf]:mode=
node;script=latn;language=dflt;+tlig;"
(fontspec)             - 'normal' (m/n) with NFSS spec.:
(fontspec)             <->"[./Figtree/static/Figtree-Regular.ttf]:mode=node;scr
ipt=latn;language=dflt;+tlig;"
(fontspec)             - 'bold' (b/n) with NFSS spec.:
(fontspec)             <->"[./Figtree/static/Figtree-Bold.ttf]:mode=node;script
=latn;language=dflt;+tlig;"
(fontspec)             - 'italic' (m/it) with NFSS spec.:
(fontspec)             <->"[./Figtree/static/Figtree-Italic.ttf]:mode=node;scri
pt=latn;language=dflt;+tlig;"
(fontspec)             - 'bold italic' (b/it) with NFSS spec.:
(fontspec)             <->"[./Figtree/static/Figtree-BoldItalic.ttf]:mode=node;
script=latn;language=dflt;+tlig;"


Package fontspec Info: 
(fontspec)             Font family 'Figtree(1)' created for font 'Figtree'
(fontspec)             with options
(fontspec)             [Ligatures={TeX},Path=./Figtree/static/,Extension =
(fontspec)             .ttf,UprightFont=*-Regular,BoldFont=*-Bold,BoldItalicFon
t=*-BoldItalic,ItalicFont=*-Italic,FontFace={md}{n}{*-Medium},FontFace={md}{it}
{*-MediumItalic},FontFace={sb}{n}{*-Semibold},FontFace={sb}{it}{*-SemiBoldItali
c}].
(fontspec)              
(fontspec)              This font family consists of the following NFSS
(fontspec)             series/shapes:
(fontspec)              
(fontspec)             - (md/n) with NFSS spec.:
(fontspec)             <->"[./Figtree/static/Figtree-Medium.ttf]:mode=node;scri
pt=latn;language=dflt;+tlig;"
(fontspec)             - (md/it) with NFSS spec.:
(fontspec)             <->"[./Figtree/static/Figtree-MediumItalic.ttf]:mode=nod
e;script=latn;language=dflt;+tlig;"
(fontspec)             - (sb/n) with NFSS spec.:
(fontspec)             <->"[./Figtree/static/Figtree-Semibold.ttf]:mode=node;sc
ript=latn;language=dflt;+tlig;"
(fontspec)             - (sb/it) with NFSS spec.:
(fontspec)             <->"[./Figtree/static/Figtree-SemiBoldItalic.ttf]:mode=n
ode;script=latn;language=dflt;+tlig;"
(fontspec)             - 'normal' (m/n) with NFSS spec.:
(fontspec)             <->"[./Figtree/static/Figtree-Regular.ttf]:mode=node;scr
ipt=latn;language=dflt;+tlig;"
(fontspec)             - 'bold' (b/n) with NFSS spec.:
(fontspec)             <->"[./Figtree/static/Figtree-Bold.ttf]:mode=node;script
=latn;language=dflt;+tlig;"
(fontspec)             - 'italic' (m/it) with NFSS spec.:
(fontspec)             <->"[./Figtree/static/Figtree-Italic.ttf]:mode=node;scri
pt=latn;language=dflt;+tlig;"
(fontspec)             - 'bold italic' (b/it) with NFSS spec.:
(fontspec)             <->"[./Figtree/static/Figtree-BoldItalic.ttf]:mode=node;
script=latn;language=dflt;+tlig;"


Package fontspec Info: 
(fontspec)             Font family 'NotoEmoji(0)' created for font 'NotoEmoji'
(fontspec)             with options
(fontspec)             [Ligatures={TeX},Ligatures=TeX,Path=./Noto_Emoji/static/
,Extension
(fontspec)             =
(fontspec)             .ttf,UprightFont=*-Regular,BoldFont=*-Bold,FontFace={l}{
n}{*-Light.ttf},FontFace={md}{n}{*-Medium},FontFace={sb}{n}{*-SemiBold}].
(fontspec)              
(fontspec)              This font family consists of the following NFSS
(fontspec)             series/shapes:
(fontspec)              
(fontspec)             - (l/n) with NFSS spec.:
(fontspec)             <->"[./Noto_Emoji/static/NotoEmoji-Light.ttf]:mode=node;
script=DFLT;language=dflt;+tlig;"
(fontspec)             - (md/n) with NFSS spec.:
(fontspec)             <->"[./Noto_Emoji/static/NotoEmoji-Medium.ttf]:mode=node
;script=DFLT;language=dflt;+tlig;"
(fontspec)             - (sb/n) with NFSS spec.:
(fontspec)             <->"[./Noto_Emoji/static/NotoEmoji-SemiBold.ttf]:mode=no
de;script=DFLT;language=dflt;+tlig;"
(fontspec)             - 'normal' (m/n) with NFSS spec.:
(fontspec)             <->"[./Noto_Emoji/static/NotoEmoji-Regular.ttf]:mode=nod
e;script=DFLT;language=dflt;+tlig;"
(fontspec)             - 'bold' (b/n) with NFSS spec.:
(fontspec)             <->"[./Noto_Emoji/static/NotoEmoji-Bold.ttf]:mode=node;s
cript=DFLT;language=dflt;+tlig;"


(/usr/local/texlive/2026/texmf-dist/tex/generic/babel/locale/el/babel-greek.tex
)
Package babel Info: Importing data for 'greek'
(babel)             from babel-el.ini. Reported on input line 191.

(/usr/local/texlive/2026/texmf-dist/tex/generic/babel/locale/el/babel-greek.tex
) (/usr/local/texlive/2026/texmf-dist/tex/generic/babel/babel-ca-julian.tex)
(/usr/local/texlive/2026/texmf-dist/tex/generic/babel/locale/hi/babel-hindi.tex
)
Package babel Info: Importing data for 'hindi'
(babel)             from babel-hi.ini. Reported on input line 197.
\bbl@readsubstream=\read6
 (/usr/local/texlive/2026/texmf-dist/tex/generic/babel/babel-ca-indian.tex)
(/usr/local/texlive/2026/texmf-dist/tex/generic/babel/locale/ru/babel-russian.t
ex)
Package babel Info: Importing data for 'russian'
(babel)             from babel-ru.ini. Reported on input line 202.
 (/usr/local/texlive/2026/texmf-dist/tex/generic/babel/cyrl2uni.def
File: cyrl2uni.def 2026/05/03 v0.3 Map to Unicode from Cyrillic LICR
)
(/usr/local/texlive/2026/texmf-dist/tex/generic/babel/locale/zh/babel-chinese-s
implified.tex)
Package babel Info: Importing data for 'chinese-simplified'
(babel)             from babel-zh-Hans.ini. Reported on input line 207.
Package babel Info: Hyphen rules for 'chinese-simplified' set to \l@english
(babel)             (\language0). Reported on input line 207.

(/usr/local/texlive/2026/texmf-dist/tex/generic/babel/locale/zh/babel-chinese.t
ex) (/usr/local/texlive/2026/texmf-dist/tex/generic/babel/babel-ca-chinese.tex)
(/usr/local/texlive/2026/texmf-dist/tex/generic/babel/locale/ja/babel-japanese.
tex)
Package babel Info: Importing data for 'japanese'
(babel)             from babel-ja.ini. Reported on input line 216.
Package babel Info: Hyphen rules for 'japanese' set to \l@english
(babel)             (\language0). Reported on input line 216.

(/usr/local/texlive/2026/texmf-dist/tex/generic/babel/locale/ja/babel-japanese.
tex)
(/usr/local/texlive/2026/texmf-dist/tex/generic/babel/locale/ar/babel-arabic.te
x)
Package babel Info: Importing data for 'arabic'
(babel)             from babel-ar.ini. Reported on input line 223.
 (/usr/local/texlive/2026/texmf-dist/tex/generic/babel/babel-ca-islamic.tex)
(/usr/local/texlive/2026/texmf-dist/tex/generic/babel/locale/ckb/babel-centralk
urdish.tex)
Package babel Info: Importing data for 'centralkurdish'
(babel)             from babel-ckb.ini. Reported on input line 230.
Package babel Info: Hyphen rules for 'centralkurdish' set to \l@english
(babel)             (\language0). Reported on input line 230.

(/usr/local/texlive/2026/texmf-dist/tex/generic/babel/babel-ca-persian.tex)
(/usr/local/texlive/2026/texmf-dist/tex/generic/babel/locale/he/babel-hebrew.te
x)
Package babel Info: Importing data for 'hebrew'
(babel)             from babel-he.ini. Reported on input line 237.

(/usr/local/texlive/2026/texmf-dist/tex/generic/babel/locale/he/babel-hebrew.te
x) (/usr/local/texlive/2026/texmf-dist/tex/generic/babel/babel-ca-hebrew.tex
\bbl@cntcommon=\count645
\bbl@hebrday=\count646
\bbl@hebrmonth=\count647
\bbl@hebryear=\count648
\bbl@gregday=\count649
\bbl@gregmonth=\count650
\bbl@gregyear=\count651
)
(/usr/local/texlive/2026/texmf-dist/tex/generic/babel/locale/vi/babel-vietnames
e.tex)
Package babel Info: Importing data for 'vietnamese'
(babel)             from babel-vi.ini. Reported on input line 242.

Package fontspec Info: 
(fontspec)             Could not resolve font "Noto Sans Mono CJK JP/BI" (it
(fontspec)             probably doesn't exist).


Package fontspec Info: 
(fontspec)             Could not resolve font "Noto Sans Mono CJK JP/I" (it
(fontspec)             probably doesn't exist).


Package fontspec Info: 
(fontspec)             Font family 'NotoSansMonoCJKJP(0)' created for font
(fontspec)             'Noto Sans Mono CJK JP' with options
(fontspec)             [Ligatures={TeX},Ligatures=TeX].
(fontspec)              
(fontspec)              This font family consists of the following NFSS
(fontspec)             series/shapes:
(fontspec)              
(fontspec)             - 'normal' (m/n) with NFSS spec.: <->"name:Noto Sans
(fontspec)             Mono CJK JP:mode=node;script=latn;language=dflt;+tlig;"
(fontspec)             - 'bold' (b/n) with NFSS spec.: <->"name:Noto Sans Mono
(fontspec)             CJK JP/B:mode=node;script=latn;language=dflt;+tlig;"


Package fontspec Info: 
(fontspec)             Font family 'NotoSans(0)' created for font 'Noto Sans'
(fontspec)             with options [Ligatures={TeX},Ligatures=TeX].
(fontspec)              
(fontspec)              This font family consists of the following NFSS
(fontspec)             series/shapes:
(fontspec)              
(fontspec)             - 'normal' (m/n) with NFSS spec.: <->"name:Noto
(fontspec)             Sans:mode=node;script=latn;language=dflt;+tlig;"
(fontspec)             - 'small caps'  (m/sc) with NFSS spec.: <->"name:Noto
(fontspec)             Sans:mode=node;script=latn;language=dflt;+tlig;+smcp;"
(fontspec)             - 'bold' (b/n) with NFSS spec.: <->"name:Noto
(fontspec)             Sans/B:mode=node;script=latn;language=dflt;+tlig;"
(fontspec)             - 'bold small caps'  (b/sc) with NFSS spec.:
(fontspec)             <->"name:Noto
(fontspec)             Sans/B:mode=node;script=latn;language=dflt;+tlig;+smcp;"

(fontspec)             - 'italic' (m/it) with NFSS spec.: <->"name:Noto
(fontspec)             Sans/I:mode=node;script=latn;language=dflt;+tlig;"
(fontspec)             - 'italic small caps'  (m/scit) with NFSS spec.:
(fontspec)             <->"name:Noto
(fontspec)             Sans/I:mode=node;script=latn;language=dflt;+tlig;+smcp;"

(fontspec)             - 'bold italic' (b/it) with NFSS spec.: <->"name:Noto
(fontspec)             Sans/BI:mode=node;script=latn;language=dflt;+tlig;"
(fontspec)             - 'bold italic small caps'  (b/scit) with NFSS spec.:
(fontspec)             <->"name:Noto
(fontspec)             Sans/BI:mode=node;script=latn;language=dflt;+tlig;+smcp;
"


Package fontspec Info: 
(fontspec)             Font family 'NotoSerif(0)' created for font 'Noto
(fontspec)             Serif' with options [Ligatures={TeX},Ligatures=TeX].
(fontspec)              
(fontspec)              This font family consists of the following NFSS
(fontspec)             series/shapes:
(fontspec)              
(fontspec)             - 'normal' (m/n) with NFSS spec.: <->"name:Noto
(fontspec)             Serif:mode=node;script=latn;language=dflt;+tlig;"
(fontspec)             - 'small caps'  (m/sc) with NFSS spec.: <->"name:Noto
(fontspec)             Serif:mode=node;script=latn;language=dflt;+tlig;+smcp;"
(fontspec)             - 'bold' (b/n) with NFSS spec.: <->"name:Noto
(fontspec)             Serif/B:mode=node;script=latn;language=dflt;+tlig;"
(fontspec)             - 'bold small caps'  (b/sc) with NFSS spec.:
(fontspec)             <->"name:Noto
(fontspec)             Serif/B:mode=node;script=latn;language=dflt;+tlig;+smcp;
"
(fontspec)             - 'italic' (m/it) with NFSS spec.: <->"name:Noto
(fontspec)             Serif/I:mode=node;script=latn;language=dflt;+tlig;"
(fontspec)             - 'italic small caps'  (m/scit) with NFSS spec.:
(fontspec)             <->"name:Noto
(fontspec)             Serif/I:mode=node;script=latn;language=dflt;+tlig;+smcp;
"
(fontspec)             - 'bold italic' (b/it) with NFSS spec.: <->"name:Noto
(fontspec)             Serif/BI:mode=node;script=latn;language=dflt;+tlig;"
(fontspec)             - 'bold italic small caps'  (b/scit) with NFSS spec.:
(fontspec)             <->"name:Noto
(fontspec)             Serif/BI:mode=node;script=latn;language=dflt;+tlig;+smcp
;"


Package fontspec Info: 
(fontspec)             Font family 'DejaVuSans(0)' created for font 'DejaVu
(fontspec)             Sans' with options [Ligatures={TeX},Ligatures=TeX].
(fontspec)              
(fontspec)              This font family consists of the following NFSS
(fontspec)             series/shapes:
(fontspec)              
(fontspec)             - 'normal' (m/n) with NFSS spec.: <->"name:DejaVu
(fontspec)             Sans:mode=node;script=latn;language=dflt;+tlig;"
(fontspec)             - 'bold' (b/n) with NFSS spec.: <->"name:DejaVu
(fontspec)             Sans/B:mode=node;script=latn;language=dflt;+tlig;"
(fontspec)             - 'italic' (m/it) with NFSS spec.: <->"name:DejaVu
(fontspec)             Sans/I:mode=node;script=latn;language=dflt;+tlig;"
(fontspec)             - 'bold italic' (b/it) with NFSS spec.: <->"name:DejaVu
(fontspec)             Sans/BI:mode=node;script=latn;language=dflt;+tlig;"


Package fontspec Info: 
(fontspec)             Could not resolve font "Noto Sans Mono/BI" (it probably
(fontspec)             doesn't exist).


Package fontspec Info: 
(fontspec)             Could not resolve font "Noto Sans Mono/I" (it probably
(fontspec)             doesn't exist).


Package fontspec Info: 
(fontspec)             Font family 'NotoSansMono(0)' created for font 'Noto
(fontspec)             Sans Mono' with options
(fontspec)             [Ligatures={TeX},Ligatures=ResetAll].
(fontspec)              
(fontspec)              This font family consists of the following NFSS
(fontspec)             series/shapes:
(fontspec)              
(fontspec)             - 'normal' (m/n) with NFSS spec.: <->"name:Noto Sans
(fontspec)             Mono:mode=node;script=latn;language=dflt;"
(fontspec)             - 'small caps'  (m/sc) with NFSS spec.: <->"name:Noto
(fontspec)             Sans Mono:mode=node;script=latn;language=dflt;+smcp;"
(fontspec)             - 'bold' (b/n) with NFSS spec.: <->"name:Noto Sans
(fontspec)             Mono/B:mode=node;script=latn;language=dflt;"
(fontspec)             - 'bold small caps'  (b/sc) with NFSS spec.:
(fontspec)             <->"name:Noto Sans
(fontspec)             Mono/B:mode=node;script=latn;language=dflt;+smcp;"

\lstbreakbox=\box136
 (/usr/local/texlive/2026/texmf-dist/tex/latex/listings/lstlang1.sty
File: lstlang1.sty 2025/11/14 1.11b listings language file
)
(/usr/local/texlive/2026/texmf-dist/tex/latex/listings/lstlang2.sty
File: lstlang2.sty 2025/11/14 1.11b listings language file
)
(/usr/local/texlive/2026/texmf-dist/tex/latex/listings/lstlang3.sty
File: lstlang3.sty 2025/11/14 1.11b listings language file
)
(/usr/local/texlive/2026/texmf-dist/tex/latex/listings/lstlang1.sty
File: lstlang1.sty 2025/11/14 1.11b listings language file
)
(/usr/local/texlive/2026/texmf-dist/tex/latex/listings/lstlang2.sty
File: lstlang2.sty 2025/11/14 1.11b listings language file
)
(/usr/local/texlive/2026/texmf-dist/tex/latex/listings/lstlang3.sty
File: lstlang3.sty 2025/11/14 1.11b listings language file
)
(/usr/local/texlive/2026/texmf-dist/tex/latex/listings/lstlang1.sty
File: lstlang1.sty 2025/11/14 1.11b listings language file
)
(/usr/local/texlive/2026/texmf-dist/tex/latex/listings/lstlang2.sty
File: lstlang2.sty 2025/11/14 1.11b listings language file
)
(/usr/local/texlive/2026/texmf-dist/tex/latex/listings/lstlang3.sty
File: lstlang3.sty 2025/11/14 1.11b listings language file
)
(/usr/local/texlive/2026/texmf-dist/tex/latex/listings/lstmisc.sty
File: lstmisc.sty 2025/11/14 1.11b (Carsten Heinz)
)

Package fontspec Info: 
(fontspec)             Language 'Greek' not explicitly supported within font
(fontspec)             'Noto Serif' with script 'Greek'. Check the typeset
(fontspec)             output, and if it is okay then ignore this warning.
(fontspec)             Otherwise a different font should be chosen.


Package fontspec Info: 
(fontspec)             Font family 'NotoSerif(1)' created for font 'Noto
(fontspec)             Serif' with options
(fontspec)             [Ligatures={TeX},Ligatures=TeX,Script=Greek,Language=Gre
ek,RawFeature={family=rm}].
(fontspec)              
(fontspec)              This font family consists of the following NFSS
(fontspec)             series/shapes:
(fontspec)              
(fontspec)             - 'normal' (m/n) with NFSS spec.: <->"name:Noto
(fontspec)             Serif:mode=node;script=grek;language=ELL;+tlig;family=rm
;"
(fontspec)             - 'small caps'  (m/sc) with NFSS spec.: <->"name:Noto
(fontspec)             Serif:mode=node;script=grek;language=ELL;+tlig;family=rm
;+smcp;"
(fontspec)             - 'bold' (b/n) with NFSS spec.: <->"name:Noto
(fontspec)             Serif/B:mode=node;script=grek;language=ELL;+tlig;family=
rm;"
(fontspec)             - 'bold small caps'  (b/sc) with NFSS spec.:
(fontspec)             <->"name:Noto
(fontspec)             Serif/B:mode=node;script=grek;language=ELL;+tlig;family=
rm;+smcp;"
(fontspec)             - 'italic' (m/it) with NFSS spec.: <->"name:Noto
(fontspec)             Serif/I:mode=node;script=grek;language=ELL;+tlig;family=
rm;"
(fontspec)             - 'italic small caps'  (m/scit) with NFSS spec.:
(fontspec)             <->"name:Noto
(fontspec)             Serif/I:mode=node;script=grek;language=ELL;+tlig;family=
rm;+smcp;"
(fontspec)             - 'bold italic' (b/it) with NFSS spec.: <->"name:Noto
(fontspec)             Serif/BI:mode=node;script=grek;language=ELL;+tlig;family
=rm;"
(fontspec)             - 'bold italic small caps'  (b/scit) with NFSS spec.:
(fontspec)             <->"name:Noto
(fontspec)             Serif/BI:mode=node;script=grek;language=ELL;+tlig;family
=rm;+smcp;"


Package fontspec Info: 
(fontspec)             Language 'Greek' not explicitly supported within font
(fontspec)             'Noto Sans' with script 'Greek'. Check the typeset
(fontspec)             output, and if it is okay then ignore this warning.
(fontspec)             Otherwise a different font should be chosen.


Package fontspec Info: 
(fontspec)             Font family 'NotoSans(1)' created for font 'Noto Sans'
(fontspec)             with options
(fontspec)             [Ligatures={TeX},Ligatures=TeX,Script=Greek,Language=Gre
ek,RawFeature={family=sf}].
(fontspec)              
(fontspec)              This font family consists of the following NFSS
(fontspec)             series/shapes:
(fontspec)              
(fontspec)             - 'normal' (m/n) with NFSS spec.: <->"name:Noto
(fontspec)             Sans:mode=node;script=grek;language=ELL;+tlig;family=sf;
"
(fontspec)             - 'small caps'  (m/sc) with NFSS spec.: <->"name:Noto
(fontspec)             Sans:mode=node;script=grek;language=ELL;+tlig;family=sf;
+smcp;"
(fontspec)             - 'bold' (b/n) with NFSS spec.: <->"name:Noto
(fontspec)             Sans/B:mode=node;script=grek;language=ELL;+tlig;family=s
f;"
(fontspec)             - 'bold small caps'  (b/sc) with NFSS spec.:
(fontspec)             <->"name:Noto
(fontspec)             Sans/B:mode=node;script=grek;language=ELL;+tlig;family=s
f;+smcp;"
(fontspec)             - 'italic' (m/it) with NFSS spec.: <->"name:Noto
(fontspec)             Sans/I:mode=node;script=grek;language=ELL;+tlig;family=s
f;"
(fontspec)             - 'italic small caps'  (m/scit) with NFSS spec.:
(fontspec)             <->"name:Noto
(fontspec)             Sans/I:mode=node;script=grek;language=ELL;+tlig;family=s
f;+smcp;"
(fontspec)             - 'bold italic' (b/it) with NFSS spec.: <->"name:Noto
(fontspec)             Sans/BI:mode=node;script=grek;language=ELL;+tlig;family=
sf;"
(fontspec)             - 'bold italic small caps'  (b/scit) with NFSS spec.:
(fontspec)             <->"name:Noto
(fontspec)             Sans/BI:mode=node;script=grek;language=ELL;+tlig;family=
sf;+smcp;"


Package fontspec Info: 
(fontspec)             Script 'Greek' not explicitly supported within font
(fontspec)             'Noto Mono'. Check the typeset output, and if it is
(fontspec)             okay then ignore this warning. Otherwise a different
(fontspec)             font should be chosen.


Package fontspec Info: 
(fontspec)             Language 'Greek' not explicitly supported within font
(fontspec)             'Noto Mono' with script 'Greek'. Check the typeset
(fontspec)             output, and if it is okay then ignore this warning.
(fontspec)             Otherwise a different font should be chosen.


Package fontspec Info: 
(fontspec)             Could not resolve font "Noto Mono/BI" (it probably
(fontspec)             doesn't exist).


Package fontspec Info: 
(fontspec)             Could not resolve font "Noto Mono/B" (it probably
(fontspec)             doesn't exist).


Package fontspec Info: 
(fontspec)             Could not resolve font "Noto Mono/I" (it probably
(fontspec)             doesn't exist).


Package fontspec Info: 
(fontspec)             Font family 'NotoMono(0)' created for font 'Noto Mono'
(fontspec)             with options
(fontspec)             [Ligatures={TeX},WordSpace={1,0,0},HyphenChar=None,Punct
uationSpace=WordSpace,Script=Greek,Language=Greek,RawFeature={family=tt}].
(fontspec)              
(fontspec)              This font family consists of the following NFSS
(fontspec)             series/shapes:
(fontspec)              
(fontspec)             - 'normal' (m/n) with NFSS spec.: <->"name:Noto
(fontspec)             Mono:mode=node;script=grek;language=ELL;+tlig;family=tt;
"


(/usr/local/texlive/2026/texmf-dist/tex/generic/hyph-utf8/loadhyph/loadhyph-el-
monoton.tex UTF-8 Hyphenation patterns for uni-accent (monotonic) Modern Greek
(/usr/local/texlive/2026/texmf-dist/tex/generic/hyph-utf8/patterns/tex/hyph-el-
monoton.tex))

Package fontspec Info: 
(fontspec)             Language 'Hindi' not explicitly supported within font
(fontspec)             'Noto Serif Devanagari' with script 'Devanagari'. Check
(fontspec)             the typeset output, and if it is okay then ignore this
(fontspec)             warning. Otherwise a different font should be chosen.


Package fontspec Info: 
(fontspec)             Could not resolve font "Noto Serif Devanagari/BI" (it
(fontspec)             probably doesn't exist).


Package fontspec Info: 
(fontspec)             Could not resolve font "Noto Serif Devanagari/I" (it
(fontspec)             probably doesn't exist).


Package fontspec Info: 
(fontspec)             Font family 'NotoSerifDevanagari(0)' created for font
(fontspec)             'Noto Serif Devanagari' with options
(fontspec)             [Renderer=Harfbuzz,Ligatures={TeX},Ligatures=TeX,Script=
Devanagari,Language=Hindi,RawFeature={family=rm}].
(fontspec)              
(fontspec)              This font family consists of the following NFSS
(fontspec)             series/shapes:
(fontspec)              
(fontspec)             - 'normal' (m/n) with NFSS spec.: <->"name:Noto Serif
(fontspec)             Devanagari:mode=harf;script=dev2;language=HIN;+tlig;fami
ly=rm;"
(fontspec)             - 'bold' (b/n) with NFSS spec.: <->"name:Noto Serif
(fontspec)             Devanagari/B:mode=harf;script=dev2;language=HIN;+tlig;fa
mily=rm;"


Package fontspec Info: 
(fontspec)             Language 'Hindi' not explicitly supported within font
(fontspec)             'Noto Sans Devanagari' with script 'Devanagari'. Check
(fontspec)             the typeset output, and if it is okay then ignore this
(fontspec)             warning. Otherwise a different font should be chosen.


Package fontspec Info: 
(fontspec)             Could not resolve font "Noto Sans Devanagari/BI" (it
(fontspec)             probably doesn't exist).


Package fontspec Info: 
(fontspec)             Could not resolve font "Noto Sans Devanagari/I" (it
(fontspec)             probably doesn't exist).


Package fontspec Info: 
(fontspec)             Font family 'NotoSansDevanagari(0)' created for font
(fontspec)             'Noto Sans Devanagari' with options
(fontspec)             [Renderer=Harfbuzz,Ligatures={TeX},Ligatures=TeX,Script=
Devanagari,Language=Hindi,RawFeature={family=sf}].
(fontspec)              
(fontspec)              This font family consists of the following NFSS
(fontspec)             series/shapes:
(fontspec)              
(fontspec)             - 'normal' (m/n) with NFSS spec.: <->"name:Noto Sans
(fontspec)             Devanagari:mode=harf;script=dev2;language=HIN;+tlig;fami
ly=sf;"
(fontspec)             - 'bold' (b/n) with NFSS spec.: <->"name:Noto Sans
(fontspec)             Devanagari/B:mode=harf;script=dev2;language=HIN;+tlig;fa
mily=sf;"


Package fontspec Info: 
(fontspec)             Language 'Hindi' not explicitly supported within font
(fontspec)             'Noto Sans Devanagari' with script 'Devanagari'. Check
(fontspec)             the typeset output, and if it is okay then ignore this
(fontspec)             warning. Otherwise a different font should be chosen.


Package fontspec Info: 
(fontspec)             Could not resolve font "Noto Sans Devanagari/BI" (it
(fontspec)             probably doesn't exist).


Package fontspec Info: 
(fontspec)             Could not resolve font "Noto Sans Devanagari/I" (it
(fontspec)             probably doesn't exist).


Package fontspec Info: 
(fontspec)             Font family 'NotoSansDevanagari(1)' created for font
(fontspec)             'Noto Sans Devanagari' with options
(fontspec)             [Renderer=Harfbuzz,Ligatures={TeX},WordSpace={1,0,0},Hyp
henChar=None,PunctuationSpace=WordSpace,Script=Devanagari,Language=Hindi,RawFea
ture={family=tt}].
(fontspec)              
(fontspec)              This font family consists of the following NFSS
(fontspec)             series/shapes:
(fontspec)              
(fontspec)             - 'normal' (m/n) with NFSS spec.: <->"name:Noto Sans
(fontspec)             Devanagari:mode=harf;script=dev2;language=HIN;+tlig;fami
ly=tt;"
(fontspec)             - 'bold' (b/n) with NFSS spec.: <->"name:Noto Sans
(fontspec)             Devanagari/B:mode=harf;script=dev2;language=HIN;+tlig;fa
mily=tt;"


(/usr/local/texlive/2026/texmf-dist/tex/generic/hyph-utf8/loadhyph/loadhyph-hi.
tex UTF-8 Hindi hyphenation patterns
(/usr/local/texlive/2026/texmf-dist/tex/generic/hyph-utf8/patterns/tex/hyph-hi.
tex))

Package fontspec Info: 
(fontspec)             Language 'Russian' not explicitly supported within font
(fontspec)             'Noto Serif' with script 'Cyrillic'. Check the typeset
(fontspec)             output, and if it is okay then ignore this warning.
(fontspec)             Otherwise a different font should be chosen.


Package fontspec Info: 
(fontspec)             Font family 'NotoSerif(2)' created for font 'Noto
(fontspec)             Serif' with options
(fontspec)             [Ligatures={TeX},Ligatures=TeX,Script=Cyrillic,Language=
Russian,RawFeature={family=rm}].
(fontspec)              
(fontspec)              This font family consists of the following NFSS
(fontspec)             series/shapes:
(fontspec)              
(fontspec)             - 'normal' (m/n) with NFSS spec.: <->"name:Noto
(fontspec)             Serif:mode=node;script=cyrl;language=RUS;+tlig;family=rm
;"
(fontspec)             - 'small caps'  (m/sc) with NFSS spec.: <->"name:Noto
(fontspec)             Serif:mode=node;script=cyrl;language=RUS;+tlig;family=rm
;+smcp;"
(fontspec)             - 'bold' (b/n) with NFSS spec.: <->"name:Noto
(fontspec)             Serif/B:mode=node;script=cyrl;language=RUS;+tlig;family=
rm;"
(fontspec)             - 'bold small caps'  (b/sc) with NFSS spec.:
(fontspec)             <->"name:Noto
(fontspec)             Serif/B:mode=node;script=cyrl;language=RUS;+tlig;family=
rm;+smcp;"
(fontspec)             - 'italic' (m/it) with NFSS spec.: <->"name:Noto
(fontspec)             Serif/I:mode=node;script=cyrl;language=RUS;+tlig;family=
rm;"
(fontspec)             - 'italic small caps'  (m/scit) with NFSS spec.:
(fontspec)             <->"name:Noto
(fontspec)             Serif/I:mode=node;script=cyrl;language=RUS;+tlig;family=
rm;+smcp;"
(fontspec)             - 'bold italic' (b/it) with NFSS spec.: <->"name:Noto
(fontspec)             Serif/BI:mode=node;script=cyrl;language=RUS;+tlig;family
=rm;"
(fontspec)             - 'bold italic small caps'  (b/scit) with NFSS spec.:
(fontspec)             <->"name:Noto
(fontspec)             Serif/BI:mode=node;script=cyrl;language=RUS;+tlig;family
=rm;+smcp;"


Package fontspec Info: 
(fontspec)             Language 'Russian' not explicitly supported within font
(fontspec)             'Noto Sans' with script 'Cyrillic'. Check the typeset
(fontspec)             output, and if it is okay then ignore this warning.
(fontspec)             Otherwise a different font should be chosen.


Package fontspec Info: 
(fontspec)             Font family 'NotoSans(2)' created for font 'Noto Sans'
(fontspec)             with options
(fontspec)             [Ligatures={TeX},Ligatures=TeX,Script=Cyrillic,Language=
Russian,RawFeature={family=sf}].
(fontspec)              
(fontspec)              This font family consists of the following NFSS
(fontspec)             series/shapes:
(fontspec)              
(fontspec)             - 'normal' (m/n) with NFSS spec.: <->"name:Noto
(fontspec)             Sans:mode=node;script=cyrl;language=RUS;+tlig;family=sf;
"
(fontspec)             - 'small caps'  (m/sc) with NFSS spec.: <->"name:Noto
(fontspec)             Sans:mode=node;script=cyrl;language=RUS;+tlig;family=sf;
+smcp;"
(fontspec)             - 'bold' (b/n) with NFSS spec.: <->"name:Noto
(fontspec)             Sans/B:mode=node;script=cyrl;language=RUS;+tlig;family=s
f;"
(fontspec)             - 'bold small caps'  (b/sc) with NFSS spec.:
(fontspec)             <->"name:Noto
(fontspec)             Sans/B:mode=node;script=cyrl;language=RUS;+tlig;family=s
f;+smcp;"
(fontspec)             - 'italic' (m/it) with NFSS spec.: <->"name:Noto
(fontspec)             Sans/I:mode=node;script=cyrl;language=RUS;+tlig;family=s
f;"
(fontspec)             - 'italic small caps'  (m/scit) with NFSS spec.:
(fontspec)             <->"name:Noto
(fontspec)             Sans/I:mode=node;script=cyrl;language=RUS;+tlig;family=s
f;+smcp;"
(fontspec)             - 'bold italic' (b/it) with NFSS spec.: <->"name:Noto
(fontspec)             Sans/BI:mode=node;script=cyrl;language=RUS;+tlig;family=
sf;"
(fontspec)             - 'bold italic small caps'  (b/scit) with NFSS spec.:
(fontspec)             <->"name:Noto
(fontspec)             Sans/BI:mode=node;script=cyrl;language=RUS;+tlig;family=
sf;+smcp;"


Package fontspec Info: 
(fontspec)             Script 'Cyrillic' not explicitly supported within font
(fontspec)             'Noto Mono'. Check the typeset output, and if it is
(fontspec)             okay then ignore this warning. Otherwise a different
(fontspec)             font should be chosen.


Package fontspec Info: 
(fontspec)             Language 'Russian' not explicitly supported within font
(fontspec)             'Noto Mono' with script 'Cyrillic'. Check the typeset
(fontspec)             output, and if it is okay then ignore this warning.
(fontspec)             Otherwise a different font should be chosen.


Package fontspec Info: 
(fontspec)             Could not resolve font "Noto Mono/BI" (it probably
(fontspec)             doesn't exist).


Package fontspec Info: 
(fontspec)             Could not resolve font "Noto Mono/B" (it probably
(fontspec)             doesn't exist).


Package fontspec Info: 
(fontspec)             Could not resolve font "Noto Mono/I" (it probably
(fontspec)             doesn't exist).


Package fontspec Info: 
(fontspec)             Font family 'NotoMono(1)' created for font 'Noto Mono'
(fontspec)             with options
(fontspec)             [Ligatures={TeX},WordSpace={1,0,0},HyphenChar=None,Punct
uationSpace=WordSpace,Script=Cyrillic,Language=Russian,RawFeature={family=tt}].

(fontspec)              
(fontspec)              This font family consists of the following NFSS
(fontspec)             series/shapes:
(fontspec)              
(fontspec)             - 'normal' (m/n) with NFSS spec.: <->"name:Noto
(fontspec)             Mono:mode=node;script=cyrl;language=RUS;+tlig;family=tt;
"


(/usr/local/texlive/2026/texmf-dist/tex/generic/hyph-utf8/loadhyph/loadhyph-ru.
tex UTF-8 Russian hyphenation patterns
(/usr/local/texlive/2026/texmf-dist/tex/generic/hyph-utf8/patterns/tex/hyph-ru.
tex))

Package fontspec Info: 
(fontspec)             Could not resolve font "Noto Serif CJK SC/BI" (it
(fontspec)             probably doesn't exist).


Package fontspec Info: 
(fontspec)             Could not resolve font "Noto Serif CJK SC/I" (it
(fontspec)             probably doesn't exist).


Package fontspec Info: 
(fontspec)             Font family 'NotoSerifCJKSC(0)' created for font 'Noto
(fontspec)             Serif CJK SC' with options
(fontspec)             [Renderer=Harfbuzz,Ligatures={TeX},Ligatures=TeX,Script=
CJK,Language=Chinese
(fontspec)             Simplified,RawFeature={family=rm}].
(fontspec)              
(fontspec)              This font family consists of the following NFSS
(fontspec)             series/shapes:
(fontspec)              
(fontspec)             - 'normal' (m/n) with NFSS spec.: <->"name:Noto Serif
(fontspec)             CJK
(fontspec)             SC:mode=harf;script=hani;language=ZHS;+tlig;family=rm;"
(fontspec)             - 'bold' (b/n) with NFSS spec.: <->"name:Noto Serif CJK
(fontspec)             SC/B:mode=harf;script=hani;language=ZHS;+tlig;family=rm;
"


Package fontspec Info: 
(fontspec)             Could not resolve font "Noto Sans CJK SC/BI" (it
(fontspec)             probably doesn't exist).


Package fontspec Info: 
(fontspec)             Could not resolve font "Noto Sans CJK SC/I" (it
(fontspec)             probably doesn't exist).


Package fontspec Info: 
(fontspec)             Font family 'NotoSansCJKSC(0)' created for font 'Noto
(fontspec)             Sans CJK SC' with options
(fontspec)             [Renderer=Harfbuzz,Ligatures={TeX},Ligatures=TeX,Script=
CJK,Language=Chinese
(fontspec)             Simplified,RawFeature={family=sf}].
(fontspec)              
(fontspec)              This font family consists of the following NFSS
(fontspec)             series/shapes:
(fontspec)              
(fontspec)             - 'normal' (m/n) with NFSS spec.: <->"name:Noto Sans
(fontspec)             CJK
(fontspec)             SC:mode=harf;script=hani;language=ZHS;+tlig;family=sf;"
(fontspec)             - 'bold' (b/n) with NFSS spec.: <->"name:Noto Sans CJK
(fontspec)             SC/B:mode=harf;script=hani;language=ZHS;+tlig;family=sf;
"


Package fontspec Info: 
(fontspec)             Could not resolve font "Noto Sans Mono CJK SC/BI" (it
(fontspec)             probably doesn't exist).


Package fontspec Info: 
(fontspec)             Could not resolve font "Noto Sans Mono CJK SC/I" (it
(fontspec)             probably doesn't exist).


Package fontspec Info: 
(fontspec)             Font family 'NotoSansMonoCJKSC(0)' created for font
(fontspec)             'Noto Sans Mono CJK SC' with options
(fontspec)             [Renderer=Harfbuzz,Ligatures={TeX},WordSpace={1,0,0},Hyp
henChar=None,PunctuationSpace=WordSpace,Script=CJK,Language=Chinese
(fontspec)             Simplified,RawFeature={family=tt}].
(fontspec)              
(fontspec)              This font family consists of the following NFSS
(fontspec)             series/shapes:
(fontspec)              
(fontspec)             - 'normal' (m/n) with NFSS spec.: <->"name:Noto Sans
(fontspec)             Mono CJK
(fontspec)             SC:mode=harf;script=hani;language=ZHS;+tlig;family=tt;"
(fontspec)             - 'bold' (b/n) with NFSS spec.: <->"name:Noto Sans Mono
(fontspec)             CJK
(fontspec)             SC/B:mode=harf;script=hani;language=ZHS;+tlig;family=tt;
"


Package fontspec Info: 
(fontspec)             Could not resolve font "Noto Serif CJK JP/BI" (it
(fontspec)             probably doesn't exist).


Package fontspec Info: 
(fontspec)             Could not resolve font "Noto Serif CJK JP/I" (it
(fontspec)             probably doesn't exist).


Package fontspec Info: 
(fontspec)             Font family 'NotoSerifCJKJP(0)' created for font 'Noto
(fontspec)             Serif CJK JP' with options
(fontspec)             [Renderer=Harfbuzz,Ligatures={TeX},Ligatures=TeX,Script=
Japanese,Language=Japanese,RawFeature={family=rm}].
(fontspec)              
(fontspec)              This font family consists of the following NFSS
(fontspec)             series/shapes:
(fontspec)              
(fontspec)             - 'normal' (m/n) with NFSS spec.: <->"name:Noto Serif
(fontspec)             CJK
(fontspec)             JP:mode=harf;script=kana;language=JAN;+tlig;family=rm;"
(fontspec)             - 'bold' (b/n) with NFSS spec.: <->"name:Noto Serif CJK
(fontspec)             JP/B:mode=harf;script=kana;language=JAN;+tlig;family=rm;
"


Package fontspec Info: 
(fontspec)             Could not resolve font "Noto Sans CJK JP/BI" (it
(fontspec)             probably doesn't exist).


Package fontspec Info: 
(fontspec)             Could not resolve font "Noto Sans CJK JP/I" (it
(fontspec)             probably doesn't exist).


Package fontspec Info: 
(fontspec)             Font family 'NotoSansCJKJP(0)' created for font 'Noto
(fontspec)             Sans CJK JP' with options
(fontspec)             [Renderer=Harfbuzz,Ligatures={TeX},Ligatures=TeX,Script=
Japanese,Language=Japanese,RawFeature={family=sf}].
(fontspec)              
(fontspec)              This font family consists of the following NFSS
(fontspec)             series/shapes:
(fontspec)              
(fontspec)             - 'normal' (m/n) with NFSS spec.: <->"name:Noto Sans
(fontspec)             CJK
(fontspec)             JP:mode=harf;script=kana;language=JAN;+tlig;family=sf;"
(fontspec)             - 'bold' (b/n) with NFSS spec.: <->"name:Noto Sans CJK
(fontspec)             JP/B:mode=harf;script=kana;language=JAN;+tlig;family=sf;
"


Package fontspec Info: 
(fontspec)             Could not resolve font "Noto Sans Mono CJK JP/BI" (it
(fontspec)             probably doesn't exist).


Package fontspec Info: 
(fontspec)             Could not resolve font "Noto Sans Mono CJK JP/I" (it
(fontspec)             probably doesn't exist).


Package fontspec Info: 
(fontspec)             Font family 'NotoSansMonoCJKJP(1)' created for font
(fontspec)             'Noto Sans Mono CJK JP' with options
(fontspec)             [Renderer=Harfbuzz,Ligatures={TeX},WordSpace={1,0,0},Hyp
henChar=None,PunctuationSpace=WordSpace,Script=Japanese,Language=Japanese,RawFe
ature={family=tt}].
(fontspec)              
(fontspec)              This font family consists of the following NFSS
(fontspec)             series/shapes:
(fontspec)              
(fontspec)             - 'normal' (m/n) with NFSS spec.: <->"name:Noto Sans
(fontspec)             Mono CJK
(fontspec)             JP:mode=harf;script=kana;language=JAN;+tlig;family=tt;"
(fontspec)             - 'bold' (b/n) with NFSS spec.: <->"name:Noto Sans Mono
(fontspec)             CJK
(fontspec)             JP/B:mode=harf;script=kana;language=JAN;+tlig;family=tt;
"


Package fontspec Info: 
(fontspec)             Language 'Arabic' not explicitly supported within font
(fontspec)             'Noto Naskh Arabic' with script 'Arabic'. Check the
(fontspec)             typeset output, and if it is okay then ignore this
(fontspec)             warning. Otherwise a different font should be chosen.


Package fontspec Info: 
(fontspec)             Could not resolve font "Noto Naskh Arabic/BI" (it
(fontspec)             probably doesn't exist).


Package fontspec Info: 
(fontspec)             Could not resolve font "Noto Naskh Arabic/I" (it
(fontspec)             probably doesn't exist).


Package fontspec Info: 
(fontspec)             Font family 'NotoNaskhArabic(0)' created for font 'Noto
(fontspec)             Naskh Arabic' with options
(fontspec)             [Renderer=Harfbuzz,Ligatures={TeX},Ligatures=TeX,Script=
Arabic,Language=Arabic,RawFeature={family=rm}].
(fontspec)              
(fontspec)              This font family consists of the following NFSS
(fontspec)             series/shapes:
(fontspec)              
(fontspec)             - 'normal' (m/n) with NFSS spec.: <->"name:Noto Naskh
(fontspec)             Arabic:mode=harf;script=arab;language=ARA;+tlig;family=r
m;"
(fontspec)             - 'bold' (b/n) with NFSS spec.: <->"name:Noto Naskh
(fontspec)             Arabic/B:mode=harf;script=arab;language=ARA;+tlig;family
=rm;"


Package fontspec Info: 
(fontspec)             Language 'Arabic' not explicitly supported within font
(fontspec)             'Noto Sans Arabic' with script 'Arabic'. Check the
(fontspec)             typeset output, and if it is okay then ignore this
(fontspec)             warning. Otherwise a different font should be chosen.


Package fontspec Info: 
(fontspec)             Could not resolve font "Noto Sans Arabic/BI" (it
(fontspec)             probably doesn't exist).


Package fontspec Info: 
(fontspec)             Could not resolve font "Noto Sans Arabic/I" (it
(fontspec)             probably doesn't exist).


Package fontspec Info: 
(fontspec)             Font family 'NotoSansArabic(0)' created for font 'Noto
(fontspec)             Sans Arabic' with options
(fontspec)             [Renderer=Harfbuzz,Ligatures={TeX},Ligatures=TeX,Script=
Arabic,Language=Arabic,RawFeature={family=sf}].
(fontspec)              
(fontspec)              This font family consists of the following NFSS
(fontspec)             series/shapes:
(fontspec)              
(fontspec)             - 'normal' (m/n) with NFSS spec.: <->"name:Noto Sans
(fontspec)             Arabic:mode=harf;script=arab;language=ARA;+tlig;family=s
f;"
(fontspec)             - 'bold' (b/n) with NFSS spec.: <->"name:Noto Sans
(fontspec)             Arabic/B:mode=harf;script=arab;language=ARA;+tlig;family
=sf;"


Package fontspec Info: 
(fontspec)             Language 'Arabic' not explicitly supported within font
(fontspec)             'Noto Sans Arabic' with script 'Arabic'. Check the
(fontspec)             typeset output, and if it is okay then ignore this
(fontspec)             warning. Otherwise a different font should be chosen.


Package fontspec Info: 
(fontspec)             Could not resolve font "Noto Sans Arabic/BI" (it
(fontspec)             probably doesn't exist).


Package fontspec Info: 
(fontspec)             Could not resolve font "Noto Sans Arabic/I" (it
(fontspec)             probably doesn't exist).


Package fontspec Info: 
(fontspec)             Font family 'NotoSansArabic(1)' created for font 'Noto
(fontspec)             Sans Arabic' with options
(fontspec)             [Renderer=Harfbuzz,Ligatures={TeX},WordSpace={1,0,0},Hyp
henChar=None,PunctuationSpace=WordSpace,Script=Arabic,Language=Arabic,RawFeatur
e={family=tt}].
(fontspec)              
(fontspec)              This font family consists of the following NFSS
(fontspec)             series/shapes:
(fontspec)              
(fontspec)             - 'normal' (m/n) with NFSS spec.: <->"name:Noto Sans
(fontspec)             Arabic:mode=harf;script=arab;language=ARA;+tlig;family=t
t;"
(fontspec)             - 'bold' (b/n) with NFSS spec.: <->"name:Noto Sans
(fontspec)             Arabic/B:mode=harf;script=arab;language=ARA;+tlig;family
=tt;"


(/usr/local/texlive/2026/texmf-dist/tex/generic/hyph-utf8/patterns/tex/hyph-ar.
tex)

Package fontspec Info: 
(fontspec)             Language 'Central Kurdish' not explicitly supported
(fontspec)             within font 'Noto Naskh Arabic' with script 'Arabic'.
(fontspec)             Check the typeset output, and if it is okay then ignore
(fontspec)             this warning. Otherwise a different font should be
(fontspec)             chosen.


Package fontspec Info: 
(fontspec)             Could not resolve font "Noto Naskh Arabic/BI" (it
(fontspec)             probably doesn't exist).


Package fontspec Info: 
(fontspec)             Could not resolve font "Noto Naskh Arabic/I" (it
(fontspec)             probably doesn't exist).


Package fontspec Info: 
(fontspec)             Font family 'NotoNaskhArabic(1)' created for font 'Noto
(fontspec)             Naskh Arabic' with options
(fontspec)             [Renderer=Harfbuzz,Ligatures={TeX},Ligatures=TeX,Script=
Arabic,Language=Central
(fontspec)             Kurdish,RawFeature={family=rm}].
(fontspec)              
(fontspec)              This font family consists of the following NFSS
(fontspec)             series/shapes:
(fontspec)              
(fontspec)             - 'normal' (m/n) with NFSS spec.: <->"name:Noto Naskh
(fontspec)             Arabic:mode=harf;script=arab;language=KUR;+tlig;family=r
m;"
(fontspec)             - 'bold' (b/n) with NFSS spec.: <->"name:Noto Naskh
(fontspec)             Arabic/B:mode=harf;script=arab;language=KUR;+tlig;family
=rm;"


Package fontspec Info: 
(fontspec)             Language 'Central Kurdish' not explicitly supported
(fontspec)             within font 'Noto Sans Arabic' with script 'Arabic'.
(fontspec)             Check the typeset output, and if it is okay then ignore
(fontspec)             this warning. Otherwise a different font should be
(fontspec)             chosen.


Package fontspec Info: 
(fontspec)             Could not resolve font "Noto Sans Arabic/BI" (it
(fontspec)             probably doesn't exist).


Package fontspec Info: 
(fontspec)             Could not resolve font "Noto Sans Arabic/I" (it
(fontspec)             probably doesn't exist).


Package fontspec Info: 
(fontspec)             Font family 'NotoSansArabic(2)' created for font 'Noto
(fontspec)             Sans Arabic' with options
(fontspec)             [Renderer=Harfbuzz,Ligatures={TeX},Ligatures=TeX,Script=
Arabic,Language=Central
(fontspec)             Kurdish,RawFeature={family=sf}].
(fontspec)              
(fontspec)              This font family consists of the following NFSS
(fontspec)             series/shapes:
(fontspec)              
(fontspec)             - 'normal' (m/n) with NFSS spec.: <->"name:Noto Sans
(fontspec)             Arabic:mode=harf;script=arab;language=KUR;+tlig;family=s
f;"
(fontspec)             - 'bold' (b/n) with NFSS spec.: <->"name:Noto Sans
(fontspec)             Arabic/B:mode=harf;script=arab;language=KUR;+tlig;family
=sf;"


Package fontspec Info: 
(fontspec)             Language 'Central Kurdish' not explicitly supported
(fontspec)             within font 'Noto Sans Arabic' with script 'Arabic'.
(fontspec)             Check the typeset output, and if it is okay then ignore
(fontspec)             this warning. Otherwise a different font should be
(fontspec)             chosen.


Package fontspec Info: 
(fontspec)             Could not resolve font "Noto Sans Arabic/BI" (it
(fontspec)             probably doesn't exist).


Package fontspec Info: 
(fontspec)             Could not resolve font "Noto Sans Arabic/I" (it
(fontspec)             probably doesn't exist).


Package fontspec Info: 
(fontspec)             Font family 'NotoSansArabic(3)' created for font 'Noto
(fontspec)             Sans Arabic' with options
(fontspec)             [Renderer=Harfbuzz,Ligatures={TeX},WordSpace={1,0,0},Hyp
henChar=None,PunctuationSpace=WordSpace,Script=Arabic,Language=Central
(fontspec)             Kurdish,RawFeature={family=tt}].
(fontspec)              
(fontspec)              This font family consists of the following NFSS
(fontspec)             series/shapes:
(fontspec)              
(fontspec)             - 'normal' (m/n) with NFSS spec.: <->"name:Noto Sans
(fontspec)             Arabic:mode=harf;script=arab;language=KUR;+tlig;family=t
t;"
(fontspec)             - 'bold' (b/n) with NFSS spec.: <->"name:Noto Sans
(fontspec)             Arabic/B:mode=harf;script=arab;language=KUR;+tlig;family
=tt;"


Package fontspec Info: 
(fontspec)             Language 'Hebrew' not explicitly supported within font
(fontspec)             'Noto Serif Hebrew' with script 'Hebrew'. Check the
(fontspec)             typeset output, and if it is okay then ignore this
(fontspec)             warning. Otherwise a different font should be chosen.


Package fontspec Info: 
(fontspec)             Could not resolve font "Noto Serif Hebrew/BI" (it
(fontspec)             probably doesn't exist).


Package fontspec Info: 
(fontspec)             Could not resolve font "Noto Serif Hebrew/I" (it
(fontspec)             probably doesn't exist).


Package fontspec Info: 
(fontspec)             Font family 'NotoSerifHebrew(0)' created for font 'Noto
(fontspec)             Serif Hebrew' with options
(fontspec)             [Renderer=Harfbuzz,Ligatures={TeX},Ligatures=TeX,Script=
Hebrew,Language=Hebrew,RawFeature={family=rm}].
(fontspec)              
(fontspec)              This font family consists of the following NFSS
(fontspec)             series/shapes:
(fontspec)              
(fontspec)             - 'normal' (m/n) with NFSS spec.: <->"name:Noto Serif
(fontspec)             Hebrew:mode=harf;script=hebr;language=IWR;+tlig;family=r
m;"
(fontspec)             - 'bold' (b/n) with NFSS spec.: <->"name:Noto Serif
(fontspec)             Hebrew/B:mode=harf;script=hebr;language=IWR;+tlig;family
=rm;"


Package fontspec Info: 
(fontspec)             Language 'Hebrew' not explicitly supported within font
(fontspec)             'Noto Sans Hebrew' with script 'Hebrew'. Check the
(fontspec)             typeset output, and if it is okay then ignore this
(fontspec)             warning. Otherwise a different font should be chosen.


Package fontspec Info: 
(fontspec)             Could not resolve font "Noto Sans Hebrew/BI" (it
(fontspec)             probably doesn't exist).


Package fontspec Info: 
(fontspec)             Could not resolve font "Noto Sans Hebrew/I" (it
(fontspec)             probably doesn't exist).


Package fontspec Info: 
(fontspec)             Font family 'NotoSansHebrew(0)' created for font 'Noto
(fontspec)             Sans Hebrew' with options
(fontspec)             [Renderer=Harfbuzz,Ligatures={TeX},Ligatures=TeX,Script=
Hebrew,Language=Hebrew,RawFeature={family=sf}].
(fontspec)              
(fontspec)              This font family consists of the following NFSS
(fontspec)             series/shapes:
(fontspec)              
(fontspec)             - 'normal' (m/n) with NFSS spec.: <->"name:Noto Sans
(fontspec)             Hebrew:mode=harf;script=hebr;language=IWR;+tlig;family=s
f;"
(fontspec)             - 'bold' (b/n) with NFSS spec.: <->"name:Noto Sans
(fontspec)             Hebrew/B:mode=harf;script=hebr;language=IWR;+tlig;family
=sf;"


Package fontspec Info: 
(fontspec)             Language 'Hebrew' not explicitly supported within font
(fontspec)             'Noto Sans Hebrew' with script 'Hebrew'. Check the
(fontspec)             typeset output, and if it is okay then ignore this
(fontspec)             warning. Otherwise a different font should be chosen.


Package fontspec Info: 
(fontspec)             Could not resolve font "Noto Sans Hebrew/BI" (it
(fontspec)             probably doesn't exist).


Package fontspec Info: 
(fontspec)             Could not resolve font "Noto Sans Hebrew/I" (it
(fontspec)             probably doesn't exist).


Package fontspec Info: 
(fontspec)             Font family 'NotoSansHebrew(1)' created for font 'Noto
(fontspec)             Sans Hebrew' with options
(fontspec)             [Renderer=Harfbuzz,Ligatures={TeX},WordSpace={1,0,0},Hyp
henChar=None,PunctuationSpace=WordSpace,Script=Hebrew,Language=Hebrew,RawFeatur
e={family=tt}].
(fontspec)              
(fontspec)              This font family consists of the following NFSS
(fontspec)             series/shapes:
(fontspec)              
(fontspec)             - 'normal' (m/n) with NFSS spec.: <->"name:Noto Sans
(fontspec)             Hebrew:mode=harf;script=hebr;language=IWR;+tlig;family=t
t;"
(fontspec)             - 'bold' (b/n) with NFSS spec.: <->"name:Noto Sans
(fontspec)             Hebrew/B:mode=harf;script=hebr;language=IWR;+tlig;family
=tt;"


(/usr/local/texlive/2026/texmf-dist/tex/generic/hyph-utf8/patterns/tex/hyph-he.
tex)

Package fontspec Info: 
(fontspec)             Language 'Vietnamese' not explicitly supported within
(fontspec)             font 'Noto Serif' with script 'Latin'. Check the
(fontspec)             typeset output, and if it is okay then ignore this
(fontspec)             warning. Otherwise a different font should be chosen.


Package fontspec Info: 
(fontspec)             Font family 'NotoSerif(3)' created for font 'Noto
(fontspec)             Serif' with options
(fontspec)             [Ligatures={TeX},Ligatures=TeX,Script=Latin,Language=Vie
tnamese,RawFeature={family=rm}].
(fontspec)              
(fontspec)              This font family consists of the following NFSS
(fontspec)             series/shapes:
(fontspec)              
(fontspec)             - 'normal' (m/n) with NFSS spec.: <->"name:Noto
(fontspec)             Serif:mode=node;script=latn;language=VIT;+tlig;family=rm
;"
(fontspec)             - 'small caps'  (m/sc) with NFSS spec.: <->"name:Noto
(fontspec)             Serif:mode=node;script=latn;language=VIT;+tlig;family=rm
;+smcp;"
(fontspec)             - 'bold' (b/n) with NFSS spec.: <->"name:Noto
(fontspec)             Serif/B:mode=node;script=latn;language=VIT;+tlig;family=
rm;"
(fontspec)             - 'bold small caps'  (b/sc) with NFSS spec.:
(fontspec)             <->"name:Noto
(fontspec)             Serif/B:mode=node;script=latn;language=VIT;+tlig;family=
rm;+smcp;"
(fontspec)             - 'italic' (m/it) with NFSS spec.: <->"name:Noto
(fontspec)             Serif/I:mode=node;script=latn;language=VIT;+tlig;family=
rm;"
(fontspec)             - 'italic small caps'  (m/scit) with NFSS spec.:
(fontspec)             <->"name:Noto
(fontspec)             Serif/I:mode=node;script=latn;language=VIT;+tlig;family=
rm;+smcp;"
(fontspec)             - 'bold italic' (b/it) with NFSS spec.: <->"name:Noto
(fontspec)             Serif/BI:mode=node;script=latn;language=VIT;+tlig;family
=rm;"
(fontspec)             - 'bold italic small caps'  (b/scit) with NFSS spec.:
(fontspec)             <->"name:Noto
(fontspec)             Serif/BI:mode=node;script=latn;language=VIT;+tlig;family
=rm;+smcp;"


Package fontspec Info: 
(fontspec)             Language 'Vietnamese' not explicitly supported within
(fontspec)             font 'Noto Sans' with script 'Latin'. Check the typeset
(fontspec)             output, and if it is okay then ignore this warning.
(fontspec)             Otherwise a different font should be chosen.


Package fontspec Info: 
(fontspec)             Font family 'NotoSans(3)' created for font 'Noto Sans'
(fontspec)             with options
(fontspec)             [Ligatures={TeX},Ligatures=TeX,Script=Latin,Language=Vie
tnamese,RawFeature={family=sf}].
(fontspec)              
(fontspec)              This font family consists of the following NFSS
(fontspec)             series/shapes:
(fontspec)              
(fontspec)             - 'normal' (m/n) with NFSS spec.: <->"name:Noto
(fontspec)             Sans:mode=node;script=latn;language=VIT;+tlig;family=sf;
"
(fontspec)             - 'small caps'  (m/sc) with NFSS spec.: <->"name:Noto
(fontspec)             Sans:mode=node;script=latn;language=VIT;+tlig;family=sf;
+smcp;"
(fontspec)             - 'bold' (b/n) with NFSS spec.: <->"name:Noto
(fontspec)             Sans/B:mode=node;script=latn;language=VIT;+tlig;family=s
f;"
(fontspec)             - 'bold small caps'  (b/sc) with NFSS spec.:
(fontspec)             <->"name:Noto
(fontspec)             Sans/B:mode=node;script=latn;language=VIT;+tlig;family=s
f;+smcp;"
(fontspec)             - 'italic' (m/it) with NFSS spec.: <->"name:Noto
(fontspec)             Sans/I:mode=node;script=latn;language=VIT;+tlig;family=s
f;"
(fontspec)             - 'italic small caps'  (m/scit) with NFSS spec.:
(fontspec)             <->"name:Noto
(fontspec)             Sans/I:mode=node;script=latn;language=VIT;+tlig;family=s
f;+smcp;"
(fontspec)             - 'bold italic' (b/it) with NFSS spec.: <->"name:Noto
(fontspec)             Sans/BI:mode=node;script=latn;language=VIT;+tlig;family=
sf;"
(fontspec)             - 'bold italic small caps'  (b/scit) with NFSS spec.:
(fontspec)             <->"name:Noto
(fontspec)             Sans/BI:mode=node;script=latn;language=VIT;+tlig;family=
sf;+smcp;"


Package fontspec Info: 
(fontspec)             Script 'Latin' not explicitly supported within font
(fontspec)             'Noto Mono'. Check the typeset output, and if it is
(fontspec)             okay then ignore this warning. Otherwise a different
(fontspec)             font should be chosen.


Package fontspec Info: 
(fontspec)             Language 'Vietnamese' not explicitly supported within
(fontspec)             font 'Noto Mono' with script 'Latin'. Check the typeset
(fontspec)             output, and if it is okay then ignore this warning.
(fontspec)             Otherwise a different font should be chosen.


Package fontspec Info: 
(fontspec)             Could not resolve font "Noto Mono/BI" (it probably
(fontspec)             doesn't exist).


Package fontspec Info: 
(fontspec)             Could not resolve font "Noto Mono/B" (it probably
(fontspec)             doesn't exist).


Package fontspec Info: 
(fontspec)             Could not resolve font "Noto Mono/I" (it probably
(fontspec)             doesn't exist).


Package fontspec Info: 
(fontspec)             Font family 'NotoMono(2)' created for font 'Noto Mono'
(fontspec)             with options
(fontspec)             [Ligatures={TeX},WordSpace={1,0,0},HyphenChar=None,Punct
uationSpace=WordSpace,Script=Latin,Language=Vietnamese,RawFeature={family=tt}].

(fontspec)              
(fontspec)              This font family consists of the following NFSS
(fontspec)             series/shapes:
(fontspec)              
(fontspec)             - 'normal' (m/n) with NFSS spec.: <->"name:Noto
(fontspec)             Mono:mode=node;script=latn;language=VIT;+tlig;family=tt;
"


(/usr/local/texlive/2026/texmf-dist/tex/generic/hyph-utf8/patterns/tex/hyph-vi.
tex)
Package csquotes Info: Checking for multilingual support...
Package csquotes Info: ... found 'babel' package.
Package csquotes Info: Adjusting default style.
Package csquotes Info: Redefining alias 'default' -> 'english'.
 (./artifacts/README_notes_reduced.aux
\g__glossaries_gls_ref_acronym_int=\count652
)
\openout1 = README_notes_reduced.aux

LaTeX Font Info:    Checking defaults for OML/cmm/m/it on input line 333.
LaTeX Font Info:    ... okay on input line 333.
LaTeX Font Info:    Checking defaults for OMS/cmsy/m/n on input line 333.
LaTeX Font Info:    ... okay on input line 333.
LaTeX Font Info:    Checking defaults for OT1/cmr/m/n on input line 333.
LaTeX Font Info:    ... okay on input line 333.
LaTeX Font Info:    Checking defaults for T1/cmr/m/n on input line 333.
LaTeX Font Info:    ... okay on input line 333.
LaTeX Font Info:    Checking defaults for TS1/cmr/m/n on input line 333.
LaTeX Font Info:    ... okay on input line 333.
LaTeX Font Info:    Checking defaults for TU/lmr/m/n on input line 333.
LaTeX Font Info:    ... okay on input line 333.
LaTeX Font Info:    Checking defaults for OMX/cmex/m/n on input line 333.
LaTeX Font Info:    ... okay on input line 333.
LaTeX Font Info:    Checking defaults for U/cmr/m/n on input line 333.
LaTeX Font Info:    ... okay on input line 333.
LaTeX Font Info:    Checking defaults for PD1/pdf/m/n on input line 333.
LaTeX Font Info:    ... okay on input line 333.
LaTeX Font Info:    Checking defaults for PU/pdf/m/n on input line 333.
LaTeX Font Info:    ... okay on input line 333.

(/usr/local/texlive/2026/texmf-dist/tex/context/base/mkii/supp-pdf.mkii
[Loading MPS to PDF converter (version 2006.09.02).]
\scratchcounter=\count653
\scratchdimen=\dimen409
\scratchbox=\box137
\nofMPsegments=\count654
\nofMParguments=\count655
\everyMPshowfont=\toks82
\MPscratchCnt=\count656
\MPscratchDim=\dimen410
\MPnumerator=\count657
\makeMPintoPDFobject=\count658
\everyMPtoPDFconversion=\toks83
) (/usr/local/texlive/2026/texmf-dist/tex/latex/epstopdf-pkg/epstopdf-base.sty
Package: epstopdf-base 2020-01-24 v2.11 Base part for package epstopdf
Package epstopdf-base Info: Redefining graphics rule for `.eps' on input line 4
85.

(/usr/local/texlive/2026/texmf-dist/tex/latex/latexconfig/epstopdf-sys.cfg
File: epstopdf-sys.cfg 2010/07/13 v1.3 Configuration of (r)epstopdf for TeX Liv
e
))
(/usr/local/texlive/2026/texmf-dist/tex/latex/translations/translations-basic-d
ictionary-english.trsl
File: translations-basic-dictionary-english.trsl (english translation file `tra
nslations-basic-dictionary')
)
Package translations Info: loading dictionary `translations-basic-dictionary' f
or `english'. on input line 333.
Package caption Info: Begin \AtBeginDocument code.
Package caption Info: hyperref package is loaded.
Package caption Info: listings package is loaded.
Package caption Info: longtable package is loaded.

(/usr/local/texlive/2026/texmf-dist/tex/latex/caption/ltcaption.sty
Package: ltcaption 2021/01/08 v1.4c longtable captions (AR)
)
Package caption Info: rotating package is loaded.
Package caption Info: supertabular package is loaded.
Package caption Info: End \AtBeginDocument code.
\c@lstlisting=\count659

(/usr/local/texlive/2026/texmf-dist/tex/latex/pdflscape/pdflscape.sty
Package: pdflscape 2025-06-23 v0.14 Display of landscape pages in PDF

(/usr/local/texlive/2026/texmf-dist/tex/latex/pdflscape/pdflscape-nometadata.st
y
Package: pdflscape-nometadata 2025-06-23 v0.14 Display of landscape pages in PD
F (HO)
Package pdflscape Info: Auto-detected driver: pdftex on input line 81.
))
Package pgfplots notification 'compat/show suggested version=true': you might b
enefit from \pgfplotsset{compat=1.18} (current compat level: 1.12).

Removing  `Babel.pre_otfload_h' from `hpack_filter'.
Removing  `luaotfload.node_processor' from `hpack_filter'.
Removing  `luaotfload.harf.finalize_hlist' from `hpack_filter'.
Inserting `Babel.math_box_dir' in `hpack_filter'.
Inserting `Babel.pre_otfload_h' in `hpack_filter'.
Inserting `luaotfload.node_processor' in `hpack_filter'.
Inserting `luaotfload.harf.finalize_hlist' in `hpack_filter'.
Inserting `Babel.unset_atdir' in `pre_linebreak_filter'.
Inserting `Babel.unset_atdir' in `hpack_filter'.
Inserting `Babel.ensure_math_dir' in `post_mlist_to_hlist_filter'.
Package biblatex Info: Trying to load language 'english'...
Package biblatex Info: ... file 'english.lbx' found.
(/usr/local/texlive/2026/texmf-dist/tex/latex/biblatex/lbx/english.lbx
File: english.lbx 2026/09/24 v3.22a biblatex localization (PK/MW)
)
Package biblatex Info: Trying to load language 'swedish'...
Package biblatex Info: ... file 'swedish.lbx' found.

(/usr/local/texlive/2026/texmf-dist/tex/latex/biblatex/lbx/swedish.lbx
File: swedish.lbx 2026/09/24 v3.22a biblatex localization (PK/MW)
)
Package biblatex Info: LuaTeX detected.
(biblatex)             Assuming input encoding 'utf8'.
Package biblatex Info: Automatic encoding selection.
(biblatex)             Assuming data encoding 'utf8'.

\openout6 = README_notes_reduced.bcf
Package biblatex Info: Trying to load bibliographic data...
Package biblatex Info: ... file 'README_notes_reduced.bbl' found.

(./artifacts/README_notes_reduced.bbl)
Package biblatex Info: Reference section=0 on input line 333.
Package biblatex Info: Reference segment=0 on input line 333.
Package hyperref Info: Link coloring OFF on input line 333.
 (./artifacts/README_notes_reduced.out)
(./artifacts/README_notes_reduced.out)
\@outlinefile=\write7

\openout7 = README_notes_reduced.out
LaTeX Font Info:    Overwriting math alphabet `\mathrm' in version `normal'
(Font)                  TU/STIXTwoMath(1)/m/n --> TU/TeXGyreTermes(0)/m/n on in
put line 333.
LaTeX Font Info:    Overwriting math alphabet `\mathit' in version `normal'
(Font)                  OT1/cmr/m/it --> TU/TeXGyreTermes(0)/m/it on input line
 333.
LaTeX Font Info:    Overwriting math alphabet `\mathbf' in version `normal'
(Font)                  OT1/cmr/bx/n --> TU/TeXGyreTermes(0)/b/n on input line 
333.
LaTeX Font Info:    Overwriting math alphabet `\mathsf' in version `normal'
(Font)                  OT1/cmss/m/n --> TU/TeXGyreHeros(0)/m/n on input line 3
33.
LaTeX Font Info:    Overwriting math alphabet `\mathsf' in version `bold'
(Font)                  OT1/cmss/m/n --> TU/TeXGyreHeros(0)/b/n on input line 3
33.
LaTeX Font Info:    Overwriting math alphabet `\mathtt' in version `normal'
(Font)                  OT1/cmtt/m/n --> TU/TeXGyreCursor(0)/m/n on input line 
333.
LaTeX Font Info:    Overwriting math alphabet `\mathtt' in version `bold'
(Font)                  OT1/cmtt/m/n --> TU/TeXGyreCursor(0)/b/n on input line 
333.
Package babel Info: Main language set to 'english'.
Package hyperref Info: bookmark level for unknown todo defaults to 0 on input l
ine 338.
 [1

{/usr/local/texlive/2026/texmf-var/fonts/map/pdftex/updmap/pdftex.map}] [2

] (./artifacts/README_notes_reduced.toc)
\tf@toc=\write8

\openout8 = README_notes_reduced.toc

[3] [4]

Package fontspec Info: 
(fontspec)             Language 'Swedish' not explicitly supported within font
(fontspec)             'TeX Gyre Termes' with script 'Latin'. Check the
(fontspec)             typeset output, and if it is okay then ignore this
(fontspec)             warning. Otherwise a different font should be chosen.


Package fontspec Info: 
(fontspec)             Font family 'TeXGyreTermes(1)' created for font 'TeX
(fontspec)             Gyre Termes' with options
(fontspec)             [Ligatures={TeX},Ligatures=TeX,Script=Latin,Language=Swe
dish,RawFeature={family=rm}].
(fontspec)              
(fontspec)              This font family consists of the following NFSS
(fontspec)             series/shapes:
(fontspec)              
(fontspec)             - 'normal' (m/n) with NFSS spec.: <->"name:TeX Gyre
(fontspec)             Termes:mode=node;script=latn;language=SVE;+tlig;family=r
m;"
(fontspec)             - 'small caps'  (m/sc) with NFSS spec.: <->"name:TeX
(fontspec)             Gyre
(fontspec)             Termes:mode=node;script=latn;language=SVE;+tlig;family=r
m;+smcp;"
(fontspec)             - 'bold' (b/n) with NFSS spec.: <->"name:TeX Gyre
(fontspec)             Termes/B:mode=node;script=latn;language=SVE;+tlig;family
=rm;"
(fontspec)             - 'bold small caps'  (b/sc) with NFSS spec.:
(fontspec)             <->"name:TeX Gyre
(fontspec)             Termes/B:mode=node;script=latn;language=SVE;+tlig;family
=rm;+smcp;"
(fontspec)             - 'italic' (m/it) with NFSS spec.: <->"name:TeX Gyre
(fontspec)             Termes/I:mode=node;script=latn;language=SVE;+tlig;family
=rm;"
(fontspec)             - 'italic small caps'  (m/scit) with NFSS spec.:
(fontspec)             <->"name:TeX Gyre
(fontspec)             Termes/I:mode=node;script=latn;language=SVE;+tlig;family
=rm;+smcp;"
(fontspec)             - 'bold italic' (b/it) with NFSS spec.: <->"name:TeX
(fontspec)             Gyre
(fontspec)             Termes/BI:mode=node;script=latn;language=SVE;+tlig;famil
y=rm;"
(fontspec)             - 'bold italic small caps'  (b/scit) with NFSS spec.:
(fontspec)             <->"name:TeX Gyre
(fontspec)             Termes/BI:mode=node;script=latn;language=SVE;+tlig;famil
y=rm;+smcp;"


Package fontspec Info: 
(fontspec)             Language 'Swedish' not explicitly supported within font
(fontspec)             'TeX Gyre Heros' with script 'Latin'. Check the typeset
(fontspec)             output, and if it is okay then ignore this warning.
(fontspec)             Otherwise a different font should be chosen.


Package fontspec Info: 
(fontspec)             Font family 'TeXGyreHeros(1)' created for font 'TeX
(fontspec)             Gyre Heros' with options
(fontspec)             [Ligatures={TeX},Ligatures=TeX,Script=Latin,Language=Swe
dish,RawFeature={family=sf}].
(fontspec)              
(fontspec)              This font family consists of the following NFSS
(fontspec)             series/shapes:
(fontspec)              
(fontspec)             - 'normal' (m/n) with NFSS spec.: <->"name:TeX Gyre
(fontspec)             Heros:mode=node;script=latn;language=SVE;+tlig;family=sf
;"
(fontspec)             - 'small caps'  (m/sc) with NFSS spec.: <->"name:TeX
(fontspec)             Gyre
(fontspec)             Heros:mode=node;script=latn;language=SVE;+tlig;family=sf
;+smcp;"
(fontspec)             - 'bold' (b/n) with NFSS spec.: <->"name:TeX Gyre
(fontspec)             Heros/B:mode=node;script=latn;language=SVE;+tlig;family=
sf;"
(fontspec)             - 'bold small caps'  (b/sc) with NFSS spec.:
(fontspec)             <->"name:TeX Gyre
(fontspec)             Heros/B:mode=node;script=latn;language=SVE;+tlig;family=
sf;+smcp;"
(fontspec)             - 'italic' (m/it) with NFSS spec.: <->"name:TeX Gyre
(fontspec)             Heros/I:mode=node;script=latn;language=SVE;+tlig;family=
sf;"
(fontspec)             - 'italic small caps'  (m/scit) with NFSS spec.:
(fontspec)             <->"name:TeX Gyre
(fontspec)             Heros/I:mode=node;script=latn;language=SVE;+tlig;family=
sf;+smcp;"
(fontspec)             - 'bold italic' (b/it) with NFSS spec.: <->"name:TeX
(fontspec)             Gyre
(fontspec)             Heros/BI:mode=node;script=latn;language=SVE;+tlig;family
=sf;"
(fontspec)             - 'bold italic small caps'  (b/scit) with NFSS spec.:
(fontspec)             <->"name:TeX Gyre
(fontspec)             Heros/BI:mode=node;script=latn;language=SVE;+tlig;family
=sf;+smcp;"


Package fontspec Info: 
(fontspec)             Language 'Swedish' not explicitly supported within font
(fontspec)             'TeX Gyre Cursor' with script 'Latin'. Check the
(fontspec)             typeset output, and if it is okay then ignore this
(fontspec)             warning. Otherwise a different font should be chosen.


Package fontspec Info: 
(fontspec)             Font family 'TeXGyreCursor(1)' created for font 'TeX
(fontspec)             Gyre Cursor' with options
(fontspec)             [Ligatures={TeX},WordSpace={1,0,0},HyphenChar=None,Punct
uationSpace=WordSpace,Script=Latin,Language=Swedish,RawFeature={family=tt},Liga
tures={ResetAll}].
(fontspec)              
(fontspec)              This font family consists of the following NFSS
(fontspec)             series/shapes:
(fontspec)              
(fontspec)             - 'normal' (m/n) with NFSS spec.: <->"name:TeX Gyre
(fontspec)             Cursor:mode=node;script=latn;language=SVE;family=tt;"
(fontspec)             - 'small caps'  (m/sc) with NFSS spec.: <->"name:TeX
(fontspec)             Gyre
(fontspec)             Cursor:mode=node;script=latn;language=SVE;family=tt;+smc
p;"
(fontspec)             and font adjustment code:
(fontspec)             \fontdimen 2\font =1\fontdimen 2\font \fontdimen 3\font
(fontspec)             =0\fontdimen 3\font \fontdimen 4\font =0\fontdimen
(fontspec)             4\font \fontdimen 7\font =0\fontdimen 2\font
(fontspec)             \tex_hyphenchar:D \font =-1\scan_stop: 
(fontspec)             - 'bold' (b/n) with NFSS spec.: <->"name:TeX Gyre
(fontspec)             Cursor/B:mode=node;script=latn;language=SVE;family=tt;"
(fontspec)             - 'bold small caps'  (b/sc) with NFSS spec.:
(fontspec)             <->"name:TeX Gyre
(fontspec)             Cursor/B:mode=node;script=latn;language=SVE;family=tt;+s
mcp;"
(fontspec)             and font adjustment code:
(fontspec)             \fontdimen 2\font =1\fontdimen 2\font \fontdimen 3\font
(fontspec)             =0\fontdimen 3\font \fontdimen 4\font =0\fontdimen
(fontspec)             4\font \fontdimen 7\font =0\fontdimen 2\font
(fontspec)             \tex_hyphenchar:D \font =-1\scan_stop: 
(fontspec)             - 'italic' (m/it) with NFSS spec.: <->"name:TeX Gyre
(fontspec)             Cursor/I:mode=node;script=latn;language=SVE;family=tt;"
(fontspec)             - 'italic small caps'  (m/scit) with NFSS spec.:
(fontspec)             <->"name:TeX Gyre
(fontspec)             Cursor/I:mode=node;script=latn;language=SVE;family=tt;+s
mcp;"
(fontspec)             and font adjustment code:
(fontspec)             \fontdimen 2\font =1\fontdimen 2\font \fontdimen 3\font
(fontspec)             =0\fontdimen 3\font \fontdimen 4\font =0\fontdimen
(fontspec)             4\font \fontdimen 7\font =0\fontdimen 2\font
(fontspec)             \tex_hyphenchar:D \font =-1\scan_stop: 
(fontspec)             - 'bold italic' (b/it) with NFSS spec.: <->"name:TeX
(fontspec)             Gyre
(fontspec)             Cursor/BI:mode=node;script=latn;language=SVE;family=tt;"

(fontspec)             - 'bold italic small caps'  (b/scit) with NFSS spec.:
(fontspec)             <->"name:TeX Gyre
(fontspec)             Cursor/BI:mode=node;script=latn;language=SVE;family=tt;+
smcp;"
(fontspec)             and font adjustment code:
(fontspec)             \fontdimen 2\font =1\fontdimen 2\font \fontdimen 3\font
(fontspec)             =0\fontdimen 3\font \fontdimen 4\font =0\fontdimen
(fontspec)             4\font \fontdimen 7\font =0\fontdimen 2\font
(fontspec)             \tex_hyphenchar:D \font =-1\scan_stop: 


(/usr/local/texlive/2026/texmf-dist/tex/generic/hyph-utf8/loadhyph/loadhyph-sv.
tex UTF-8 Swedish hyphenation patterns
(/usr/local/texlive/2026/texmf-dist/tex/generic/hyph-utf8/patterns/tex/hyph-sv.
tex)) [1

]
Underfull \vbox (badness 10000) has occurred while \output is active []


Underfull \vbox (badness 10000) has occurred while \output is active []

 [2]
[3] [4] [5]
Underfull \hbox (badness 1292) in paragraph at lines 430--431
[]\TU/TeXGyreTermes(0)/m/n/12 The \TU/TeXGyreTermes(0)/b/n/12 uni-code_blocks \
TU/TeXGyreTermes(0)/m/n/12 di-rec-tory con-tains files that es-tab-lish a map-pi
ng
 []

[6]
Overfull \hbox (18.11218pt too wide) in paragraph at lines 439--471
[][] 
 []

[7] [8]
Overfull \hbox (52.83061pt too wide) in paragraph at lines 482--482
\TU/TeXGyreCursor(0)/m/n/12 Saving_and_restoring_font_cache.tex|  
 []


Overfull \hbox (18.11218pt too wide) in paragraph at lines 478--485
[][] 
 []


Overfull \hbox (32.5066pt too wide) in paragraph at lines 474--486
\TU/TeXGyreTermes(0)/m/n/12 im-prov-ing Over-leaf’s per-for-mance. \TU/TeXGyr
eCursor(0)/m/n/12 Saving_and_restoring_font_cache.tex
 []

[9

]
Overfull \hbox (2.60425pt too wide) in paragraph at lines 505--505
\TU/TeXGyreCursor(0)/m/n/12 schools_and_programs_3rd_cycle|  
 []


Overfull \hbox (18.11218pt too wide) in paragraph at lines 492--507
[][] 
 []

[10

]
Overfull \hbox (18.11218pt too wide) in paragraph at lines 514--524
[][] 
 []


Underfull \hbox (badness 2608) in paragraph at lines 530--531
[]\TU/TeXGyreTermes(0)/m/n/12 The \TU/TeXGyreTermes(0)/b/n/12 Ad-di-tional_Ab-st
racts \TU/TeXGyreTermes(0)/m/n/12 di-rec-tory con-tains skele-ton ab-stracts in a
 []


Overfull \hbox (18.11218pt too wide) in paragraph at lines 537--541
[][] 
 []

[11

]
Overfull \hbox (3.8858pt too wide) in paragraph at lines 553--564
[][] 
 []

[12]
Underfull \hbox (badness 1424) in paragraph at lines 582--583
[]\TU/TeXGyreTermes(0)/m/n/12 The (hope-fully) many (hu-man) read-ers of the fi-
nal doc-u-ment (see
 []

[13] [14]
Underfull \hbox (badness 2237) in paragraph at lines 638--639
\TU/TeXGyreTermes(0)/m/n/12 The macros re-lated to the op-po-nent and oral pre-s
en-ta-tion are in the file
 []


Underfull \vbox (badness 1052) has occurred while \output is active []


Underfull \vbox (badness 1052) has occurred while \output is active []

 [15]
Underfull \hbox (badness 1189) in paragraph at lines 652--653
\TU/TeXGyreTermes(0)/m/n/12 to three let-ter ISO 639-2 Code –
 []


Overfull \hbox (64.80391pt too wide) in paragraph at lines 653--654
\TU/TeXGyreTermes(0)/m/n/12 ``via Zoom https://kth-se.zoom.us/j/ddddddddddd'' 
 []

[16]
Overfull \hbox (3.4919pt too wide) in paragraph at lines 679--680
[]\TU/TeXGyreTermes(0)/m/n/12 The Jupyter note-book \TU/TeXGyreCursor(0)/m/n/12
 citations-to-DiVA-Notebook-20250811-
 []


Underfull \hbox (badness 1122) in paragraph at lines 679--680
\TU/TeXGyreTermes(0)/m/n/12 looks up DiVA IDs for these pub-li-ca-tions. The au-
thor can use this
 []

[17] [18]
Underfull \vbox (badness 10000) has occurred while \output is active []


Underfull \vbox (badness 10000) has occurred while \output is active []

 [19]
[20] (/usr/local/texlive/2026/texmf-dist/tex/latex/listings/lstlang1.sty
File: lstlang1.sty 2025/11/14 1.11b listings language file
)
(/usr/local/texlive/2026/texmf-dist/tex/latex/listings/lstlang1.sty
File: lstlang1.sty 2025/11/14 1.11b listings language file
)
Package hyperref Info: bookmark level for unknown lstlisting defaults to 0 on i
nput line 810.
 [21]
[22

]
Underfull \vbox (badness 10000) has occurred while \output is active []


Underfull \vbox (badness 10000) has occurred while \output is active []

 [23]
[24] [25]

Package glossaries Info: Preparing to sort glossary `acronym' (total number of
(glossaries)             referenced entries: 13)

[26

]
Underfull \hbox (badness 1325) in paragraph at lines 903--903
\TU/TeXGyreTermes(0)/m/n/12 The facts, why we don’t be-lieve them, and what we
 need to do,” in
 []

[27

] (./artifacts/README_notes_reduced.aux)
 ***********
LaTeX2e <2026-06-01>
L3 programming layer <2026-09-09>
 ***********


LaTeX Font Warning: Some font shapes were not available, defaults substituted.

Package rerunfilecheck Info: File `README_notes_reduced.out' has not changed.
(rerunfilecheck)             Checksum: DA6BD50F11C978F07EA3BD93C7F034DA;5586.
Package logreq Info: Writing requests to 'README_notes_reduced.run.xml'.

\openout1 = README_notes_reduced.run.xml
)

Here is how much of LuaTeX's memory you used:
 85854 strings out of 475604
 125007,4101490 words of node,token memory allocated
 5713 words of node memory still in use:
   7 hlist, 2 vlist, 2 rule, 19 glue, 4 kern, 2 glyph, 1873 attribute, 127 glue_
spec, 470 attribute_list, 2 write, 9 pdf_action nodes
   avail lists: 1:11,2:18370,3:1476,4:29,5:826,6:95,7:7060,8:107,9:1887,10:27,11
:468,12:1
 106726 multiletter control sequences out of 65536+600000
 524 fonts using 1467422899 bytes
 107i,14n,157p,8866b,4035s stack positions out of 10000i,1000n,20000p,200000b,200000s
</usr/share/fonts/truetype/noto/NotoSansMono-Regular.ttf></usr/local/texlive/202
6/texmf-dist/fonts/opentype/public/tex-gyre/texgyrecursor-bold.otf></usr/local/t
exlive/2026/texmf-dist/fonts/opentype/public/tex-gyre/texgyrecursor-regular.otf>
</usr/local/texlive/2026/texmf-dist/fonts/opentype/public/stix2-otf/STIXTwoMath-
Regular.otf></usr/local/texlive/2026/texmf-dist/fonts/opentype/public/stix2-otf/
STIXTwoMath-Regular.otf></usr/local/texlive/2026/texmf-dist/fonts/opentype/publi
c/tex-gyre/texgyretermes-italic.otf></usr/local/texlive/2026/texmf-dist/fonts/op
entype/public/tex-gyre/texgyreheros-regular.otf><./Figtree/static/Figtree-Regula
r.ttf></usr/local/texlive/2026/texmf-dist/fonts/opentype/public/tex-gyre/texgyre
termes-bold.otf></usr/local/texlive/2026/texmf-dist/fonts/opentype/public/tex-gy
re/texgyretermes-regular.otf>
Output written on README_notes_reduced.pdf (31 pages, 148188 bytes).

PDF statistics: 558 PDF objects out of 1000 (max. 8388607)
 466 compressed objects within 5 object streams
 148 named destinations out of 1000 (max. 1048576)
 240 words of extra memory for PDF output out of 10000 (max. 100000000)

