This is LuaHBTeX, Version 1.24.0 (TeX Live 2026)  (format=lualatex 2026.10.4)  8 OCT 2026 14:34
 restricted system commands enabled.
**README_notes/README_programmer_notes_Biber_and_BibLaTeX.tex
(./README_notes/README_programmer_notes_Biber_and_BibLaTeX.tex
LaTeX2e <2026-06-01>
L3 programming layer <2026-09-09>
Lua module: luaotfload 2024-12-03 v3.29 Lua based OpenType font support
Lua module: lualibs 2023-07-13 v2.76 ConTeXt Lua standard libraries.
Lua module: lualibs-extended 2023-07-13 v2.76 ConTeXt Lua libraries -- extended 
collection.
luaotfload | conf : Root cache directory is "./cache/luatex-cache/generic/names"
.
luaotfload | init : Loading fontloader "fontloader-2023-12-28.lua" from kpse-res
olved path "/usr/local/texlive/2026/texmf-dist/tex/luatex/luaotfload/fontloader-
2023-12-28.lua".
Lua-only attribute luaotfload@noligature = 1
luaotfload | init : Context OpenType loader version 3.134
Inserting `luaotfload.node_processor' in `pre_linebreak_filter'.
Inserting `luaotfload.node_processor' in `hpack_filter'.
Inserting `luaotfload.glyph_stream' in `glyph_stream_provider'.
Inserting `luaotfload.define_font' in `define_font'.
Lua-only attribute luaotfload_color_attribute = 2
luaotfload | conf : Root cache directory is "./cache/luatex-cache/generic/names"
.
Inserting `luaotfload.harf.strip_prefix' in `find_opentype_file'.
Inserting `luaotfload.harf.strip_prefix' in `find_truetype_file'.
Removing  `luaotfload.glyph_stream' from `glyph_stream_provider'.
Inserting `luaotfload.harf.glyphstream' in `glyph_stream_provider'.
Inserting `luaotfload.harf.finalize_vlist' in `post_linebreak_filter'.
Inserting `luaotfload.harf.finalize_hlist' in `hpack_filter'.
Inserting `luaotfload.cleanup_files' in `wrapup_run'.
Inserting `luaotfload.harf.finalize_unicode' in `finish_pdffile'.
Inserting `luaotfload.glyphinfo' in `glyph_info'.
Lua-only attribute luaotfload.letterspace_done = 3
Inserting `luaotfload.aux.set_sscale_dimens' in `luaotfload.patch_font'.
Inserting `luaotfload.aux.set_font_index' in `luaotfload.patch_font'.
Inserting `luaotfload.aux.patch_cambria_domh' in `luaotfload.patch_font'.
Inserting `luaotfload.aux.fixup_fontdata' in `luaotfload.patch_font_unsafe'.
Inserting `luaotfload.aux.set_capheight' in `luaotfload.patch_font'.
Inserting `luaotfload.aux.set_xheight' in `luaotfload.patch_font'.
Inserting `luaotfload.rewrite_fontname' in `luaotfload.patch_font'.
Inserting `tracingstacklevels' in `input_level_string'. (/usr/local/texlive/202
6/texmf-dist/tex/latex/base/article.cls
Document Class: article 2025/01/22 v1.4n Standard LaTeX document class
(/usr/local/texlive/2026/texmf-dist/tex/latex/base/size12.clo
File: size12.clo 2025/01/22 v1.4n Standard LaTeX file (size option)
luaotfload | db : Font names database loaded from ./cache/luatex-cache/generic/n
ames/luaotfload-names.luc.gz)
\c@part=\count274
\c@section=\count275
\c@subsection=\count276
\c@subsubsection=\count277
\c@paragraph=\count278
\c@subparagraph=\count279
\c@figure=\count280
\c@table=\count281
\abovecaptionskip=\skip49
\belowcaptionskip=\skip50
\bibindent=\dimen149
)
(./lib/datatool-ldf.tex

LaTeX Info: File `datatool-swedish.ldf' already exists on the system.
            Not generating it from this source.


LaTeX Info: File `datatool-latin.ldf' already exists on the system.
            Not generating it from this source.


LaTeX Info: File `glossaries-swedish.ldf' already exists on the system.
            Not generating it from this source.


LaTeX Info: File `glossaries-latin.ldf' already exists on the system.
            Not generating it from this source.

) (/usr/local/texlive/2026/texmf-dist/tex/generic/iftex/ifluatex.sty
Package: ifluatex 2019/10/25 v1.5 ifluatex legacy package. Use iftex instead.

(/usr/local/texlive/2026/texmf-dist/tex/generic/iftex/iftex.sty
Package: iftex 2024/12/12 v1.0g TeX engine tests
))
(/usr/local/texlive/2026/texmf-dist/tex/latex/comment/comment.sty
\CommentStream=\write3

Excluding comment 'comment')
(/usr/local/texlive/2026/texmf-dist/tex/latex/caption/caption.sty
Package: caption 2023/08/05 v3.6o Customizing captions (AR)

(/usr/local/texlive/2026/texmf-dist/tex/latex/caption/caption3.sty
Package: caption3 2023/07/31 v2.4d caption3 kernel (AR)

(/usr/local/texlive/2026/texmf-dist/tex/latex/graphics/keyval.sty
Package: keyval 2026-05-17 v1.15 key=value parser (DPC)
\KV@toks@=\toks17
)
\caption@tempdima=\dimen150
\captionmargin=\dimen151
\caption@leftmargin=\dimen152
\caption@rightmargin=\dimen153
\caption@width=\dimen154
\caption@indent=\dimen155
\caption@parindent=\dimen156
\caption@hangindent=\dimen157
Package caption Info: Standard document class detected.
)
\c@caption@flags=\count282
\c@continuedfloat=\count283
)
(/usr/local/texlive/2026/texmf-dist/tex/latex/etoolbox/etoolbox.sty
Package: etoolbox 2025/10/02 v2.5m e-TeX tools for LaTeX (JAW)
\etb@tempcnta=\count284
)
(./lib/includes.tex
(/usr/local/texlive/2026/texmf-dist/tex/latex/pgf/utilities/pgffor.sty
(/usr/local/texlive/2026/texmf-dist/tex/latex/pgf/utilities/pgfrcs.sty
(/usr/local/texlive/2026/texmf-dist/tex/generic/pgf/utilities/pgfutil-common.te
x
\pgfutil@everybye=\toks18
\pgfutil@tempdima=\dimen158
\pgfutil@tempdimb=\dimen159
)
(/usr/local/texlive/2026/texmf-dist/tex/generic/pgf/utilities/pgfutil-latex.def
\pgfutil@abb=\box53
) (/usr/local/texlive/2026/texmf-dist/tex/generic/pgf/utilities/pgfrcs.code.tex
(/usr/local/texlive/2026/texmf-dist/tex/generic/pgf/pgf.revision.tex)
Package: pgfrcs 2026-08-01 v3.1.12 (3.1.12)
))
(/usr/local/texlive/2026/texmf-dist/tex/latex/pgf/utilities/pgfkeys.sty
(/usr/local/texlive/2026/texmf-dist/tex/generic/pgf/utilities/pgfkeys.code.tex
\pgfkeys@pathtoks=\toks19
\pgfkeys@temptoks=\toks20

(/usr/local/texlive/2026/texmf-dist/tex/generic/pgf/utilities/pgfkeyslibraryfil
tered.code.tex
\pgfkeys@tmptoks=\toks21
)))
(/usr/local/texlive/2026/texmf-dist/tex/latex/pgf/math/pgfmath.sty
(/usr/local/texlive/2026/texmf-dist/tex/generic/pgf/math/pgfmath.code.tex
(/usr/local/texlive/2026/texmf-dist/tex/generic/pgf/math/pgfmathutil.code.tex
\pgf@x=\dimen160
\pgf@xa=\dimen161
\pgf@xb=\dimen162
\pgf@xc=\dimen163
\pgf@y=\dimen164
\pgf@ya=\dimen165
\pgf@yb=\dimen166
\pgf@yc=\dimen167
\c@pgf@counta=\count285
\c@pgf@countb=\count286
\c@pgf@countc=\count287
\c@pgf@countd=\count288
)
(/usr/local/texlive/2026/texmf-dist/tex/generic/pgf/math/pgfmathparser.code.tex
\pgfmath@dimen=\dimen168
\pgfmath@count=\count289
\pgfmath@box=\box54
\pgfmath@toks=\toks22
\pgfmath@stack@operand=\toks23
\pgfmath@stack@operation=\toks24
)
(/usr/local/texlive/2026/texmf-dist/tex/generic/pgf/math/pgfmathfunctions.code.
tex)
(/usr/local/texlive/2026/texmf-dist/tex/generic/pgf/math/pgfmathfunctions.basic
.code.tex)
(/usr/local/texlive/2026/texmf-dist/tex/generic/pgf/math/pgfmathfunctions.trigo
nometric.code.tex)
(/usr/local/texlive/2026/texmf-dist/tex/generic/pgf/math/pgfmathfunctions.rando
m.code.tex)
(/usr/local/texlive/2026/texmf-dist/tex/generic/pgf/math/pgfmathfunctions.compa
rison.code.tex)
(/usr/local/texlive/2026/texmf-dist/tex/generic/pgf/math/pgfmathfunctions.base.
code.tex)
(/usr/local/texlive/2026/texmf-dist/tex/generic/pgf/math/pgfmathfunctions.round
.code.tex)
(/usr/local/texlive/2026/texmf-dist/tex/generic/pgf/math/pgfmathfunctions.misc.
code.tex)
(/usr/local/texlive/2026/texmf-dist/tex/generic/pgf/math/pgfmathfunctions.integ
erarithmetics.code.tex)
(/usr/local/texlive/2026/texmf-dist/tex/generic/pgf/math/pgfmathcalc.code.tex)
(/usr/local/texlive/2026/texmf-dist/tex/generic/pgf/math/pgfmathfloat.code.tex
\c@pgfmathroundto@lastzeros=\count290
)))
(/usr/local/texlive/2026/texmf-dist/tex/generic/pgf/utilities/pgffor.code.tex
Package: pgffor 2026-08-01 v3.1.12 (3.1.12)
\pgffor@iter=\dimen169
\pgffor@skip=\dimen170
\pgffor@stack=\toks25
\pgffor@toks=\toks26
)) (/usr/local/texlive/2026/texmf-dist/tex/latex/xurl/xurl.sty
Package: xurl 2022/01/09 v 0.10 modify URL breaks

(/usr/local/texlive/2026/texmf-dist/tex/latex/url/url.sty
\Urlmuskip=\muskip17
Package: url 2013/09/16  ver 3.4  Verb mode for urls, etc.
))
(/usr/local/texlive/2026/texmf-dist/tex/latex/xcolor/xcolor.sty
Package: xcolor 2024/09/29 v3.02 LaTeX color extensions (UK)

(/usr/local/texlive/2026/texmf-dist/tex/latex/graphics-cfg/color.cfg
File: color.cfg 2016/01/02 v1.6 sample color configuration
)
Package xcolor Info: Driver file: luatex.def on input line 274.

(/usr/local/texlive/2026/texmf-dist/tex/latex/graphics-def/luatex.def
File: luatex.def 2025/09/29 v1.2f Graphics/color driver for luatex
)
(/usr/local/texlive/2026/texmf-dist/tex/latex/graphics/mathcolor.ltx)
Package xcolor Info: Model `cmy' substituted by `cmy0' on input line 1349.
Package xcolor Info: Model `hsb' substituted by `rgb' on input line 1353.
Package xcolor Info: Model `RGB' extended on input line 1365.
Package xcolor Info: Model `HTML' substituted by `rgb' on input line 1367.
Package xcolor Info: Model `Hsb' substituted by `hsb' on input line 1368.
Package xcolor Info: Model `tHsb' substituted by `hsb' on input line 1369.
Package xcolor Info: Model `HSB' substituted by `hsb' on input line 1370.
Package xcolor Info: Model `Gray' substituted by `gray' on input line 1371.
Package xcolor Info: Model `wave' substituted by `hsb' on input line 1372.
)
(/usr/local/texlive/2026/texmf-dist/tex/latex/graphics/dvipsnam.def
File: dvipsnam.def 2026-05-17 v3.0m Driver-dependent file (DPC,SPQR)
)
(/usr/local/texlive/2026/texmf-dist/tex/latex/xcolor/svgnam.def
File: svgnam.def 2024/09/29 v3.02 Predefined colors according to SVG 1.1 (UK)
)
(/usr/local/texlive/2026/texmf-dist/tex/latex/colortbl/colortbl.sty
Package: colortbl 2026/05/01 v1.0l Color table columns (DPC)

(/usr/local/texlive/2026/texmf-dist/tex/latex/tools/array.sty
Package: array 2026/02/24 v2.7b Tabular extension package (FMi)
\col@sep=\dimen171
\ar@mcellbox=\box55
\extrarowheight=\dimen172
\NC@list=\toks27
\extratabsurround=\skip51
\backup@length=\skip52
\ar@cellbox=\box56
)
new hooks used!!
\minrowclearance=\skip53
\rownum=\count291
) (/usr/local/texlive/2026/texmf-dist/tex/latex/luacolor/luacolor.sty
Package: luacolor 2026-08-26 v1.19 Color support via LuaTeX's attributes (HO)
Inserting `luacolor.process' in `pre_shipout_filter'.
\LuaCol@Attribute=\attribute4

(/usr/local/texlive/2026/texmf-dist/tex/latex/l3kernel/l3backend-luatex.def
File: l3backend-luatex.def 2026-09-09 L3 backend support: PDF output (LuaTeX)
\l__color_backend_stack_int=\count292
Inserting `l3color' in `luaotfload.parse_color'.))
(/usr/local/texlive/2026/texmf-dist/tex/generic/ulem/ulem.sty
\UL@box=\box57
\UL@hyphenbox=\box58
\UL@skip=\skip54
\UL@hook=\toks28
\UL@height=\dimen173
\UL@pe=\count293
\UL@pixel=\dimen174
\ULC@box=\box59
Package: ulem 2019/11/18
\ULdepth=\dimen175
)
(/usr/local/texlive/2026/texmf-dist/tex/latex/tools/xspace.sty
Package: xspace 2014/10/28 v1.13 Space after command names (DPC,MH)
)
(/usr/local/texlive/2026/texmf-dist/tex/latex/braket/braket.sty)
(/usr/local/texlive/2026/texmf-dist/tex/latex/siunitx/siunitx.sty
Package: siunitx 2026-09-28 v3.6.3 A comprehensive (SI) units package
\l__siunitx_number_uncert_offset_int=\count294
\l__siunitx_number_exponent_fixed_int=\count295
\l__siunitx_number_min_decimal_int=\count296
\l__siunitx_number_min_integer_int=\count297
\l__siunitx_number_round_precision_int=\count298
\l__siunitx_number_lower_threshold_int=\count299
\l__siunitx_number_upper_threshold_int=\count300
\l__siunitx_number_group_first_int=\count301
\l__siunitx_number_group_size_int=\count302
\l__siunitx_number_group_min_int=\count303
\l__siunitx_number_group_minimum_int=\count304
\l__siunitx_compound_count_int=\count305

(/usr/local/texlive/2026/texmf-dist/tex/latex/translations/translations.sty
Package: translations 2022/02/05 v1.12 internationalization of LaTeX2e packages
 (CN)

(/usr/local/texlive/2026/texmf-dist/tex/generic/pdftexcmds/pdftexcmds.sty
Package: pdftexcmds 2020-06-27 v0.33 Utility functions of pdfTeX for LuaTeX (HO
)

(/usr/local/texlive/2026/texmf-dist/tex/generic/infwarerr/infwarerr.sty
Package: infwarerr 2019/12/03 v1.5 Providing info/warning/error messages (HO)
)
(/usr/local/texlive/2026/texmf-dist/tex/generic/ltxcmds/ltxcmds.sty
Package: ltxcmds 2023-12-04 v1.26 LaTeX kernel commands for general use (HO)
)
Package pdftexcmds Info: \pdf@primitive is available.
Package pdftexcmds Info: \pdf@ifprimitive is available.
Package pdftexcmds Info: \pdfdraftmode found.
\pdftexcmds@toks=\toks29
))
Include code introduced on 2026-09-12
(/usr/local/texlive/2026/texmf-dist/tex/latex/amsmath/amstext.sty
Package: amstext 2024/11/17 v2.01 AMS text

(/usr/local/texlive/2026/texmf-dist/tex/latex/amsmath/amsgen.sty
File: amsgen.sty 1999/11/30 v2.0 generic functions
\@emptytoks=\toks30
\ex@=\dimen176
))
\l__siunitx_table_tmp_box=\box60
\l__siunitx_table_tmp_dim=\dimen177
\l__siunitx_table_column_width_dim=\dimen178
\l__siunitx_table_integer_box=\box61
\l__siunitx_table_decimal_box=\box62
\l__siunitx_table_uncert_box=\box63
\l__siunitx_table_before_box=\box64
\l__siunitx_table_after_box=\box65
\l__siunitx_table_before_dim=\dimen179
\l__siunitx_table_carry_dim=\dimen180
\l__siunitx_unit_tmp_int=\count306
\l__siunitx_unit_position_int=\count307
\l__siunitx_unit_total_int=\count308
\l__siunitx_sexagesimal_tmp_dim=\dimen181
\l__siunitx_sexagesimal_marker_box=\box66
\l__siunitx_sexagesimal_unit_box=\box67

Package siunitx Info: Option "locale = US" has been deprecated in this
(siunitx)             release.
(siunitx)             
(siunitx)             Use "exponent-product=\times
(siunitx)             ,inter-unit-product=\,,output-decimal-marker=." as a
(siunitx)             replacement.

)
(/usr/local/texlive/2026/texmf-dist/tex/latex/preprint/balance.sty
Package: balance 1999/02/23 4.3 (PWD)
\oldvsize=\dimen182
)
(/usr/local/texlive/2026/texmf-dist/tex/latex/stmaryrd/stmaryrd.sty
Package: stmaryrd 1994/03/03 St Mary's Road symbol package
\symstmry=\mathgroup4
LaTeX Font Info:    Overwriting symbol font `stmry' in version `bold'
(Font)                  U/stmry/m/n --> U/stmry/b/n on input line 89.
)
(/usr/local/texlive/2026/texmf-dist/tex/latex/booktabs/booktabs.sty
Package: booktabs 2020/01/12 v1.61803398 Publication quality tables
\heavyrulewidth=\dimen183
\lightrulewidth=\dimen184
\cmidrulewidth=\dimen185
\belowrulesep=\dimen186
\belowbottomsep=\dimen187
\aboverulesep=\dimen188
\abovetopsep=\dimen189
\cmidrulesep=\dimen190
\cmidrulekern=\dimen191
\defaultaddspace=\dimen192
\@cmidla=\count309
\@cmidlb=\count310
\@aboverulesep=\dimen193
\@belowrulesep=\dimen194
\@thisruleclass=\count311
\@lastruleclass=\count312
\@thisrulewidth=\dimen195
)
(/usr/local/texlive/2026/texmf-dist/tex/latex/graphics/graphicx.sty
Package: graphicx 2026-05-17 v1.2e Enhanced LaTeX Graphics (DPC,SPQR)

(/usr/local/texlive/2026/texmf-dist/tex/latex/graphics/graphics.sty
Package: graphics 2026-05-17 v1.4h Standard LaTeX Graphics (DPC,SPQR)

(/usr/local/texlive/2026/texmf-dist/tex/latex/graphics/trig.sty
Package: trig 2023/12/02 v1.11 sin cos tan (DPC)
)
(/usr/local/texlive/2026/texmf-dist/tex/latex/graphics-cfg/graphics.cfg
File: graphics.cfg 2016/06/04 v1.11 sample graphics configuration
)
Package graphics Info: Driver file: luatex.def on input line 106.
)
\Gin@req@height=\dimen196
\Gin@req@width=\dimen197
)
(/usr/local/texlive/2026/texmf-dist/tex/latex/multirow/multirow.sty
Package: multirow 2024/11/12 v2.9 Span multiple rows of a table
\multirow@colwidth=\skip55
\multirow@cntb=\count313
\multirow@dima=\skip56
\bigstrutjot=\dimen198
)
(/usr/local/texlive/2026/texmf-dist/tex/latex/tools/tabularx.sty
Package: tabularx 2023/12/11 v2.12a `tabularx' package (DPC)
\TX@col@width=\dimen199
\TX@old@table=\dimen256
\TX@old@col=\dimen257
\TX@target=\dimen258
\TX@delta=\dimen259
\TX@cols=\count314
\TX@ftn=\toks31
)
(/usr/local/texlive/2026/texmf-dist/tex/latex/mathtools/mathtools.sty
Package: mathtools 2024/10/04 v1.31 mathematical typesetting tools

(/usr/local/texlive/2026/texmf-dist/tex/latex/tools/calc.sty
Package: calc 2025/03/01 v4.3b Infix arithmetic (KKT,FJ)
\calc@Acount=\count315
\calc@Bcount=\count316
\calc@Adimen=\dimen260
\calc@Bdimen=\dimen261
\calc@Askip=\skip57
\calc@Bskip=\skip58
LaTeX Info: Redefining \setlength on input line 86.
LaTeX Info: Redefining \addtolength on input line 87.
\calc@Ccount=\count317
\calc@Cskip=\skip59
)
(/usr/local/texlive/2026/texmf-dist/tex/latex/mathtools/mhsetup.sty
Package: mhsetup 2021/03/18 v1.4 programming setup (MH)
)
(/usr/local/texlive/2026/texmf-dist/tex/latex/amsmath/amsmath.sty
Package: amsmath 2026/05/19 v2.18d AMS math features
\@mathmargin=\skip60

For additional information on amsmath, use the `?' option.
(/usr/local/texlive/2026/texmf-dist/tex/latex/amsmath/amsbsy.sty
Package: amsbsy 1999/11/29 v1.2d Bold Symbols
\pmbraise@=\dimen262
)
(/usr/local/texlive/2026/texmf-dist/tex/latex/amsmath/amsopn.sty
Package: amsopn 2022/04/08 v2.04 operator names
)
\inf@bad=\count318
LaTeX Info: Redefining \frac on input line 235.
\uproot@=\count319
\leftroot@=\count320
LaTeX Info: Redefining \overline on input line 398.
LaTeX Info: Redefining \colon on input line 409.
\classnum@=\count321
\DOTSCASE@=\count322
LaTeX Info: Redefining \ldots on input line 495.
LaTeX Info: Redefining \dots on input line 498.
LaTeX Info: Redefining \cdots on input line 619.
\Mathstrutbox@=\box68
\strutbox@=\box69
LaTeX Info: Redefining \big on input line 721.
LaTeX Info: Redefining \Big on input line 722.
LaTeX Info: Redefining \bigg on input line 723.
LaTeX Info: Redefining \Bigg on input line 724.
\big@size=\dimen263
LaTeX Font Info:    Redeclaring font encoding OML on input line 742.
LaTeX Font Info:    Redeclaring font encoding OMS on input line 743.
\macc@depth=\count323
LaTeX Info: Redefining \bmod on input line 904.
LaTeX Info: Redefining \pmod on input line 909.
LaTeX Info: Redefining \smash on input line 939.
LaTeX Info: Redefining \relbar on input line 969.
LaTeX Info: Redefining \Relbar on input line 970.
\c@MaxMatrixCols=\count324
\dotsspace@=\muskip18
\c@parentequation=\count325
\dspbrk@lvl=\count326
\tag@help=\toks32
\row@=\count327
\column@=\count328
\maxfields@=\count329
\andhelp@=\toks33
\eqnshift@=\dimen264
\alignsep@=\dimen265
\tagshift@=\dimen266
\tagwidth@=\dimen267
\totwidth@=\dimen268
\lineht@=\dimen269
\@envbody=\toks34
\multlinegap=\skip61
\multlinetaggap=\skip62
\mathdisplay@stack=\toks35
LaTeX Info: Redefining \[ on input line 2965.
LaTeX Info: Redefining \] on input line 2966.
)
\g_MT_multlinerow_int=\count330
\l_MT_multwidth_dim=\dimen270
\origjot=\skip63
\l_MT_shortvdotswithinadjustabove_dim=\dimen271
\l_MT_shortvdotswithinadjustbelow_dim=\dimen272
\l_MT_above_intertext_sep=\dimen273
\l_MT_below_intertext_sep=\dimen274
\l_MT_above_shortintertext_sep=\dimen275
\l_MT_below_shortintertext_sep=\dimen276
\xmathstrut@box=\box70
\xmathstrut@dim=\dimen277
)
(/usr/local/texlive/2026/texmf-dist/tex/latex/algorithms/algorithm.sty
Package: algorithm 2009/08/24 v0.1 Document Style `algorithm' - floating enviro
nment

(/usr/local/texlive/2026/texmf-dist/tex/latex/float/float.sty
Package: float 2001/11/08 v1.3d Float enhancements (AL)
\c@float@type=\count331
\float@exts=\toks36
\float@box=\box71
\@float@everytoks=\toks37
\@floatcapt=\box72
)
(/usr/local/texlive/2026/texmf-dist/tex/latex/base/ifthen.sty
Package: ifthen 2024/03/16 v1.1e Standard LaTeX ifthen package (DPC)
)
\@float@every@algorithm=\toks38
\c@algorithm=\count332
)
(/usr/local/texlive/2026/texmf-dist/tex/latex/algorithms/algorithmic.sty
Package: algorithmic 2009/08/24 v0.1 Document Style `algorithmic'
\c@ALC@unique=\count333
\c@ALC@line=\count334
\c@ALC@rem=\count335
\c@ALC@depth=\count336
\ALC@tlm=\skip64
\algorithmicindent=\skip65
)
(/usr/local/texlive/2026/texmf-dist/tex/latex/caption/subcaption.sty
Package: subcaption 2023/07/28 v1.6b Sub-captions (AR)
Package caption Info: New subtype `subfigure' on input line 238.
\c@subfigure=\count337
Package caption Info: New subtype `subtable' on input line 238.
\c@subtable=\count338
)
(/usr/local/texlive/2026/texmf-dist/tex/latex/optidef/optidef.sty
Package: optidef 2019/04/23 - version=3.1, Package for defining optimization pr
oblems

(/usr/local/texlive/2026/texmf-dist/tex/latex/environ/environ.sty
Package: environ 2014/05/04 v0.3 A new way to define environments

(/usr/local/texlive/2026/texmf-dist/tex/latex/trimspaces/trimspaces.sty
Package: trimspaces 2009/09/17 v1.1 Trim spaces around a token list
))
(/usr/local/texlive/2026/texmf-dist/tex/latex/xifthen/xifthen.sty
Package: xifthen 2015/11/05 v1.4.0 Extended ifthen features

(/usr/local/texlive/2026/texmf-dist/tex/latex/ifmtarg/ifmtarg.sty
Package: ifmtarg 2018/04/16 v1.2b check for an empty argument
))
(/usr/local/texlive/2026/texmf-dist/tex/latex/l3packages/xparse/xparse.sty
(/usr/local/texlive/2026/texmf-dist/tex/latex/l3kernel/expl3.sty
Package: expl3 2026-09-09 L3 programming layer (loader) 
)
Package: xparse 2025-10-09 L3 Experimental document command parser
)
\widthInit=\skip66
)
(/usr/local/texlive/2026/texmf-dist/tex/latex/psnfss/pifont.sty
Package: pifont 2020/03/25 PSNFSS-v9.3 Pi font support (SPQR) 
LaTeX Font Info:    Trying to load font information for U+pzd on input line 63.


(/usr/local/texlive/2026/texmf-dist/tex/latex/psnfss/upzd.fd
File: upzd.fd 2001/06/04 font definitions for U/pzd.
)
LaTeX Font Info:    Trying to load font information for U+psy on input line 64.


(/usr/local/texlive/2026/texmf-dist/tex/latex/psnfss/upsy.fd
File: upsy.fd 2001/06/04 font definitions for U/psy.
))
(/usr/local/texlive/2026/texmf-dist/tex/latex/graphics/rotating.sty
Package: rotating 2026-05-17 v2.16e rotated objects in LaTeX
\c@r@tfl@t=\count339
\rotFPtop=\skip67
\rotFPbot=\skip68
\rot@float@box=\box73
\rot@mess@toks=\toks39
)
(/usr/local/texlive/2026/texmf-dist/tex/latex/mdwtools/mdwlist.sty
Package: mdwlist 1996/05/02 1.1 Various list-related things
)
(/usr/local/texlive/2026/texmf-dist/tex/latex/setspace/setspace.sty
Package: setspace 2022/12/04 v6.7b set line spacing
)
(/usr/local/texlive/2026/texmf-dist/tex/latex/enumitem/enumitem.sty
Package: enumitem 2025/02/06 v3.11 Customized lists
\labelindent=\skip69
\enit@outerparindent=\dimen278
\enit@toks=\toks40
\enit@inbox=\box74
\enit@count@id=\count340
\enitdp@description=\count341
)
(/usr/local/texlive/2026/texmf-dist/tex/latex/listings/listings.sty
\lst@mode=\count342
\lst@gtempboxa=\box75
\lst@token=\toks41
\lst@length=\count343
\lst@currlwidth=\dimen279
\lst@column=\count344
\lst@pos=\count345
\lst@lostspace=\dimen280
\lst@width=\dimen281
\lst@newlines=\count346
\lst@lineno=\count347
\lst@maxwidth=\dimen282

(/usr/local/texlive/2026/texmf-dist/tex/latex/listings/lstpatch.sty
File: lstpatch.sty 2025/11/14 1.11b (Carsten Heinz)
)
(/usr/local/texlive/2026/texmf-dist/tex/latex/listings/lstmisc.sty
File: lstmisc.sty 2025/11/14 1.11b (Carsten Heinz)
\c@lstnumber=\count348
\lst@skipnumbers=\count349
\lst@framebox=\box76
)
(/usr/local/texlive/2026/texmf-dist/tex/latex/listings/listings.cfg
File: listings.cfg 2025/11/14 1.11b listings configuration
))
Package: listings 2025/11/14 1.11b (Carsten Heinz)

(/usr/local/texlive/2026/texmf-dist/tex/latex/bytefield/bytefield.sty
Package: bytefield 2025/01/25 v2.9 Network protocol diagrams
\bytefield@height=\skip70
\bytefield@height@increment=\skip71
\entire@bytefield@picture=\box77
\bf@bitwidth=\skip72
\bf@bitheight=\skip73
\units@wide=\skip74
\units@tall=\skip75
\units@high=\skip76
\header@xpos=\skip77
\c@header@val=\count350
\c@max@header@val=\count351
\curly@box=\box78
\wordlabelr@start=\skip78
\wordlabelr@end=\skip79
\wordlabell@start=\skip80
\wordlabell@end=\skip81
\total@lbox@width=\skip82
\label@box@width=\skip83
\label@box@height=\skip84
\word@label@box=\box79
)
(/usr/local/texlive/2026/texmf-dist/tex/latex/todonotes/todonotes.sty
Package: todonotes 2024/01/05 v1.1.7 Todonotes source and documentation.
Package: todonotes 2024/01/05

(/usr/local/texlive/2026/texmf-dist/tex/latex/xkeyval/xkeyval.sty
Package: xkeyval 2025/11/04 v2.10 package option processing (HA)

(/usr/local/texlive/2026/texmf-dist/tex/generic/xkeyval/xkeyval.tex
(/usr/local/texlive/2026/texmf-dist/tex/generic/xkeyval/xkvutils.tex
\XKV@toks=\toks42
\XKV@tempa@toks=\toks43
\XKV@tempb@toks=\toks44
)
\XKV@depth=\count352
File: xkeyval.tex 2014/12/03 v2.7a key=value parser (HA)
))
(/usr/local/texlive/2026/texmf-dist/tex/latex/pgf/frontendlayer/tikz.sty
(/usr/local/texlive/2026/texmf-dist/tex/latex/pgf/basiclayer/pgf.sty
Package: pgf 2026-08-01 v3.1.12 (3.1.12)

(/usr/local/texlive/2026/texmf-dist/tex/latex/pgf/basiclayer/pgfcore.sty
(/usr/local/texlive/2026/texmf-dist/tex/latex/pgf/systemlayer/pgfsys.sty
(/usr/local/texlive/2026/texmf-dist/tex/generic/pgf/systemlayer/pgfsys.code.tex
Package: pgfsys 2026-08-01 v3.1.12 (3.1.12)
\pgf@x=\dimen283
\pgf@y=\dimen284
\pgf@xa=\dimen285
\pgf@ya=\dimen286
\pgf@xb=\dimen287
\pgf@yb=\dimen288
\pgf@xc=\dimen289
\pgf@yc=\dimen290
\pgf@xd=\dimen291
\pgf@yd=\dimen292
\w@pgf@writea=\write4
\r@pgf@reada=\read2
\c@pgf@counta=\count353
\c@pgf@countb=\count354
\c@pgf@countc=\count355
\c@pgf@countd=\count356
\t@pgf@toka=\toks45
\t@pgf@tokb=\toks46
\t@pgf@tokc=\toks47
\pgf@sys@id@count=\count357
Lua function pgfsys@strcmp = 31 (/usr/local/texlive/2026/texmf-dist/tex/generic
/pgf/systemlayer/pgf.cfg
File: pgf.cfg 2026-08-01 v3.1.12 (3.1.12)
)
Driver file for pgf: pgfsys-luatex.def

(/usr/local/texlive/2026/texmf-dist/tex/generic/pgf/systemlayer/pgfsys-luatex.d
ef
File: pgfsys-luatex.def 2026-08-01 v3.1.12 (3.1.12)

(/usr/local/texlive/2026/texmf-dist/tex/generic/pgf/systemlayer/pgfsys-common-p
df.def
File: pgfsys-common-pdf.def 2026-08-01 v3.1.12 (3.1.12)
)))
(/usr/local/texlive/2026/texmf-dist/tex/generic/pgf/systemlayer/pgfsyssoftpath.
code.tex
File: pgfsyssoftpath.code.tex 2026-08-01 v3.1.12 (3.1.12)
\pgfsyssoftpath@smallbuffer@items=\count358
\pgfsyssoftpath@bigbuffer@items=\count359
)
(/usr/local/texlive/2026/texmf-dist/tex/generic/pgf/systemlayer/pgfsysprotocol.
code.tex
File: pgfsysprotocol.code.tex 2026-08-01 v3.1.12 (3.1.12)
))
(/usr/local/texlive/2026/texmf-dist/tex/generic/pgf/basiclayer/pgfcore.code.tex
Package: pgfcore 2026-08-01 v3.1.12 (3.1.12)
(/usr/local/texlive/2026/texmf-dist/tex/generic/pgf/math/pgfint.code.tex)
(/usr/local/texlive/2026/texmf-dist/tex/generic/pgf/basiclayer/pgfcorepoints.co
de.tex
File: pgfcorepoints.code.tex 2026-08-01 v3.1.12 (3.1.12)
\pgf@picminx=\dimen293
\pgf@picmaxx=\dimen294
\pgf@picminy=\dimen295
\pgf@picmaxy=\dimen296
\pgf@pathminx=\dimen297
\pgf@pathmaxx=\dimen298
\pgf@pathminy=\dimen299
\pgf@pathmaxy=\dimen300
\pgf@xx=\dimen301
\pgf@xy=\dimen302
\pgf@yx=\dimen303
\pgf@yy=\dimen304
\pgf@zx=\dimen305
\pgf@zy=\dimen306
)
(/usr/local/texlive/2026/texmf-dist/tex/generic/pgf/basiclayer/pgfcorepathconst
ruct.code.tex
File: pgfcorepathconstruct.code.tex 2026-08-01 v3.1.12 (3.1.12)
\pgf@path@lastx=\dimen307
\pgf@path@lasty=\dimen308
)
(/usr/local/texlive/2026/texmf-dist/tex/generic/pgf/basiclayer/pgfcorepathusage
.code.tex
File: pgfcorepathusage.code.tex 2026-08-01 v3.1.12 (3.1.12)
\pgf@shorten@end@additional=\dimen309
\pgf@shorten@start@additional=\dimen310
)
(/usr/local/texlive/2026/texmf-dist/tex/generic/pgf/basiclayer/pgfcorescopes.co
de.tex
File: pgfcorescopes.code.tex 2026-08-01 v3.1.12 (3.1.12)
\pgfpic=\box80
\pgf@hbox=\box81
\pgf@layerbox@main=\box82
\pgf@picture@serial@count=\count360
)
(/usr/local/texlive/2026/texmf-dist/tex/generic/pgf/basiclayer/pgfcoregraphicst
ate.code.tex
File: pgfcoregraphicstate.code.tex 2026-08-01 v3.1.12 (3.1.12)
\pgflinewidth=\dimen311
)
(/usr/local/texlive/2026/texmf-dist/tex/generic/pgf/basiclayer/pgfcoretransform
ations.code.tex
File: pgfcoretransformations.code.tex 2026-08-01 v3.1.12 (3.1.12)
\pgf@pt@x=\dimen312
\pgf@pt@y=\dimen313
\pgf@pt@temp=\dimen314
)
(/usr/local/texlive/2026/texmf-dist/tex/generic/pgf/basiclayer/pgfcorequick.cod
e.tex
File: pgfcorequick.code.tex 2026-08-01 v3.1.12 (3.1.12)
)
(/usr/local/texlive/2026/texmf-dist/tex/generic/pgf/basiclayer/pgfcoreobjects.c
ode.tex
File: pgfcoreobjects.code.tex 2026-08-01 v3.1.12 (3.1.12)
)
(/usr/local/texlive/2026/texmf-dist/tex/generic/pgf/basiclayer/pgfcorepathproce
ssing.code.tex
File: pgfcorepathprocessing.code.tex 2026-08-01 v3.1.12 (3.1.12)
)
(/usr/local/texlive/2026/texmf-dist/tex/generic/pgf/basiclayer/pgfcorearrows.co
de.tex
File: pgfcorearrows.code.tex 2026-08-01 v3.1.12 (3.1.12)
\pgfarrowsep=\dimen315
)
(/usr/local/texlive/2026/texmf-dist/tex/generic/pgf/basiclayer/pgfcoreshade.cod
e.tex
File: pgfcoreshade.code.tex 2026-08-01 v3.1.12 (3.1.12)
\pgf@max=\dimen316
\pgf@sys@shading@range@num=\count361
\pgf@shadingcount=\count362
)
(/usr/local/texlive/2026/texmf-dist/tex/generic/pgf/basiclayer/pgfcoreimage.cod
e.tex
File: pgfcoreimage.code.tex 2026-08-01 v3.1.12 (3.1.12)
)
(/usr/local/texlive/2026/texmf-dist/tex/generic/pgf/basiclayer/pgfcoreexternal.
code.tex
File: pgfcoreexternal.code.tex 2026-08-01 v3.1.12 (3.1.12)
\pgfexternal@startupbox=\box83
)
(/usr/local/texlive/2026/texmf-dist/tex/generic/pgf/basiclayer/pgfcorelayers.co
de.tex
File: pgfcorelayers.code.tex 2026-08-01 v3.1.12 (3.1.12)
)
(/usr/local/texlive/2026/texmf-dist/tex/generic/pgf/basiclayer/pgfcoretranspare
ncy.code.tex
File: pgfcoretransparency.code.tex 2026-08-01 v3.1.12 (3.1.12)
)
(/usr/local/texlive/2026/texmf-dist/tex/generic/pgf/basiclayer/pgfcorepatterns.
code.tex
File: pgfcorepatterns.code.tex 2026-08-01 v3.1.12 (3.1.12)
)
(/usr/local/texlive/2026/texmf-dist/tex/generic/pgf/basiclayer/pgfcorerdf.code.
tex
File: pgfcorerdf.code.tex 2026-08-01 v3.1.12 (3.1.12)
)))
(/usr/local/texlive/2026/texmf-dist/tex/generic/pgf/modules/pgfmoduleshapes.cod
e.tex
File: pgfmoduleshapes.code.tex 2026-08-01 v3.1.12 (3.1.12)
\pgfnodeparttextbox=\box84
)
(/usr/local/texlive/2026/texmf-dist/tex/generic/pgf/modules/pgfmoduleplot.code.
tex
File: pgfmoduleplot.code.tex 2026-08-01 v3.1.12 (3.1.12)
)
(/usr/local/texlive/2026/texmf-dist/tex/latex/pgf/compatibility/pgfcomp-version
-0-65.sty
Package: pgfcomp-version-0-65 2026-08-01 v3.1.12 (3.1.12)
\pgf@nodesepstart=\dimen317
\pgf@nodesepend=\dimen318
)
(/usr/local/texlive/2026/texmf-dist/tex/latex/pgf/compatibility/pgfcomp-version
-1-18.sty
Package: pgfcomp-version-1-18 2026-08-01 v3.1.12 (3.1.12)
))
(/usr/local/texlive/2026/texmf-dist/tex/generic/pgf/frontendlayer/tikz/tikz.cod
e.tex
Package: tikz 2026-08-01 v3.1.12 (3.1.12)

(/usr/local/texlive/2026/texmf-dist/tex/generic/pgf/libraries/pgflibraryplothan
dlers.code.tex
File: pgflibraryplothandlers.code.tex 2026-08-01 v3.1.12 (3.1.12)
\pgf@plot@mark@count=\count363
\pgfplotmarksize=\dimen319
)
\tikz@lastx=\dimen320
\tikz@lasty=\dimen321
\tikz@lastxsaved=\dimen322
\tikz@lastysaved=\dimen323
\tikz@lastmovetox=\dimen324
\tikz@lastmovetoy=\dimen325
\tikzleveldistance=\dimen326
\tikzsiblingdistance=\dimen327
\tikz@figbox=\box85
\tikz@figbox@bg=\box86
\tikz@tempbox=\box87
\tikz@tempbox@bg=\box88
\tikztreelevel=\count364
\tikznumberofchildren=\count365
\tikznumberofcurrentchild=\count366
\tikz@fig@count=\count367

(/usr/local/texlive/2026/texmf-dist/tex/generic/pgf/modules/pgfmodulematrix.cod
e.tex
File: pgfmodulematrix.code.tex 2026-08-01 v3.1.12 (3.1.12)
\pgfmatrixcurrentrow=\count368
\pgfmatrixcurrentcolumn=\count369
\pgf@matrix@numberofcolumns=\count370
)
\tikz@expandcount=\count371

(/usr/local/texlive/2026/texmf-dist/tex/generic/pgf/frontendlayer/tikz/librarie
s/tikzlibrarytopaths.code.tex
File: tikzlibrarytopaths.code.tex 2026-08-01 v3.1.12 (3.1.12)
)))
(/usr/local/texlive/2026/texmf-dist/tex/generic/pgf/frontendlayer/tikz/librarie
s/tikzlibrarypositioning.code.tex
File: tikzlibrarypositioning.code.tex 2026-08-01 v3.1.12 (3.1.12)
)
\c@@todonotes@numberoftodonotes=\count372
)
(/usr/local/texlive/2026/texmf-dist/tex/latex/notoccite/notoccite.sty
Package: notoccite 2000/07/20
)
(/usr/local/texlive/2026/texmf-dist/tex/latex/bigfoot/perpage.sty
Package: perpage 2014/10/25 2.0 Reset/sort counters per page
\c@abspage=\count373
)
(/usr/local/texlive/2026/texmf-dist/tex/latex/footmisc/footmisc.sty
Package: footmisc 2025/05/09 v7.0b a miscellany of footnote facilities
\FN@temptoken=\toks48
\footnotemargin=\dimen328
\c@pp@a@footnote=\count374
Package footmisc Info: Declaring symbol style bringhurst on input line 549.
Package footmisc Info: Declaring symbol style chicago on input line 557.
Package footmisc Info: Declaring symbol style wiley on input line 566.
Package footmisc Info: Declaring symbol style lamport-robust on input line 577.

Package footmisc Info: Declaring symbol style lamport* on input line 597.
Package footmisc Info: Declaring symbol style lamport*-robust on input line 618
.
)
(/usr/local/texlive/2026/texmf-dist/tex/generic/pgf/frontendlayer/tikz/librarie
s/tikzlibraryarrows.code.tex
File: tikzlibraryarrows.code.tex 2026-08-01 v3.1.12 (3.1.12)

(/usr/local/texlive/2026/texmf-dist/tex/generic/pgf/libraries/pgflibraryarrows.
code.tex
File: pgflibraryarrows.code.tex 2026-08-01 v3.1.12 (3.1.12)
\arrowsize=\dimen329
))
(/usr/local/texlive/2026/texmf-dist/tex/generic/pgf/frontendlayer/tikz/librarie
s/tikzlibrarydecorations.pathmorphing.code.tex
(/usr/local/texlive/2026/texmf-dist/tex/generic/pgf/frontendlayer/tikz/librarie
s/tikzlibrarydecorations.code.tex
(/usr/local/texlive/2026/texmf-dist/tex/generic/pgf/modules/pgfmoduledecoration
s.code.tex
\pgfdecoratedcompleteddistance=\dimen330
\pgfdecoratedremainingdistance=\dimen331
\pgfdecoratedinputsegmentcompleteddistance=\dimen332
\pgfdecoratedinputsegmentremainingdistance=\dimen333
\pgf@decorate@distancetomove=\dimen334
\pgf@decorate@repeatstate=\count375
\pgfdecorationsegmentamplitude=\dimen335
\pgfdecorationsegmentlength=\dimen336
)
\tikz@lib@dec@box=\box89
)
(/usr/local/texlive/2026/texmf-dist/tex/generic/pgf/libraries/decorations/pgfli
brarydecorations.pathmorphing.code.tex))
(/usr/local/texlive/2026/texmf-dist/tex/generic/pgf/frontendlayer/tikz/librarie
s/tikzlibrarybackgrounds.code.tex
File: tikzlibrarybackgrounds.code.tex 2026-08-01 v3.1.12 (3.1.12)
\pgf@layerbox@background=\box90
\pgf@layerboxsaved@background=\box91
)
(/usr/local/texlive/2026/texmf-dist/tex/generic/pgf/frontendlayer/tikz/librarie
s/tikzlibraryfit.code.tex
File: tikzlibraryfit.code.tex 2026-08-01 v3.1.12 (3.1.12)
)
(/usr/local/texlive/2026/texmf-dist/tex/generic/pgf/frontendlayer/tikz/librarie
s/tikzlibrarydecorations.pathreplacing.code.tex
(/usr/local/texlive/2026/texmf-dist/tex/generic/pgf/libraries/decorations/pgfli
brarydecorations.pathreplacing.code.tex))
(/usr/local/texlive/2026/texmf-dist/tex/generic/pgf/frontendlayer/tikz/librarie
s/tikzlibrarycalc.code.tex
File: tikzlibrarycalc.code.tex 2026-08-01 v3.1.12 (3.1.12)
)
(/usr/local/texlive/2026/texmf-dist/tex/generic/pgf/frontendlayer/tikz/librarie
s/tikzlibraryshapes.code.tex
File: tikzlibraryshapes.code.tex 2026-08-01 v3.1.12 (3.1.12)

(/usr/local/texlive/2026/texmf-dist/tex/generic/pgf/frontendlayer/tikz/librarie
s/tikzlibraryshapes.geometric.code.tex
File: tikzlibraryshapes.geometric.code.tex 2026-08-01 v3.1.12 (3.1.12)

(/usr/local/texlive/2026/texmf-dist/tex/generic/pgf/libraries/shapes/pgflibrary
shapes.geometric.code.tex
File: pgflibraryshapes.geometric.code.tex 2026-08-01 v3.1.12 (3.1.12)
))
(/usr/local/texlive/2026/texmf-dist/tex/generic/pgf/frontendlayer/tikz/librarie
s/tikzlibraryshapes.misc.code.tex
File: tikzlibraryshapes.misc.code.tex 2026-08-01 v3.1.12 (3.1.12)

(/usr/local/texlive/2026/texmf-dist/tex/generic/pgf/libraries/shapes/pgflibrary
shapes.misc.code.tex
File: pgflibraryshapes.misc.code.tex 2026-08-01 v3.1.12 (3.1.12)
))
(/usr/local/texlive/2026/texmf-dist/tex/generic/pgf/frontendlayer/tikz/librarie
s/tikzlibraryshapes.symbols.code.tex
File: tikzlibraryshapes.symbols.code.tex 2026-08-01 v3.1.12 (3.1.12)

(/usr/local/texlive/2026/texmf-dist/tex/generic/pgf/libraries/shapes/pgflibrary
shapes.symbols.code.tex
File: pgflibraryshapes.symbols.code.tex 2026-08-01 v3.1.12 (3.1.12)
))
(/usr/local/texlive/2026/texmf-dist/tex/generic/pgf/frontendlayer/tikz/librarie
s/tikzlibraryshapes.arrows.code.tex
File: tikzlibraryshapes.arrows.code.tex 2026-08-01 v3.1.12 (3.1.12)

(/usr/local/texlive/2026/texmf-dist/tex/generic/pgf/libraries/shapes/pgflibrary
shapes.arrows.code.tex
File: pgflibraryshapes.arrows.code.tex 2026-08-01 v3.1.12 (3.1.12)
))
(/usr/local/texlive/2026/texmf-dist/tex/generic/pgf/frontendlayer/tikz/librarie
s/tikzlibraryshapes.callouts.code.tex
(/usr/local/texlive/2026/texmf-dist/tex/generic/pgf/libraries/shapes/pgflibrary
shapes.callouts.code.tex))
(/usr/local/texlive/2026/texmf-dist/tex/generic/pgf/frontendlayer/tikz/librarie
s/tikzlibraryshapes.multipart.code.tex
File: tikzlibraryshapes.multipart.code.tex 2026-08-01 v3.1.12 (3.1.12)

(/usr/local/texlive/2026/texmf-dist/tex/generic/pgf/libraries/shapes/pgflibrary
shapes.multipart.code.tex
File: pgflibraryshapes.multipart.code.tex 2026-08-01 v3.1.12 (3.1.12)
\pgfnodepartlowerbox=\box92
\pgfnodeparttwobox=\box93
\pgfnodepartthreebox=\box94
\pgfnodepartfourbox=\box95
\pgfnodeparttwentybox=\box96
\pgfnodepartnineteenbox=\box97
\pgfnodeparteighteenbox=\box98
\pgfnodepartseventeenbox=\box99
\pgfnodepartsixteenbox=\box100
\pgfnodepartfifteenbox=\box101
\pgfnodepartfourteenbox=\box102
\pgfnodepartthirteenbox=\box103
\pgfnodeparttwelvebox=\box104
\pgfnodepartelevenbox=\box105
\pgfnodeparttenbox=\box106
\pgfnodepartninebox=\box107
\pgfnodeparteightbox=\box108
\pgfnodepartsevenbox=\box109
\pgfnodepartsixbox=\box110
\pgfnodepartfivebox=\box111
)))
(/usr/local/texlive/2026/texmf-dist/tex/generic/pgf/frontendlayer/tikz/librarie
s/tikzlibrarypatterns.code.tex
File: tikzlibrarypatterns.code.tex 2026-08-01 v3.1.12 (3.1.12)

(/usr/local/texlive/2026/texmf-dist/tex/generic/pgf/libraries/pgflibrarypattern
s.code.tex
File: pgflibrarypatterns.code.tex 2026-08-01 v3.1.12 (3.1.12)
))
(/usr/local/texlive/2026/texmf-dist/tex/generic/pgf/libraries/pgflibraryarrows.
meta.code.tex
File: pgflibraryarrows.meta.code.tex 2026-08-01 v3.1.12 (3.1.12)
\pgfarrowinset=\dimen337
\pgfarrowlength=\dimen338
\pgfarrowwidth=\dimen339
\pgfarrowlinewidth=\dimen340
)
(/usr/local/texlive/2026/texmf-dist/tex/latex/pdfpages/pdfpages.sty
Package: pdfpages 2026/03/30 v0.6h Insert pages of external PDF documents (AM)

(/usr/local/texlive/2026/texmf-dist/tex/latex/eso-pic/eso-pic.sty
Package: eso-pic 2026/05/31 v3.0e eso-pic (RN)
\ESO@tempdima=\dimen341
\ESO@tempdimb=\dimen342
)
\AM@pagewidth=\dimen343
\AM@pageheight=\dimen344
\AM@fboxrule=\dimen345

(/usr/local/texlive/2026/texmf-dist/tex/latex/pdfpages/ppluatex.def
File: ppluatex.def 2026/03/30 v0.6h Pdfpages driver for LuaTeX (AM)
)
\pdfpages@includegraphics@status=\count376
\AM@pagebox=\box112
\AM@global@opts=\toks49
\AM@pagecnt=\count377
\AM@toc@title=\toks50
\AM@lof@heading=\toks51
\c@AM@survey=\count378
\AM@templatesizebox=\box113
)
(/usr/local/texlive/2026/texmf-dist/tex/latex/fvextra/fvextra.sty
Package: fvextra 2026/02/25 v1.14.0 fvextra - extensions and patches for fancyv
rb

(/usr/local/texlive/2026/texmf-dist/tex/latex/fancyvrb/fancyvrb.sty
Package: fancyvrb 2026/08/13 4.7 verbatim text (tvz,hv)
\FV@CodeLineNo=\count379
\FV@InFile=\read3
\FV@TabBox=\box114
\c@FancyVerbLine=\count380
\FV@StepNumber=\count381
\FV@OutFile=\write5
)
(/usr/local/texlive/2026/texmf-dist/tex/latex/upquote/upquote.sty
Package: upquote 2012/04/19 v1.3 upright-quote and grave-accent glyphs in verba
tim

(/usr/local/texlive/2026/texmf-dist/tex/latex/base/textcomp.sty
Package: textcomp 2024/04/24 v2.1b Standard LaTeX package
))
(/usr/local/texlive/2026/texmf-dist/tex/latex/lineno/lineno.sty
Package: lineno 2026/03/08 line numbers on paragraphs v5.9

(/usr/local/texlive/2026/texmf-dist/tex/latex/kvoptions/kvoptions.sty
Package: kvoptions 2022-06-15 v3.15 Key value format for package options (HO)

(/usr/local/texlive/2026/texmf-dist/tex/latex/kvsetkeys/kvsetkeys.sty
Package: kvsetkeys 2022-10-05 v1.19 Key value parser (HO)
))
\linenopenalty=\count382
\output=\toks52
\linenoprevgraf=\count383
\linenumbersep=\dimen346
\linenumberwidth=\dimen347
\c@linenumber=\count384
\c@pagewiselinenumber=\count385
\c@LN@truepage=\count386
\c@internallinenumber=\count387
\c@internallinenumbers=\count388
\quotelinenumbersep=\dimen348
\bframerule=\dimen349
\bframesep=\dimen350
\bframebox=\box115
\@LN@amsmath@ams@eqpen=\count389
)
\c@FancyVerbWriteLine=\count390
\c@FancyVerbBufferLine=\count391
\c@FV@TrueTabGroupLevel=\count392
\c@FV@TrueTabCounter=\count393
\FV@TabBox@Group=\box116
\FV@bgcolorstructbox=\box117
\FV@TmpLength=\skip85
\c@FV@HighlightLinesStart=\count394
\c@FV@HighlightLinesStop=\count395
\FV@LoopCount=\count396
\FV@NCharsBox=\box118
\FV@BreakIndent=\dimen351
\FV@BreakIndentNChars=\count397
\FV@BreakSymbolSepLeft=\dimen352
\FV@BreakSymbolSepLeftNChars=\count398
\FV@BreakSymbolSepRight=\dimen353
\FV@BreakSymbolSepRightNChars=\count399
\FV@BreakSymbolIndentLeft=\dimen354
\FV@BreakSymbolIndentLeftNChars=\count400
\FV@BreakSymbolIndentRight=\dimen355
\FV@BreakSymbolIndentRightNChars=\count401
\c@FancyVerbLineBreakLast=\count402
\FV@LineBox=\box119
\FV@LineIndentBox=\box120
\c@FV@BreakBufferDepth=\count403
\FV@LineWidth=\dimen356
)
(/usr/local/texlive/2026/texmf-dist/tex/latex/csquotes/csquotes.sty
Package: csquotes 2026-05-19 v5.2p context-sensitive quotations (JAW)
\csq@reset=\count404
\csq@gtype=\count405
\csq@glevel=\count406
\csq@qlevel=\count407
\csq@maxlvl=\count408
\csq@tshold=\count409
\csq@ltx@everypar=\toks53

(/usr/local/texlive/2026/texmf-dist/tex/latex/csquotes/csquotes.def
File: csquotes.def 2026-05-19 v5.2p csquotes generic definitions (JAW)
)
Package csquotes Info: Trying to load configuration file 'csquotes.cfg'...
Package csquotes Info: ... configuration file loaded successfully.

(/usr/local/texlive/2026/texmf-dist/tex/latex/csquotes/csquotes.cfg
File: csquotes.cfg 
))
(/usr/local/texlive/2026/texmf-dist/tex/latex/placeins/placeins.sty
Package: placeins 2005/04/18  v 2.2
)
(/usr/local/texlive/2026/texmf-dist/tex/latex/refcount/refcount.sty
Package: refcount 2019/12/15 v3.6 Data extraction from label references (HO)
)
(/usr/local/texlive/2026/texmf-dist/tex/latex/textpos/textpos.sty
Package: textpos 2022/07/23 v1.10.1
Package textpos Info: choosing support for LaTeX3 on input line 60.
\TP@textbox=\box121
\TP@holdbox=\box122
\TPHorizModule=\dimen357
\TPVertModule=\dimen358
\TP@margin=\dimen359
\TP@absmargin=\dimen360

Grid set 16 x 16 = 38.39343pt x 49.68562pt
\TPboxrulesize=\dimen361
\TP@ox=\dimen362
\TP@oy=\dimen363
\TP@tbargs=\toks54
TextBlockOrigin set to 0pt x 0pt
) (/usr/local/texlive/2026/texmf-dist/tex/latex/tools/longtable.sty
Package: longtable 2026-01-28 v4.27 Multi-page Table package (DPC)
\LTleft=\skip86
\LTright=\skip87
\LTpre=\skip88
\LTpost=\skip89
\LTchunksize=\count410
\LTcapwidth=\dimen364
\LT@head=\box123
\LT@firsthead=\box124
\LT@foot=\box125
\LT@lastfoot=\box126
\LT@gbox=\box127
\LT@cols=\count411
\LT@rows=\count412
\c@LT@tables=\count413
\c@LT@chunks=\count414
\LT@p@ftn=\toks55
)
(/usr/local/texlive/2026/texmf-dist/tex/latex/graphics/lscape.sty
Package: lscape 2020/05/28 v3.02 Landscape Pages (DPC)
)
(/usr/local/texlive/2026/texmf-dist/tex/latex/needspace/needspace.sty
Package: needspace 2025/03/13 v1.3e reserve vertical space
)
(/usr/local/texlive/2026/texmf-dist/tex/latex/svg/svg.sty
Package: svg 2020/11/26 v2.02k (include SVG pictures)

(/usr/local/texlive/2026/texmf-dist/tex/latex/koma-script/scrbase.sty
Package: scrbase 2026/02/02 v3.49.2 KOMA-Script package (KOMA-Script-independen
t basics and keyval usage)

(/usr/local/texlive/2026/texmf-dist/tex/latex/koma-script/scrlfile.sty
Package: scrlfile 2026/02/02 v3.49.2 KOMA-Script package (file load hooks)

(/usr/local/texlive/2026/texmf-dist/tex/latex/koma-script/scrlfile-hook.sty
Package: scrlfile-hook 2026/02/02 v3.49.2 KOMA-Script package (using LaTeX hook
s)

(/usr/local/texlive/2026/texmf-dist/tex/latex/koma-script/scrlogo.sty
Package: scrlogo 2026/02/02 v3.49.2 KOMA-Script package (logo)
)))
Applying: [2021/05/01] Usage of raw or classic option list on input line 254.
Already applied: [0000/00/00] Usage of raw or classic option list on input line
 370.
)
(/usr/local/texlive/2026/texmf-dist/tex/latex/tools/shellesc.sty
Package: shellesc 2023/07/08 v1.0d unified shell escape interface for LaTeX
Package shellesc Info: Restricted shell escape enabled on input line 77.
)
\c@svg@param@lastpage=\count415
\svg@box=\box128
\c@svg@param@currpage=\count416
)
LaTeX Info: Package 'transparent.sty' has been disabled.
            Load request ignored on input line 167.

(/usr/local/texlive/2026/texmf-dist/tex/latex/pgfplots/pgfplots.sty
(/usr/local/texlive/2026/texmf-dist/tex/generic/pgfplots/pgfplots.revision.tex)
Package: pgfplots 2026/08/26 v1.18.3 Data Visualization (1.18.3)
(/usr/local/texlive/2026/texmf-dist/tex/generic/pgfplots/pgfplots.code.tex
(/usr/local/texlive/2026/texmf-dist/tex/generic/pgfplots/pgfplotscore.code.tex
Package pgfplots info on input line 124: Initializing with LUA version Lua 5.3
\pgfplots@luabackend@table=\catcodetable14
\t@pgfplots@toka=\toks56
\t@pgfplots@tokb=\toks57
\t@pgfplots@tokc=\toks58
\pgfplots@tmpa=\dimen365
\c@pgfplots@coordindex=\count417
\c@pgfplots@scanlineindex=\count418

(/usr/local/texlive/2026/texmf-dist/tex/generic/pgfplots/sys/pgfplotssysgeneric
.code.tex))
(/usr/local/texlive/2026/texmf-dist/tex/generic/pgfplots/libs/pgfplotslibrary.c
ode.tex)
(/usr/local/texlive/2026/texmf-dist/tex/generic/pgfplots/oldpgfcompatib/pgfplot
soldpgfsupp_loader.code.tex
(/usr/local/texlive/2026/texmf-dist/tex/generic/pgf/libraries/pgflibraryfpu.cod
e.tex)
(/usr/local/texlive/2026/texmf-dist/tex/generic/pgfplots/oldpgfcompatib/pgfplot
soldpgfsupp_pgfutil-common-lists.tex)
(/usr/local/texlive/2026/texmf-dist/tex/generic/pgf/libraries/luamath/pgflibrar
yluamath.code.tex)
Package pgfplots info on input line 292: luamath library shipped with pgf 3.1.1
2 is up-to-date
)
(/usr/local/texlive/2026/texmf-dist/tex/generic/pgfplots/util/pgfplotsutil.code
.tex
Package pgfplots info on input line 82: Found new luatex: initializing lua comm
ands instead of write18 (shell-escape)

(/usr/local/texlive/2026/texmf-dist/tex/generic/pgfplots/liststructure/pgfplots
liststructure.code.tex)
(/usr/local/texlive/2026/texmf-dist/tex/generic/pgfplots/liststructure/pgfplots
liststructureext.code.tex)
(/usr/local/texlive/2026/texmf-dist/tex/generic/pgfplots/liststructure/pgfplots
array.code.tex
\c@pgfplotsarray@tmp=\count419
)
(/usr/local/texlive/2026/texmf-dist/tex/generic/pgfplots/liststructure/pgfplots
matrix.code.tex)
(/usr/local/texlive/2026/texmf-dist/tex/generic/pgfplots/numtable/pgfplotstable
shared.code.tex
\c@pgfplotstable@counta=\count420
\t@pgfplotstable@a=\toks59
)
(/usr/local/texlive/2026/texmf-dist/tex/generic/pgfplots/liststructure/pgfplots
deque.code.tex)
(/usr/local/texlive/2026/texmf-dist/tex/generic/pgfplots/util/pgfplotsbinary.co
de.tex
(/usr/local/texlive/2026/texmf-dist/tex/generic/pgfplots/util/pgfplotsbinary.da
ta.code.tex))
(/usr/local/texlive/2026/texmf-dist/tex/generic/pgfplots/util/pgfplotsutil.verb
.code.tex)
(/usr/local/texlive/2026/texmf-dist/tex/generic/pgfplots/libs/pgflibrarypgfplot
s.surfshading.code.tex
\c@pgfplotslibrarysurf@no=\count421

(/usr/local/texlive/2026/texmf-dist/tex/generic/pgfplots/sys/pgflibrarypgfplots
.surfshading.pgfsys-luatex.def)))
(/usr/local/texlive/2026/texmf-dist/tex/generic/pgfplots/util/pgfplotscolormap.
code.tex
(/usr/local/texlive/2026/texmf-dist/tex/generic/pgfplots/util/pgfplotscolor.cod
e.tex))
(/usr/local/texlive/2026/texmf-dist/tex/generic/pgfplots/pgfplotsstackedplots.c
ode.tex)
(/usr/local/texlive/2026/texmf-dist/tex/generic/pgfplots/pgfplotsplothandlers.c
ode.tex
(/usr/local/texlive/2026/texmf-dist/tex/generic/pgfplots/pgfplotsmeshplothandle
r.code.tex
(/usr/local/texlive/2026/texmf-dist/tex/generic/pgfplots/pgfplotsmeshplotimage.
code.tex)))
(/usr/local/texlive/2026/texmf-dist/tex/generic/pgfplots/pgfplots.scaling.code.
tex)
(/usr/local/texlive/2026/texmf-dist/tex/generic/pgfplots/pgfplotscoordprocessin
g.code.tex)
(/usr/local/texlive/2026/texmf-dist/tex/generic/pgfplots/pgfplots.errorbars.cod
e.tex)
(/usr/local/texlive/2026/texmf-dist/tex/generic/pgfplots/pgfplots.markers.code.
tex)
(/usr/local/texlive/2026/texmf-dist/tex/generic/pgfplots/pgfplotsticks.code.tex
)
(/usr/local/texlive/2026/texmf-dist/tex/generic/pgfplots/pgfplots.paths.code.te
x)
(/usr/local/texlive/2026/texmf-dist/tex/generic/pgfplots/libs/tikzlibrarypgfplo
ts.contourlua.code.tex)
\pgfplots@numplots=\count422
\pgfplots@xmin@reg=\dimen366
\pgfplots@xmax@reg=\dimen367
\pgfplots@ymin@reg=\dimen368
\pgfplots@ymax@reg=\dimen369
\pgfplots@zmin@reg=\dimen370
\pgfplots@zmax@reg=\dimen371
)
(/usr/local/texlive/2026/texmf-dist/tex/generic/pgf/frontendlayer/tikz/librarie
s/tikzlibraryplotmarks.code.tex
File: tikzlibraryplotmarks.code.tex 2026-08-01 v3.1.12 (3.1.12)

(/usr/local/texlive/2026/texmf-dist/tex/generic/pgf/libraries/pgflibraryplotmar
ks.code.tex
File: pgflibraryplotmarks.code.tex 2026-08-01 v3.1.12 (3.1.12)
)))
(/usr/local/texlive/2026/texmf-dist/tex/latex/pgfplots/pgfplotstable.sty
(/usr/local/texlive/2026/texmf-dist/tex/generic/pgfplots/pgfplots.revision.tex)
Package: pgfplotstable 2026/08/26 v1.18.3 Table typesetting and Pretty-printing
 (1.18.3)

(/usr/local/texlive/2026/texmf-dist/tex/generic/pgfplots/numtable/pgfplotstable
.code.tex
(/usr/local/texlive/2026/texmf-dist/tex/generic/pgfplots/numtable/pgfplotstable
.coltype.code.tex)))
(/usr/local/texlive/2026/texmf-dist/tex/latex/makecell/makecell.sty
Package: makecell 2009/08/03 V0.1e Managing of Tab Column Heads and Cells
\rotheadsize=\dimen372
\c@nlinenum=\count423
\TeXr@lab=\toks60
)
(/usr/local/texlive/2026/texmf-dist/tex/latex/pgf-pie/pgf-pie.sty
Package: pgf-pie 2022/06/14 v0.7 Some LaTeX macros for pie chart by using PGF/T
ikz package.

(/usr/local/texlive/2026/texmf-dist/tex/latex/pgf-pie/tikzlibrarypie.code.tex
(/usr/local/texlive/2026/texmf-dist/tex/latex/carlisle/scalefnt.sty)
\pgfpie@angleEnd=\dimen373
\pgfpie@explodeLength=\count424
\pgfpie@colorLength=\count425
\pgfpie@sliceLength=\count426
))
(/usr/local/texlive/2026/texmf-dist/tex/latex/tikzmark/tikzlibrarytikzmark.code
.tex
File: tikzlibrarytikzmark.code.tex 2026/05/31 v1.16 TikZ library for marking po
sitions in a document
\l__sn_x_dim=\dimen374
\l__sn_y_dim=\dimen375
\l__sn_xa_dim=\dimen376
\l__sn_ya_dim=\dimen377
) (/usr/local/texlive/2026/texmf-dist/tex/latex/subfiles/subfiles.sty
Package: subfiles 2020/11/14 v2.2 Multi-file projects (package)

(/usr/local/texlive/2026/texmf-dist/tex/latex/import/import.sty
Package: import 2020/04/01  v 6.2
))
(/usr/local/texlive/2026/texmf-dist/tex/latex/datetime2/datetime2.sty
Package: datetime2 2021/03/21 v1.5.7 (NLCT) date and time formats

(/usr/local/texlive/2026/texmf-dist/tex/latex/tracklang/tracklang.sty
Package: tracklang 2026/05/24 v1.6.8 (NLCT) Track Languages

(/usr/local/texlive/2026/texmf-dist/tex/generic/tracklang/tracklang.tex))
(/usr/local/texlive/2026/texmf-dist/tex/latex/datetime2/datetime2-calc.sty
Package: datetime2-calc 2021/03/21 v1.5.7 (NLCT)

(/usr/local/texlive/2026/texmf-dist/tex/latex/pgf/utilities/pgfcalendar.sty
(/usr/local/texlive/2026/texmf-dist/tex/generic/pgf/utilities/pgfcalendar.code.
tex
File: pgfcalendar.code.tex 2026-08-01 v3.1.12 (3.1.12)
\pgfcalendarcurrentjulian=\count427
\pgf@cal@easter@Y=\count428
\pgf@cal@easter@G=\count429
\pgf@cal@easter@C=\count430
\pgf@cal@easter@X=\count431
\pgf@cal@easter@Z=\count432
\pgf@cal@easter@D=\count433
\pgf@cal@easter@E=\count434
\pgf@cal@easter@N=\count435
\pgf@cal@easter@M=\count436
\pgf@cal@easter@julianday=\count437
))
\@dtm@julianday=\count438
))) (/usr/local/texlive/2026/texmf-dist/tex/latex/mdframed/mdframed.sty
Package: mdframed 2013/07/01 1.9b: mdframed

(/usr/local/texlive/2026/texmf-dist/tex/latex/zref/zref-abspage.sty
Package: zref-abspage 2026-09-16 v2.38 Module abspage for zref (HO)

(/usr/local/texlive/2026/texmf-dist/tex/latex/zref/zref-base.sty
Package: zref-base 2026-09-16 v2.38 Module base for zref (HO)

(/usr/local/texlive/2026/texmf-dist/tex/generic/kvdefinekeys/kvdefinekeys.sty
Package: kvdefinekeys 2019-12-19 v1.6 Define keys (HO)
)
(/usr/local/texlive/2026/texmf-dist/tex/generic/etexcmds/etexcmds.sty
Package: etexcmds 2019/12/15 v1.7 Avoid name clashes with e-TeX commands (HO)
)
(/usr/local/texlive/2026/texmf-dist/tex/latex/auxhook/auxhook.sty
Package: auxhook 2019-12-17 v1.6 Hooks for auxiliary files (HO)
)
Package zref Info: New property list: main on input line 772.
Package zref Info: New property: default on input line 773.
Package zref Info: New property: page on input line 774.
)
Package zref Info: New property: abspage on input line 68.
)
\mdf@templength=\skip90
\c@mdf@globalstyle@cnt=\count439
\mdf@skipabove@length=\skip91
\mdf@skipbelow@length=\skip92
\mdf@leftmargin@length=\skip93
\mdf@rightmargin@length=\skip94
\mdf@innerleftmargin@length=\skip95
\mdf@innerrightmargin@length=\skip96
\mdf@innertopmargin@length=\skip97
\mdf@innerbottommargin@length=\skip98
\mdf@splittopskip@length=\skip99
\mdf@splitbottomskip@length=\skip100
\mdf@outermargin@length=\skip101
\mdf@innermargin@length=\skip102
\mdf@linewidth@length=\skip103
\mdf@innerlinewidth@length=\skip104
\mdf@middlelinewidth@length=\skip105
\mdf@outerlinewidth@length=\skip106
\mdf@roundcorner@length=\skip107
\mdf@footenotedistance@length=\skip108
\mdf@userdefinedwidth@length=\skip109
\mdf@needspace@length=\skip110
\mdf@frametitleaboveskip@length=\skip111
\mdf@frametitlebelowskip@length=\skip112
\mdf@frametitlerulewidth@length=\skip113
\mdf@frametitleleftmargin@length=\skip114
\mdf@frametitlerightmargin@length=\skip115
\mdf@shadowsize@length=\skip116
\mdf@extratopheight@length=\skip117
\mdf@subtitleabovelinewidth@length=\skip118
\mdf@subtitlebelowlinewidth@length=\skip119
\mdf@subtitleaboveskip@length=\skip120
\mdf@subtitlebelowskip@length=\skip121
\mdf@subtitleinneraboveskip@length=\skip122
\mdf@subtitleinnerbelowskip@length=\skip123
\mdf@subsubtitleabovelinewidth@length=\skip124
\mdf@subsubtitlebelowlinewidth@length=\skip125
\mdf@subsubtitleaboveskip@length=\skip126
\mdf@subsubtitlebelowskip@length=\skip127
\mdf@subsubtitleinneraboveskip@length=\skip128
\mdf@subsubtitleinnerbelowskip@length=\skip129

(/usr/local/texlive/2026/texmf-dist/tex/latex/mdframed/md-frame-0.mdf
File: md-frame-0.mdf 2013/07/01\ 1.9b: md-frame-0
)
\mdf@frametitlebox=\box129
\mdf@footnotebox=\box130
\mdf@splitbox@one=\box131
\mdf@splitbox@two=\box132
\mdf@splitbox@save=\box133
\mdfsplitboxwidth=\skip130
\mdfsplitboxtotalwidth=\skip131
\mdfsplitboxheight=\skip132
\mdfsplitboxdepth=\skip133
\mdfsplitboxtotalheight=\skip134
\mdfframetitleboxwidth=\skip135
\mdfframetitleboxtotalwidth=\skip136
\mdfframetitleboxheight=\skip137
\mdfframetitleboxdepth=\skip138
\mdfframetitleboxtotalheight=\skip139
\mdffootnoteboxwidth=\skip140
\mdffootnoteboxtotalwidth=\skip141
\mdffootnoteboxheight=\skip142
\mdffootnoteboxdepth=\skip143
\mdffootnoteboxtotalheight=\skip144
\mdftotallinewidth=\skip145
\mdfboundingboxwidth=\skip146
\mdfboundingboxtotalwidth=\skip147
\mdfboundingboxheight=\skip148
\mdfboundingboxdepth=\skip149
\mdfboundingboxtotalheight=\skip150
\mdf@freevspace@length=\skip151
\mdf@horizontalwidthofbox@length=\skip152
\mdf@verticalmarginwhole@length=\skip153
\mdf@horizontalspaceofbox=\skip154
\mdfsubtitleheight=\skip155
\mdfsubsubtitleheight=\skip156
\c@mdfcountframes=\count440

****** mdframed patching \endmdf@trivlist

****** -- success******

\mdf@envdepth=\count441
\c@mdf@env@i=\count442
\c@mdf@env@ii=\count443
\c@mdf@zref@counter=\count444
Package zref Info: New property: mdf@pagevalue on input line 895.
)
(/usr/local/texlive/2026/texmf-dist/tex/latex/minted/minted.sty
Package: minted 2026/03/03 v3.8.0 Yet another Pygments shim for LaTeX

(/usr/local/texlive/2026/texmf-dist/tex/generic/catchfile/catchfile.sty
Package: catchfile 2019/12/09 v1.8 Catch the contents of a file (HO)
)
(/usr/local/texlive/2026/texmf-dist/tex/latex/latex2pydata/latex2pydata.sty
Package: latex2pydata 2026/02/25 v0.7.0 latex2pydata - write data to file in Py
thon literal format
)
(/usr/local/texlive/2026/texmf-dist/tex/latex/pgfopts/pgfopts.sty
Package: pgfopts 2014/07/10 v2.1a LaTeX package options with pgfkeys
\pgfopts@list@add@a@toks=\toks61
\pgfopts@list@add@b@toks=\toks62
)
\c@minted@FancyVerbLineTemp=\count445
\@float@every@listing=\toks63
\c@listing=\count446
)
(/usr/local/texlive/2026/texmf-dist/tex/latex/fancyhdr/fancyhdr.sty
Package: fancyhdr 2025/02/07 v5.2 Extensive control of page headers and footers

\f@nch@headwidth=\skip157
\f@nch@offset@elh=\skip158
\f@nch@offset@erh=\skip159
\f@nch@offset@olh=\skip160
\f@nch@offset@orh=\skip161
\f@nch@offset@elf=\skip162
\f@nch@offset@erf=\skip163
\f@nch@offset@olf=\skip164
\f@nch@offset@orf=\skip165
\f@nch@height=\skip166
\f@nch@footalignment=\skip167
\f@nch@widthL=\skip168
\f@nch@widthC=\skip169
\f@nch@widthR=\skip170
\@temptokenb=\toks64
)
Excluding 'comment' comment.
(/usr/local/texlive/2026/texmf-dist/tex/generic/babel/babel.sty
Package: babel 2026/09/27 v26.13 The multilingual framework for LuaLaTeX, pdfLa
TeX and XeLaTeX

(/usr/local/texlive/2026/texmf-dist/tex/generic/babel/luababel.def
\bbl@readstream=\read4
\l@dumylang=\language2
Package babel Info: Non-standard hyphenation setup on input line 118.
\l@nohyphenation=\language3
\l@german-x-2024-02-28=\language4
\l@ngerman-x-2024-02-28=\language5
\l@afrikaans=\language6
\l@albanian=\language7
\l@ancientgreek=\language8
\l@ibycus=\language9
\l@arabic=\language10
\l@armenian=\language11
\l@basque=\language12
\l@belarusian=\language13
\l@bulgarian=\language14
\l@catalan=\language15
\l@pinyin=\language16
\l@churchslavonic=\language17
\l@coptic=\language18
\l@croatian=\language19
\l@czech=\language20
\l@danish=\language21
\l@dutch=\language22
\l@ukenglish=\language23
\l@usenglishmax=\language24
\l@esperanto=\language25
\l@estonian=\language26
\l@ethiopic=\language27
\l@farsi=\language28
\l@finnish=\language29
\l@schoolfinnish=\language30
\l@french=\language31
\l@friulan=\language32
\l@galician=\language33
\l@georgian=\language34
\l@german=\language35
\l@ngerman=\language36
\l@swissgerman=\language37
\l@greek=\language38
\l@monogreek=\language39
\l@hebrew=\language40
\l@hungarian=\language41
\l@icelandic=\language42
\l@assamese=\language43
\l@bengali=\language44
\l@gujarati=\language45
\l@hindi=\language46
\l@kannada=\language47
\l@malayalam=\language48
\l@marathi=\language49
\l@oriya=\language50
\l@pali=\language51
\l@panjabi=\language52
\l@tamil=\language53
\l@telugu=\language54
\l@indonesian=\language55
\l@interlingua=\language56
\l@irish=\language57
\l@italian=\language58
\l@kazakh=\language59
\l@kurmanji=\language60
\l@classiclatin=\language61
\l@latin=\language62
\l@liturgicallatin=\language63
\l@latvian=\language64
\l@lithuanian=\language65
\l@macedonian=\language66
\l@mongolian=\language67
\l@mongolianlmc=\language68
\l@bokmal=\language69
\l@nynorsk=\language70
\l@occitan=\language71
\l@piedmontese=\language72
\l@polish=\language73
\l@portuguese=\language74
\l@romanian=\language75
\l@romansh=\language76
\l@russian=\language77
\l@sanskrit=\language78
\l@serbian=\language79
\l@serbianc=\language80
\l@slovak=\language81
\l@slovenian=\language82
\l@spanish=\language83
\l@swedish=\language84
\l@thai=\language85
\l@turkish=\language86
\l@turkmen=\language87
\l@ukrainian=\language88
\l@uppersorbian=\language89
\l@vietnamese=\language90
\l@welsh=\language91
\babelcatcodetablenum=\catcodetable15
\bbl@pattcodes=\catcodetable16
)
\babel@savecnt=\count447
LaTeX Encoding Info:    Redeclaring text command \ij (encoding OT1) on input li
ne 2110.
LaTeX Encoding Info:    Redeclaring text command \IJ (encoding OT1) on input li
ne 2112.
LaTeX Encoding Info:    Redeclaring text command \ij (encoding T1) on input lin
e 2114.
LaTeX Encoding Info:    Redeclaring text command \IJ (encoding T1) on input lin
e 2115.
LaTeX Encoding Info:    Ignoring declaration for text command \ij (encoding ?) 
on input line 2116.
LaTeX Encoding Info:    Ignoring declaration for text command \IJ (encoding ?) 
on input line 2118.
LaTeX Encoding Info:    Ignoring declaration for text command \SS (encoding ?) 
on input line 2143.
\U@D=\dimen378
\l@unhyphenated=\language92

(/usr/local/texlive/2026/texmf-dist/tex/generic/babel/luababel.def
\bbl@attr@locale=\attribute5
)
(/usr/local/texlive/2026/texmf-dist/tex/generic/babel/locale/en/babel-english.t
ex)
Package babel Info: Importing font and identification data for 'english'
(babel)             from babel-en.ini. Reported on input line 4478.
 (/usr/local/texlive/2026/texmf-dist/tex/generic/babel-english/english.ldf
Language: english 2017/06/06 v3.3r English support from the babel system
Package babel Info: Hyphen rules for 'canadian' set to \l@english
(babel)             (\language0). Reported on input line 102.
Package babel Info: Hyphen rules for 'australian' set to \l@ukenglish
(babel)             (\language23). Reported on input line 105.
Package babel Info: Hyphen rules for 'newzealand' set to \l@ukenglish
(babel)             (\language23). Reported on input line 108.
)) (./lib/biblatex-and-friends.tex
(/usr/local/texlive/2026/texmf-dist/tex/latex/biblatex/biblatex.sty
Package: biblatex 2026/09/24 v3.22a programmable bibliographies (PK/MW)

(/usr/local/texlive/2026/texmf-dist/tex/latex/logreq/logreq.sty
Package: logreq 2010/08/04 v1.0 xml request logger
\lrq@indent=\count448

(/usr/local/texlive/2026/texmf-dist/tex/latex/logreq/logreq.def
File: logreq.def 2010/08/04 v1.0 logreq spec v1.0
))
\c@tabx@nest=\count449
\c@listtotal=\count450
\c@listcount=\count451
\c@liststart=\count452
\c@liststop=\count453
\c@citecount=\count454
\c@citetotal=\count455
\c@multicitecount=\count456
\c@multicitetotal=\count457
\c@instcount=\count458
\c@maxnames=\count459
\c@minnames=\count460
\c@maxitems=\count461
\c@minitems=\count462
\c@citecounter=\count463
\c@maxcitecounter=\count464
\c@savedcitecounter=\count465
\c@uniquelist=\count466
\c@uniquename=\count467
\c@refsection=\count468
\c@refsegment=\count469
\c@maxextratitle=\count470
\c@maxextratitleyear=\count471
\c@maxextraname=\count472
\c@maxextradate=\count473
\c@maxextraalpha=\count474
\c@abbrvpenalty=\count475
\c@highnamepenalty=\count476
\c@lownamepenalty=\count477
\c@maxparens=\count478
\c@parenlevel=\count479
\blx@tempcnta=\count480
\blx@tempcntb=\count481
\blx@tempcntc=\count482
\c@blx@maxsection=\count483
\blx@maxsegment@0=\count484
\blx@notetype=\count485
\blx@parenlevel@text=\count486
\blx@parenlevel@foot=\count487
\blx@sectionciteorder@0=\count488
\blx@sectionciteorderinternal@0=\count489
\blx@entrysetcounter=\count490
\blx@biblioinstance=\count491
\labelnumberwidth=\skip171
\labelalphawidth=\skip172
\biblabelsep=\skip173
\bibitemsep=\skip174
\bibnamesep=\skip175
\bibinitsep=\skip176
\bibparsep=\skip177
\bibhang=\skip178
\blx@bcfin=\read5
\blx@bcfout=\write6
\blx@langwohyphens=\language93
\c@mincomprange=\count492
\c@maxcomprange=\count493
\c@mincompwidth=\count494
Package biblatex Info: Trying to load biblatex default data model...
Package biblatex Info: ... file 'blx-dm.def' found.

(/usr/local/texlive/2026/texmf-dist/tex/latex/biblatex/blx-dm.def
File: blx-dm.def 2026/09/24 v3.22a biblatex datamodel (PK/MW)
)
Package biblatex Info: Trying to load biblatex style data model...
Package biblatex Info: ... file 'ext-eprint.dbx' found.

(./artifacts/ext-eprint.dbx
File: ext-eprint.dbx 2026/08/28 v2.0 Extended persistent identifier data model
)
Package biblatex Info: Trying to load biblatex custom data model...
Package biblatex Info: ... file 'biblatex-dm.cfg' not found.
\c@afterword=\count495
\c@savedafterword=\count496
\c@annotator=\count497
\c@savedannotator=\count498
\c@author=\count499
\c@savedauthor=\count500
\c@bookauthor=\count501
\c@savedbookauthor=\count502
\c@commentator=\count503
\c@savedcommentator=\count504
\c@editor=\count505
\c@savededitor=\count506
\c@editora=\count507
\c@savededitora=\count508
\c@editorb=\count509
\c@savededitorb=\count510
\c@editorc=\count511
\c@savededitorc=\count512
\c@foreword=\count513
\c@savedforeword=\count514
\c@holder=\count515
\c@savedholder=\count516
\c@introduction=\count517
\c@savedintroduction=\count518
\c@namea=\count519
\c@savednamea=\count520
\c@nameb=\count521
\c@savednameb=\count522
\c@namec=\count523
\c@savednamec=\count524
\c@translator=\count525
\c@savedtranslator=\count526
\c@shortauthor=\count527
\c@savedshortauthor=\count528
\c@shorteditor=\count529
\c@savedshorteditor=\count530
\c@labelname=\count531
\c@savedlabelname=\count532
\c@institution=\count533
\c@savedinstitution=\count534
\c@lista=\count535
\c@savedlista=\count536
\c@listb=\count537
\c@savedlistb=\count538
\c@listc=\count539
\c@savedlistc=\count540
\c@listd=\count541
\c@savedlistd=\count542
\c@liste=\count543
\c@savedliste=\count544
\c@listf=\count545
\c@savedlistf=\count546
\c@location=\count547
\c@savedlocation=\count548
\c@organization=\count549
\c@savedorganization=\count550
\c@origlocation=\count551
\c@savedoriglocation=\count552
\c@origpublisher=\count553
\c@savedorigpublisher=\count554
\c@publisher=\count555
\c@savedpublisher=\count556
\c@language=\count557
\c@savedlanguage=\count558
\c@origlanguage=\count559
\c@savedoriglanguage=\count560
\c@pageref=\count561
\c@savedpageref=\count562
\shorthandwidth=\skip179
\shortjournalwidth=\skip180
\shortserieswidth=\skip181
\shorttitlewidth=\skip182
\shortauthorwidth=\skip183
\shorteditorwidth=\skip184
\locallabelnumberwidth=\skip185
\locallabelalphawidth=\skip186
\localshorthandwidth=\skip187
\localshortjournalwidth=\skip188
\localshortserieswidth=\skip189
\localshorttitlewidth=\skip190
\localshortauthorwidth=\skip191
\localshorteditorwidth=\skip192
Package biblatex Info: Trying to load enhanced support for Unicode engines...
Package biblatex Info: ... file 'blx-unicode.def' found.

(/usr/local/texlive/2026/texmf-dist/tex/latex/biblatex/blx-unicode.def)
Package biblatex Info: Trying to load compatibility code...
Package biblatex Info: ... file 'blx-compat.def' found.

(/usr/local/texlive/2026/texmf-dist/tex/latex/biblatex/blx-compat.def
File: blx-compat.def 2026/09/24 v3.22a biblatex compatibility (PK/MW)
)
Package biblatex Info: Trying to load generic definitions...
Package biblatex Info: ... file 'biblatex.def' found.

(/usr/local/texlive/2026/texmf-dist/tex/latex/biblatex/biblatex.def
File: biblatex.def 2026/09/24 v3.22a biblatex compatibility (PK/MW)
\c@textcitecount=\count563
\c@textcitetotal=\count564
\c@textcitemaxnames=\count565
\c@biburlbigbreakpenalty=\count566
\c@biburlbreakpenalty=\count567
\c@biburlnumpenalty=\count568
\c@biburlucpenalty=\count569
\c@biburllcpenalty=\count570
\biburlbigskip=\muskip19
\biburlnumskip=\muskip20
\biburlucskip=\muskip21
\biburllcskip=\muskip22
\c@smartand=\count571
)
Package biblatex Info: Trying to load bibliography style 'ieee'...
Package biblatex Info: ... file 'ieee.bbx' found.

(/usr/local/texlive/2026/texmf-dist/tex/latex/biblatex-ieee/ieee.bbx
File: ieee.bbx 2025-08-01 v1.4f biblatex bibliography style
Package biblatex Info: Trying to load bibliography style 'numeric-comp'...
Package biblatex Info: ... file 'numeric-comp.bbx' found.

(/usr/local/texlive/2026/texmf-dist/tex/latex/biblatex/bbx/numeric-comp.bbx
File: numeric-comp.bbx 2026/09/24 v3.22a biblatex bibliography style (PK/MW)
Package biblatex Info: Trying to load bibliography style 'numeric'...
Package biblatex Info: ... file 'numeric.bbx' found.

(/usr/local/texlive/2026/texmf-dist/tex/latex/biblatex/bbx/numeric.bbx
File: numeric.bbx 2026/09/24 v3.22a biblatex bibliography style (PK/MW)
Package biblatex Info: Trying to load bibliography style 'standard'...
Package biblatex Info: ... file 'standard.bbx' found.

(/usr/local/texlive/2026/texmf-dist/tex/latex/biblatex/bbx/standard.bbx
File: standard.bbx 2026/09/24 v3.22a biblatex bibliography style (PK/MW)
\c@bbx:relatedcount=\count572
\c@bbx:relatedtotal=\count573
))))
Package biblatex Info: Trying to load citation style 'numeric-comp'...
Package biblatex Info: ... file 'numeric-comp.cbx' found.

(/usr/local/texlive/2026/texmf-dist/tex/latex/biblatex/cbx/numeric-comp.cbx
File: numeric-comp.cbx 2026/09/24 v3.22a biblatex citation style (PK/MW)
\c@cbx@tempcnta=\count574
\c@cbx@tempcntb=\count575
\c@cbx@tempcntc=\count576
\c@cbx@tempcntd=\count577
Package biblatex Info: Redefining '\cite'.
Package biblatex Info: Redefining '\parencite'.
Package biblatex Info: Redefining '\footcite'.
Package biblatex Info: Redefining '\footcitetext'.
Package biblatex Info: Redefining '\smartcite'.
Package biblatex Info: Redefining '\supercite'.
Package biblatex Info: Redefining '\textcite'.
Package biblatex Info: Redefining '\textcites'.
Package biblatex Info: Redefining '\cites'.
Package biblatex Info: Redefining '\parencites'.
Package biblatex Info: Redefining '\smartcites'.
)
Package biblatex Info: Trying to load configuration file...
Package biblatex Info: ... file 'biblatex.cfg' found.

(/usr/local/texlive/2026/texmf-dist/tex/latex/biblatex/biblatex.cfg
File: biblatex.cfg 
)
Package biblatex Info: LuaTeX detected.
(biblatex)             Assuming input encoding 'utf8'.
Package biblatex Info: Document encoding is UTF8 ....
Package biblatex Info: ... and expl3
(biblatex)             2026-09-09 L3 programming layer (loader) 
(biblatex)             is new enough (at least 2020/04/06),
(biblatex)             setting 'casechanger=expl3'.

(/usr/local/texlive/2026/texmf-dist/tex/latex/biblatex/blx-case-expl3.sty
Package: blx-case-expl3 2026/09/24 v3.22a expl3 case changing code for biblatex

))
(/usr/local/texlive/2026/texmf-dist/tex/latex/xpatch/xpatch.sty
Package: xpatch 2020/03/25 v0.3a Extending etoolbox patching commands
))
(./kth/kthcolors.tex) (./lib/defines.tex
(/usr/local/texlive/2026/texmf-dist/tex/latex/newunicodechar/newunicodechar.sty
Package: newunicodechar 2018/04/08 v1.2 Defining Unicode characters
) Excluding 'comment' comment. Excluding 'comment' comment.)
(/usr/local/texlive/2026/texmf-dist/tex/latex/hyperref/hyperref.sty
Package: hyperref 2026-06-17 v7.01r Hypertext links for LaTeX

(/usr/local/texlive/2026/texmf-dist/tex/generic/pdfescape/pdfescape.sty
Package: pdfescape 2019/12/09 v1.15 Implements pdfTeX's escape features (HO)
)
(/usr/local/texlive/2026/texmf-dist/tex/latex/hycolor/hycolor.sty
Package: hycolor 2020-01-27 v1.10 Color options for hyperref/bookmark (HO)
)
(/usr/local/texlive/2026/texmf-dist/tex/latex/hyperref/nameref.sty
Package: nameref 2026-01-29 v2.58 Cross-referencing by name of section

(/usr/local/texlive/2026/texmf-dist/tex/generic/gettitlestring/gettitlestring.s
ty
Package: gettitlestring 2019/12/15 v1.6 Cleanup title references (HO)
)
\c@section@level=\count578
) (/usr/local/texlive/2026/texmf-dist/tex/generic/stringenc/stringenc.sty
Package: stringenc 2019/11/29 v1.12 Convert strings between diff. encodings (HO
)
)
\@linkdim=\dimen379
\Hy@linkcounter=\count579
\Hy@pagecounter=\count580

(/usr/local/texlive/2026/texmf-dist/tex/latex/hyperref/pd1enc.def
File: pd1enc.def 2026-06-17 v7.01r Hyperref: PDFDocEncoding definition (HO)
)
(/usr/local/texlive/2026/texmf-dist/tex/generic/intcalc/intcalc.sty
Package: intcalc 2019/12/15 v1.3 Expandable calculations with integers (HO)
)
\Hy@SavedSpaceFactor=\count581

(/usr/local/texlive/2026/texmf-dist/tex/latex/hyperref/puenc.def
File: puenc.def 2026-06-17 v7.01r Hyperref: PDF Unicode definition (HO)
)
Package hyperref Info: Option `plainpages' set `false' on input line 4070.
Package hyperref Info: Option `unicode' set `true' on input line 4070.
Package hyperref Info: Hyper figures OFF on input line 4199.
Package hyperref Info: Link nesting OFF on input line 4204.
Package hyperref Info: Hyper index ON on input line 4207.
Package hyperref Info: Plain pages OFF on input line 4214.
Package hyperref Info: Backreferencing OFF on input line 4219.
Package hyperref Info: Implicit mode ON; LaTeX internals redefined.
Package hyperref Info: Bookmarks ON on input line 4466.
\c@Hy@tempcnt=\count582
LaTeX Info: Redefining \url on input line 4805.
\XeTeXLinkMargin=\dimen380

(/usr/local/texlive/2026/texmf-dist/tex/generic/bitset/bitset.sty
Package: bitset 2019/12/09 v1.3 Handle bit-vector datatype (HO)

(/usr/local/texlive/2026/texmf-dist/tex/generic/bigintcalc/bigintcalc.sty
Package: bigintcalc 2019/12/15 v1.5 Expandable calculations on big integers (HO
)
))
\Fld@menulength=\count583
\Field@Width=\dimen381
\Fld@charsize=\dimen382
Package hyperref Info: Hyper figures OFF on input line 6091.
Package hyperref Info: Link nesting OFF on input line 6096.
Package hyperref Info: Hyper index ON on input line 6099.
Package hyperref Info: backreferencing OFF on input line 6106.
Package hyperref Info: Link coloring OFF on input line 6111.
Package hyperref Info: Link coloring with OCG OFF on input line 6116.
Package hyperref Info: PDF/A mode OFF on input line 6121.
\Hy@abspage=\count584
\c@Item=\count585
\c@Hfootnote=\count586
)
Package hyperref Info: Driver (autodetected): hluatex.

(/usr/local/texlive/2026/texmf-dist/tex/latex/hyperref/hluatex.def
File: hluatex.def 2026-06-17 v7.01r Hyperref driver for luaTeX
\Fld@listcount=\count587
\c@bookmark@seq@number=\count588

(/usr/local/texlive/2026/texmf-dist/tex/latex/rerunfilecheck/rerunfilecheck.sty
Package: rerunfilecheck 2025-06-21 v1.11 Rerun checks for auxiliary files (HO)

(/usr/local/texlive/2026/texmf-dist/tex/generic/uniquecounter/uniquecounter.sty
Package: uniquecounter 2019/12/15 v1.4 Provide unlimited unique counter (HO)
)
Package uniquecounter Info: New unique counter `rerunfilecheck' on input line 2
84.
)
\Hy@SectionHShift=\skip193
) (./lib/includes-after-hyperref.tex
(/usr/local/texlive/2026/texmf-dist/tex/latex/doi/doi.sty
Package: doi 2018/09/09 handle doi numbers
)
(/usr/local/texlive/2026/texmf-dist/tex/latex/cleveref/cleveref.sty
Package: cleveref 2018/03/27 v0.21.4 Intelligent cross-referencing
Package cleveref Info: `hyperref' support loaded on input line 2370.
LaTeX Info: Redefining \cref on input line 2370.
LaTeX Info: Redefining \Cref on input line 2370.
LaTeX Info: Redefining \crefrange on input line 2370.
LaTeX Info: Redefining \Crefrange on input line 2370.
LaTeX Info: Redefining \cpageref on input line 2370.
LaTeX Info: Redefining \Cpageref on input line 2370.
LaTeX Info: Redefining \cpagerefrange on input line 2370.
LaTeX Info: Redefining \Cpagerefrange on input line 2370.
LaTeX Info: Redefining \labelcref on input line 2370.
LaTeX Info: Redefining \labelcpageref on input line 2370.
Package cleveref Info: `listings' support loaded on input line 3131.
)
==> First Aid for cleveref.sty applied!
(/usr/local/texlive/2026/texmf-dist/tex/generic/embedfile/embedfile.sty
Package: embedfile 2025-10-27 v2.13 Embed files into PDF (HO)
)
(/usr/local/texlive/2026/texmf-dist/tex/latex/metalogo/metalogo.sty
Package: metalogo 2010/05/29 v0.12 Extended TeX logo macros

(/usr/local/texlive/2026/texmf-dist/tex/generic/iftex/ifxetex.sty
Package: ifxetex 2019/10/25 v0.7 ifxetex legacy package. Use iftex instead.
)
\xl@everylogo=\toks65
\xl@@everylogo=\toks66
LaTeX Info: Redefining \TeX on input line 193.
LaTeX Info: Redefining \LaTeX on input line 202.
LaTeX Info: Redefining \LaTeXe on input line 219.
))
(/usr/local/texlive/2026/texmf-dist/tex/latex/orcidlink/orcidlink.sty
Package: orcidlink 2026/04/09 v1.1.1 Add explicit etoolbox dependency.

(/usr/local/texlive/2026/texmf-dist/tex/generic/pgf/frontendlayer/tikz/librarie
s/tikzlibrarysvg.path.code.tex
File: tikzlibrarysvg.path.code.tex 2026-08-01 v3.1.12 (3.1.12)

(/usr/local/texlive/2026/texmf-dist/tex/generic/pgf/libraries/pgflibrarysvg.pat
h.code.tex
File: pgflibrarysvg.path.code.tex 2026-08-01 v3.1.12 (3.1.12)

(/usr/local/texlive/2026/texmf-dist/tex/generic/pgf/modules/pgfmoduleparser.cod
e.tex
File: pgfmoduleparser.code.tex 2026-08-01 v3.1.12 (3.1.12)
\pgfparserdef@arg@count=\count589
)
\pgf@lib@svg@subpath@initial@x=\dimen383
\pgf@lib@svg@subpath@initial@y=\dimen384
\pgf@lib@svg@last@x=\dimen385
\pgf@lib@svg@last@y=\dimen386
\pgf@lib@svg@last@c@x=\dimen387
\pgf@lib@svg@last@c@y=\dimen388
\pgf@lib@svg@count=\count590
\pgf@lib@svg@max@num=\count591
))
\@curXheight=\skip194
)
(/usr/local/texlive/2026/texmf-dist/tex/latex/glossaries-extra/glossaries-extra
.sty
Package: glossaries-extra 2026/04/21 v2.1 (NLCT)

(/usr/local/texlive/2026/texmf-dist/tex/latex/glossaries/base/glossaries.sty
Package: glossaries 2026/04/21 v5.1 (NLCT)

(/usr/local/texlive/2026/texmf-dist/tex/latex/mfirstuc/mfirstuc.sty
Package: mfirstuc 2025/04/03 v2.09 (NLCT)
\@glsmfirst=\toks67
\@glsmrest=\toks68
)
(/usr/local/texlive/2026/texmf-dist/tex/latex/xfor/xfor.sty
Package: xfor 2009/02/05 v1.05 (NLCT)
)
(/usr/local/texlive/2026/texmf-dist/tex/latex/datatool/datatool-base.sty
Package: datatool-base 2026/08/23 v3.4.5 (NLCT)
\l__datatool_tmpa_int=\count592
\l__datatool_tmpb_int=\count593
\l__datatool_tmpc_int=\count594
\l__datatool_tmpd_int=\count595
\l__datatool_count_int=\count596
\l__datatool_tmp_datatype_int=\count597
\l__datatool_tmpa_dim=\dimen389
\l__datatool_tmpb_dim=\dimen390

(/usr/local/texlive/2026/texmf-dist/tex/latex/datatool/datatool-lua.def
File: datatool-lua.def 2026/08/23 v3.4.5 (NLCT)
)
\@dtl@toks=\toks69
\@dtl@tmpcount=\count598
\dtl@tmplength=\skip195
\l__datatool_measure_box=\box134
\dtl@sortresult=\count599

(/usr/local/texlive/2026/texmf-dist/tex/latex/datatool/datatool-utf8.ldf
File: datatool-utf8.ldf 2026/08/23 v3.4.5 (NLCT)
)
\@dtl@datatype=\count600
\c_datatool_unknown_int=\count601
\l__datatool_year_int=\count602
\l__datatool_month_int=\count603
\l__datatool_day_int=\count604
\l__datatool_hour_int=\count605
\l__datatool_minute_int=\count606
\l__datatool_second_int=\count607
\l__datatool_tzhour_int=\count608
\l__datatool_tzminute_int=\count609
\l__datatool_julian_int=\count610
\l__datatool_local_julian_int=\count611
\l__datatool_prefix_int=\count612
\l__datatool_suffix_int=\count613
\@dtl@foreach@level=\count614
\dtl@codeA=\count615
\dtl@codeB=\count616
)
\gls@level=\count617
\@gls@tmpb=\toks70
\gls@tmplen=\skip196
\l__glossaries_tmpa_dim=\dimen391
\l__glossaries_tmpb_dim=\dimen392
\glskeylisttok=\toks71
\glslabeltok=\toks72
\glsshorttok=\toks73
\glslongtok=\toks74

(/usr/local/texlive/2026/texmf-dist/tex/latex/glossaries/styles/glossary-hypern
av.sty
Package: glossary-hypernav 2026/04/21 v5.1 (NLCT)
)
(/usr/local/texlive/2026/texmf-dist/tex/latex/glossaries/styles/glossary-list.s
ty
Package: glossary-list 2026/04/21 v5.1 (NLCT)
\glslistdottedwidth=\skip197
)
(/usr/local/texlive/2026/texmf-dist/tex/latex/glossaries/styles/glossary-long.s
ty
Package: glossary-long 2026/04/21 v5.1 (NLCT)
\glsdescwidth=\skip198
\glspagelistwidth=\skip199
)
(/usr/local/texlive/2026/texmf-dist/tex/latex/glossaries/styles/glossary-super.
sty
Package: glossary-super 2026/04/21 v5.1 (NLCT)
 (/usr/local/texlive/2026/texmf-dist/tex/latex/supertabular/supertabular.sty
Package: supertabular 2025/06/26 v4.2d the supertabular environment
\c@tracingst=\count618
\ST@wd=\dimen393
\ST@rightskip=\skip256
\ST@leftskip=\skip257
\ST@parfillskip=\skip258
\ST@pageleft=\dimen394
\ST@headht=\dimen395
\ST@tailht=\dimen396
\ST@pagesofar=\dimen397
\ST@pboxht=\dimen398
\ST@rowht=\dimen399
\ST@prevht=\dimen400
\ST@toadd=\dimen401
\ST@dimen=\dimen402
\ST@pbox=\box135
))
(/usr/local/texlive/2026/texmf-dist/tex/latex/glossaries/styles/glossary-tree.s
ty
Package: glossary-tree 2026/04/21 v5.1 (NLCT)
\l__glossaries_tree_max_known_level_int=\count619
\l__glossaries_tree_offset_dim=\dimen403
\l__glossaries_tree_namewidth_dim=\dimen404
\l__glossaries_tree_symbolwidth_dim=\dimen405
\l__glossaries_tree_prenamesym_width_dim=\dimen406
\l__glossaries_tree_presubnamesym_width_dim=\dimen407
\l__glossaries_tree_namewidth_padding_dim=\dimen408
\l__glossaries_tree_symbolwidth_padding_dim=\dimen409
\l__glossaries_tree_namesymbolwidth_dim=\dimen410
\l__glossaries_tree_namesymbolwidth_padding_dim=\dimen411
\l__glossaries_tree_level_int=\count620
\glstreeindent=\skip259
))
\@glsxtr@leveloffset=\count621
\glsxtrresourcecount=\count622
\@glsxtrnewgls@inner=\count623
\glsshortpltok=\toks75
\glslongpltok=\toks76

(/usr/local/texlive/2026/texmf-dist/tex/latex/glossaries-extra/glossaries-extra
-abbrstyles.def
File: glossaries-extra-abbrstyles.def 2026/04/21 v2.1 (NLCT)
)
\mglselementindex=\count624
) (./lib/acronyms.tex) (./lib/placeHolder_lbx_files.tex

LaTeX Info: File `albanian.lbx' already exists on the system.
            Not generating it from this source.


LaTeX Info: File `arabic.lbx' already exists on the system.
            Not generating it from this source.


LaTeX Info: File `centralkurdish.lbx' already exists on the system.
            Not generating it from this source.


LaTeX Info: File `chinese.lbx' already exists on the system.
            Not generating it from this source.


LaTeX Info: File `chinese-simplified.lbx' already exists on the system.
            Not generating it from this source.


LaTeX Info: File `finnish.lbx' already exists on the system.
            Not generating it from this source.


LaTeX Info: File `hebrew.lbx' already exists on the system.
            Not generating it from this source.


LaTeX Info: File `hindi.lbx' already exists on the system.
            Not generating it from this source.


LaTeX Info: File `japanese.lbx' already exists on the system.
            Not generating it from this source.


LaTeX Info: File `latin.lbx' already exists on the system.
            Not generating it from this source.


LaTeX Info: File `latvian.lbx' already exists on the system.
            Not generating it from this source.


LaTeX Info: File `northernsami.lbx' already exists on the system.
            Not generating it from this source.


LaTeX Info: File `norwegian.lbx' already exists on the system.
            Not generating it from this source.


LaTeX Info: File `polish.lbx' already exists on the system.
            Not generating it from this source.


LaTeX Info: File `portuguese.lbx' already exists on the system.
            Not generating it from this source.


LaTeX Info: File `romanian.lbx' already exists on the system.
            Not generating it from this source.


LaTeX Info: File `swahili.lbx' already exists on the system.
            Not generating it from this source.


LaTeX Info: File `swedish.lbx' already exists on the system.
            Not generating it from this source.


LaTeX Info: File `vietnamese.lbx' already exists on the system.
            Not generating it from this source.


LaTeX Info: File `yiddish.lbx' already exists on the system.
            Not generating it from this source.

) (/usr/local/texlive/2026/texmf-dist/tex/latex/fontspec/fontspec.sty
Package: fontspec 2026/08/11 v2.9h Font selection for XeLaTeX and LuaLaTeX
Lua module: fontspec 2026/08/11 v2.9h Font selection for XeLaTeX and LuaLaTeX
(/usr/local/texlive/2026/texmf-dist/tex/latex/fontspec/fontspec-luatex.sty
Package: fontspec-luatex 2026/08/11 v2.9h Font selection for XeLaTeX and LuaLaT
eX
\l__fontspec_script_int=\count625
\l__fontspec_language_int=\count626
\l__fontspec_strnum_int=\count627
\l__fontspec_tmp_int=\count628
\l__fontspec_tmpa_int=\count629
\l__fontspec_tmpb_int=\count630
\l__fontspec_tmpc_int=\count631
\l__fontspec_em_int=\count632
\l__fontspec_emdef_int=\count633
\l__fontspec_strong_int=\count634
\l__fontspec_strongdef_int=\count635
\l__fontspec_tmpa_dim=\dimen412
\l__fontspec_tmpb_dim=\dimen413
\l__fontspec_tmpc_dim=\dimen414

(/usr/local/texlive/2026/texmf-dist/tex/latex/base/fontenc.sty
Package: fontenc 2025/07/18 v2.1d Standard LaTeX package
)
(/usr/local/texlive/2026/texmf-dist/tex/latex/fontspec/fontspec.cfg)))
luaotfload | cache : Lookup cache loaded from ./cache/luatex-cache/generic/names
/luaotfload-lookup-cache.luc.

Package fontspec Info: 
(fontspec)             Language 'English' not explicitly supported within font
(fontspec)             'TeX Gyre Termes' with script 'Latin'. Check the
(fontspec)             typeset output, and if it is okay then ignore this
(fontspec)             warning. Otherwise a different font should be chosen.


Package fontspec Info: 
(fontspec)             Font family 'TeXGyreTermes(0)' created for font 'TeX
(fontspec)             Gyre Termes' with options
(fontspec)             [Ligatures={TeX},Ligatures=TeX,Script=Latin,Language=Eng
lish,RawFeature={family=rm}].
(fontspec)              
(fontspec)              This font family consists of the following NFSS
(fontspec)             series/shapes:
(fontspec)              
(fontspec)             - 'normal' (m/n) with NFSS spec.: <->"name:TeX Gyre
(fontspec)             Termes:mode=node;script=latn;language=ENG;+tlig;family=r
m;"
(fontspec)             - 'small caps'  (m/sc) with NFSS spec.: <->"name:TeX
(fontspec)             Gyre
(fontspec)             Termes:mode=node;script=latn;language=ENG;+tlig;family=r
m;+smcp;"
(fontspec)             - 'bold' (b/n) with NFSS spec.: <->"name:TeX Gyre
(fontspec)             Termes/B:mode=node;script=latn;language=ENG;+tlig;family
=rm;"
(fontspec)             - 'bold small caps'  (b/sc) with NFSS spec.:
(fontspec)             <->"name:TeX Gyre
(fontspec)             Termes/B:mode=node;script=latn;language=ENG;+tlig;family
=rm;+smcp;"
(fontspec)             - 'italic' (m/it) with NFSS spec.: <->"name:TeX Gyre
(fontspec)             Termes/I:mode=node;script=latn;language=ENG;+tlig;family
=rm;"
(fontspec)             - 'italic small caps'  (m/scit) with NFSS spec.:
(fontspec)             <->"name:TeX Gyre
(fontspec)             Termes/I:mode=node;script=latn;language=ENG;+tlig;family
=rm;+smcp;"
(fontspec)             - 'bold italic' (b/it) with NFSS spec.: <->"name:TeX
(fontspec)             Gyre
(fontspec)             Termes/BI:mode=node;script=latn;language=ENG;+tlig;famil
y=rm;"
(fontspec)             - 'bold italic small caps'  (b/scit) with NFSS spec.:
(fontspec)             <->"name:TeX Gyre
(fontspec)             Termes/BI:mode=node;script=latn;language=ENG;+tlig;famil
y=rm;+smcp;"


Package fontspec Info: 
(fontspec)             Language 'English' not explicitly supported within font
(fontspec)             'TeX Gyre Heros' with script 'Latin'. Check the typeset
(fontspec)             output, and if it is okay then ignore this warning.
(fontspec)             Otherwise a different font should be chosen.


Package fontspec Info: 
(fontspec)             Font family 'TeXGyreHeros(0)' created for font 'TeX
(fontspec)             Gyre Heros' with options
(fontspec)             [Ligatures={TeX},Ligatures=TeX,Script=Latin,Language=Eng
lish,RawFeature={family=sf}].
(fontspec)              
(fontspec)              This font family consists of the following NFSS
(fontspec)             series/shapes:
(fontspec)              
(fontspec)             - 'normal' (m/n) with NFSS spec.: <->"name:TeX Gyre
(fontspec)             Heros:mode=node;script=latn;language=ENG;+tlig;family=sf
;"
(fontspec)             - 'small caps'  (m/sc) with NFSS spec.: <->"name:TeX
(fontspec)             Gyre
(fontspec)             Heros:mode=node;script=latn;language=ENG;+tlig;family=sf
;+smcp;"
(fontspec)             - 'bold' (b/n) with NFSS spec.: <->"name:TeX Gyre
(fontspec)             Heros/B:mode=node;script=latn;language=ENG;+tlig;family=
sf;"
(fontspec)             - 'bold small caps'  (b/sc) with NFSS spec.:
(fontspec)             <->"name:TeX Gyre
(fontspec)             Heros/B:mode=node;script=latn;language=ENG;+tlig;family=
sf;+smcp;"
(fontspec)             - 'italic' (m/it) with NFSS spec.: <->"name:TeX Gyre
(fontspec)             Heros/I:mode=node;script=latn;language=ENG;+tlig;family=
sf;"
(fontspec)             - 'italic small caps'  (m/scit) with NFSS spec.:
(fontspec)             <->"name:TeX Gyre
(fontspec)             Heros/I:mode=node;script=latn;language=ENG;+tlig;family=
sf;+smcp;"
(fontspec)             - 'bold italic' (b/it) with NFSS spec.: <->"name:TeX
(fontspec)             Gyre
(fontspec)             Heros/BI:mode=node;script=latn;language=ENG;+tlig;family
=sf;"
(fontspec)             - 'bold italic small caps'  (b/scit) with NFSS spec.:
(fontspec)             <->"name:TeX Gyre
(fontspec)             Heros/BI:mode=node;script=latn;language=ENG;+tlig;family
=sf;+smcp;"


Package fontspec Info: 
(fontspec)             Language 'English' not explicitly supported within font
(fontspec)             'TeX Gyre Cursor' with script 'Latin'. Check the
(fontspec)             typeset output, and if it is okay then ignore this
(fontspec)             warning. Otherwise a different font should be chosen.


Package fontspec Info: 
(fontspec)             Font family 'TeXGyreCursor(0)' created for font 'TeX
(fontspec)             Gyre Cursor' with options
(fontspec)             [Ligatures={TeX},WordSpace={1,0,0},HyphenChar=None,Punct
uationSpace=WordSpace,Script=Latin,Language=English,RawFeature={family=tt},Liga
tures={NoCommon,
(fontspec)             NoRequired, NoContextual}].
(fontspec)              
(fontspec)              This font family consists of the following NFSS
(fontspec)             series/shapes:
(fontspec)              
(fontspec)             - 'normal' (m/n) with NFSS spec.: <->"name:TeX Gyre
(fontspec)             Cursor:mode=node;script=latn;language=ENG;+tlig;family=t
t;-liga;-rlig;-clig;"
(fontspec)             - 'small caps'  (m/sc) with NFSS spec.: <->"name:TeX
(fontspec)             Gyre
(fontspec)             Cursor:mode=node;script=latn;language=ENG;+tlig;family=t
t;-liga;-rlig;-clig;+smcp;"
(fontspec)             and font adjustment code:
(fontspec)             \fontdimen 2\font =1\fontdimen 2\font \fontdimen 3\font
(fontspec)             =0\fontdimen 3\font \fontdimen 4\font =0\fontdimen
(fontspec)             4\font \fontdimen 7\font =0\fontdimen 2\font
(fontspec)             \tex_hyphenchar:D \font =-1\scan_stop: 
(fontspec)             - 'bold' (b/n) with NFSS spec.: <->"name:TeX Gyre
(fontspec)             Cursor/B:mode=node;script=latn;language=ENG;+tlig;family
=tt;-liga;-rlig;-clig;"
(fontspec)             - 'bold small caps'  (b/sc) with NFSS spec.:
(fontspec)             <->"name:TeX Gyre
(fontspec)             Cursor/B:mode=node;script=latn;language=ENG;+tlig;family
=tt;-liga;-rlig;-clig;+smcp;"
(fontspec)             and font adjustment code:
(fontspec)             \fontdimen 2\font =1\fontdimen 2\font \fontdimen 3\font
(fontspec)             =0\fontdimen 3\font \fontdimen 4\font =0\fontdimen
(fontspec)             4\font \fontdimen 7\font =0\fontdimen 2\font
(fontspec)             \tex_hyphenchar:D \font =-1\scan_stop: 
(fontspec)             - 'italic' (m/it) with NFSS spec.: <->"name:TeX Gyre
(fontspec)             Cursor/I:mode=node;script=latn;language=ENG;+tlig;family
=tt;-liga;-rlig;-clig;"
(fontspec)             - 'italic small caps'  (m/scit) with NFSS spec.:
(fontspec)             <->"name:TeX Gyre
(fontspec)             Cursor/I:mode=node;script=latn;language=ENG;+tlig;family
=tt;-liga;-rlig;-clig;+smcp;"
(fontspec)             and font adjustment code:
(fontspec)             \fontdimen 2\font =1\fontdimen 2\font \fontdimen 3\font
(fontspec)             =0\fontdimen 3\font \fontdimen 4\font =0\fontdimen
(fontspec)             4\font \fontdimen 7\font =0\fontdimen 2\font
(fontspec)             \tex_hyphenchar:D \font =-1\scan_stop: 
(fontspec)             - 'bold italic' (b/it) with NFSS spec.: <->"name:TeX
(fontspec)             Gyre
(fontspec)             Cursor/BI:mode=node;script=latn;language=ENG;+tlig;famil
y=tt;-liga;-rlig;-clig;"
(fontspec)             - 'bold italic small caps'  (b/scit) with NFSS spec.:
(fontspec)             <->"name:TeX Gyre
(fontspec)             Cursor/BI:mode=node;script=latn;language=ENG;+tlig;famil
y=tt;-liga;-rlig;-clig;+smcp;"
(fontspec)             and font adjustment code:
(fontspec)             \fontdimen 2\font =1\fontdimen 2\font \fontdimen 3\font
(fontspec)             =0\fontdimen 3\font \fontdimen 4\font =0\fontdimen
(fontspec)             4\font \fontdimen 7\font =0\fontdimen 2\font
(fontspec)             \tex_hyphenchar:D \font =-1\scan_stop: 


Excluding 'comment' comment.
(/usr/local/texlive/2026/texmf-dist/tex/latex/unicode-math/unicode-math.sty
Package: unicode-math 2023/08/13 v0.8r Unicode maths in XeLaTeX and LuaLaTeX

(/usr/local/texlive/2026/texmf-dist/tex/latex/unicode-math/unicode-math-luatex.
sty
Package: unicode-math-luatex 2023/08/13 v0.8r Unicode maths in XeLaTeX and LuaL
aTeX

(/usr/local/texlive/2026/texmf-dist/tex/latex/l3packages/l3keys2e/l3keys2e.sty
Package: l3keys2e 2025-10-09 LaTeX2e option processing using LaTeX3 keys
) (/usr/local/texlive/2026/texmf-dist/tex/latex/base/fix-cm.sty
Package: fix-cm 2020/11/24 v1.1t fixes to LaTeX

(/usr/local/texlive/2026/texmf-dist/tex/latex/base/ts1enc.def
File: ts1enc.def 2001/06/05 v3.0e (jk/car/fm) Standard LaTeX file
LaTeX Font Info:    Redeclaring font encoding TS1 on input line 47.
LaTeX Encoding Info:    Redeclaring text command \capitalcedilla (encoding TS1)
 on input line 49.
LaTeX Encoding Info:    Redeclaring text command \capitalogonek (encoding TS1) 
on input line 52.
LaTeX Encoding Info:    Redeclaring text command \capitalgrave (encoding TS1) o
n input line 55.
LaTeX Encoding Info:    Redeclaring text command \capitalacute (encoding TS1) o
n input line 56.
LaTeX Encoding Info:    Redeclaring text command \capitalcircumflex (encoding T
S1) on input line 57.
LaTeX Encoding Info:    Redeclaring text command \capitaltilde (encoding TS1) o
n input line 58.
LaTeX Encoding Info:    Redeclaring text command \capitaldieresis (encoding TS1
) on input line 59.
LaTeX Encoding Info:    Redeclaring text command \capitalhungarumlaut (encoding
 TS1) on input line 60.
LaTeX Encoding Info:    Redeclaring text command \capitalring (encoding TS1) on
 input line 61.
LaTeX Encoding Info:    Redeclaring text command \capitalcaron (encoding TS1) o
n input line 62.
LaTeX Encoding Info:    Redeclaring text command \capitalbreve (encoding TS1) o
n input line 63.
LaTeX Encoding Info:    Redeclaring text command \capitalmacron (encoding TS1) 
on input line 64.
LaTeX Encoding Info:    Redeclaring text command \capitaldotaccent (encoding TS
1) on input line 65.
LaTeX Encoding Info:    Redeclaring text command \t (encoding TS1) on input lin
e 66.
LaTeX Encoding Info:    Redeclaring text command \capitaltie (encoding TS1) on 
input line 67.
LaTeX Encoding Info:    Redeclaring text command \newtie (encoding TS1) on inpu
t line 68.
LaTeX Encoding Info:    Redeclaring text command \capitalnewtie (encoding TS1) 
on input line 69.
LaTeX Encoding Info:    Redeclaring text symbol \textcapitalcompwordmark (encod
ing TS1) on input line 70.
LaTeX Encoding Info:    Redeclaring text symbol \textascendercompwordmark (enco
ding TS1) on input line 71.
LaTeX Encoding Info:    Redeclaring text symbol \textquotestraightbase (encodin
g TS1) on input line 72.
LaTeX Encoding Info:    Redeclaring text symbol \textquotestraightdblbase (enco
ding TS1) on input line 73.
LaTeX Encoding Info:    Redeclaring text symbol \texttwelveudash (encoding TS1)
 on input line 74.
LaTeX Encoding Info:    Redeclaring text symbol \textthreequartersemdash (encod
ing TS1) on input line 75.
LaTeX Encoding Info:    Redeclaring text symbol \textleftarrow (encoding TS1) o
n input line 76.
LaTeX Encoding Info:    Redeclaring text symbol \textrightarrow (encoding TS1) 
on input line 77.
LaTeX Encoding Info:    Redeclaring text symbol \textblank (encoding TS1) on in
put line 78.
LaTeX Encoding Info:    Redeclaring text symbol \textdollar (encoding TS1) on i
nput line 79.
LaTeX Encoding Info:    Redeclaring text symbol \textquotesingle (encoding TS1)
 on input line 80.
LaTeX Encoding Info:    Redeclaring text command \textasteriskcentered (encodin
g TS1) on input line 81.
LaTeX Encoding Info:    Redeclaring text symbol \textdblhyphen (encoding TS1) o
n input line 92.
LaTeX Encoding Info:    Redeclaring text symbol \textfractionsolidus (encoding 
TS1) on input line 93.
LaTeX Encoding Info:    Redeclaring text symbol \textzerooldstyle (encoding TS1
) on input line 94.
LaTeX Encoding Info:    Redeclaring text symbol \textoneoldstyle (encoding TS1)
 on input line 95.
LaTeX Encoding Info:    Redeclaring text symbol \texttwooldstyle (encoding TS1)
 on input line 96.
LaTeX Encoding Info:    Redeclaring text symbol \textthreeoldstyle (encoding TS
1) on input line 97.
LaTeX Encoding Info:    Redeclaring text symbol \textfouroldstyle (encoding TS1
) on input line 98.
LaTeX Encoding Info:    Redeclaring text symbol \textfiveoldstyle (encoding TS1
) on input line 99.
LaTeX Encoding Info:    Redeclaring text symbol \textsixoldstyle (encoding TS1)
 on input line 100.
LaTeX Encoding Info:    Redeclaring text symbol \textsevenoldstyle (encoding TS
1) on input line 101.
LaTeX Encoding Info:    Redeclaring text symbol \texteightoldstyle (encoding TS
1) on input line 102.
LaTeX Encoding Info:    Redeclaring text symbol \textnineoldstyle (encoding TS1
) on input line 103.
LaTeX Encoding Info:    Redeclaring text symbol \textlangle (encoding TS1) on i
nput line 104.
LaTeX Encoding Info:    Redeclaring text symbol \textminus (encoding TS1) on in
put line 105.
LaTeX Encoding Info:    Redeclaring text symbol \textrangle (encoding TS1) on i
nput line 106.
LaTeX Encoding Info:    Redeclaring text symbol \textmho (encoding TS1) on inpu
t line 107.
LaTeX Encoding Info:    Redeclaring text symbol \textbigcircle (encoding TS1) o
n input line 108.
LaTeX Encoding Info:    Redeclaring text command \textcircled (encoding TS1) on
 input line 109.
LaTeX Encoding Info:    Redeclaring text symbol \textohm (encoding TS1) on inpu
t line 115.
LaTeX Encoding Info:    Redeclaring text symbol \textlbrackdbl (encoding TS1) o
n input line 116.
LaTeX Encoding Info:    Redeclaring text symbol \textrbrackdbl (encoding TS1) o
n input line 117.
LaTeX Encoding Info:    Redeclaring text symbol \textuparrow (encoding TS1) on 
input line 118.
LaTeX Encoding Info:    Redeclaring text symbol \textdownarrow (encoding TS1) o
n input line 119.
LaTeX Encoding Info:    Redeclaring text symbol \textasciigrave (encoding TS1) 
on input line 120.
LaTeX Encoding Info:    Redeclaring text symbol \textborn (encoding TS1) on inp
ut line 121.
LaTeX Encoding Info:    Redeclaring text symbol \textdivorced (encoding TS1) on
 input line 122.
LaTeX Encoding Info:    Redeclaring text symbol \textdied (encoding TS1) on inp
ut line 123.
LaTeX Encoding Info:    Redeclaring text symbol \textleaf (encoding TS1) on inp
ut line 124.
LaTeX Encoding Info:    Redeclaring text symbol \textmarried (encoding TS1) on 
input line 125.
LaTeX Encoding Info:    Redeclaring text symbol \textmusicalnote (encoding TS1)
 on input line 126.
LaTeX Encoding Info:    Redeclaring text symbol \texttildelow (encoding TS1) on
 input line 127.
LaTeX Encoding Info:    Redeclaring text symbol \textdblhyphenchar (encoding TS
1) on input line 128.
LaTeX Encoding Info:    Redeclaring text symbol \textasciibreve (encoding TS1) 
on input line 129.
LaTeX Encoding Info:    Redeclaring text symbol \textasciicaron (encoding TS1) 
on input line 130.
LaTeX Encoding Info:    Redeclaring text symbol \textacutedbl (encoding TS1) on
 input line 131.
LaTeX Encoding Info:    Redeclaring text symbol \textgravedbl (encoding TS1) on
 input line 132.
LaTeX Encoding Info:    Redeclaring text symbol \textdagger (encoding TS1) on i
nput line 133.
LaTeX Encoding Info:    Redeclaring text symbol \textdaggerdbl (encoding TS1) o
n input line 134.
LaTeX Encoding Info:    Redeclaring text symbol \textbardbl (encoding TS1) on i
nput line 135.
LaTeX Encoding Info:    Redeclaring text symbol \textperthousand (encoding TS1)
 on input line 136.
LaTeX Encoding Info:    Redeclaring text symbol \textbullet (encoding TS1) on i
nput line 137.
LaTeX Encoding Info:    Redeclaring text symbol \textcelsius (encoding TS1) on 
input line 138.
LaTeX Encoding Info:    Redeclaring text symbol \textdollaroldstyle (encoding T
S1) on input line 139.
LaTeX Encoding Info:    Redeclaring text symbol \textcentoldstyle (encoding TS1
) on input line 140.
LaTeX Encoding Info:    Redeclaring text symbol \textflorin (encoding TS1) on i
nput line 141.
LaTeX Encoding Info:    Redeclaring text symbol \textcolonmonetary (encoding TS
1) on input line 142.
LaTeX Encoding Info:    Redeclaring text symbol \textwon (encoding TS1) on inpu
t line 143.
LaTeX Encoding Info:    Redeclaring text symbol \textnaira (encoding TS1) on in
put line 144.
LaTeX Encoding Info:    Redeclaring text symbol \textguarani (encoding TS1) on 
input line 145.
LaTeX Encoding Info:    Redeclaring text symbol \textpeso (encoding TS1) on inp
ut line 146.
LaTeX Encoding Info:    Redeclaring text symbol \textlira (encoding TS1) on inp
ut line 147.
LaTeX Encoding Info:    Redeclaring text symbol \textrecipe (encoding TS1) on i
nput line 148.
LaTeX Encoding Info:    Redeclaring text symbol \textinterrobang (encoding TS1)
 on input line 149.
LaTeX Encoding Info:    Redeclaring text symbol \textinterrobangdown (encoding 
TS1) on input line 150.
LaTeX Encoding Info:    Redeclaring text symbol \textdong (encoding TS1) on inp
ut line 151.
LaTeX Encoding Info:    Redeclaring text symbol \texttrademark (encoding TS1) o
n input line 152.
LaTeX Encoding Info:    Redeclaring text symbol \textpertenthousand (encoding T
S1) on input line 153.
LaTeX Encoding Info:    Redeclaring text symbol \textpilcrow (encoding TS1) on 
input line 154.
LaTeX Encoding Info:    Redeclaring text symbol \textbaht (encoding TS1) on inp
ut line 155.
LaTeX Encoding Info:    Redeclaring text symbol \textnumero (encoding TS1) on i
nput line 156.
LaTeX Encoding Info:    Redeclaring text symbol \textdiscount (encoding TS1) on
 input line 157.
LaTeX Encoding Info:    Redeclaring text symbol \textestimated (encoding TS1) o
n input line 158.
LaTeX Encoding Info:    Redeclaring text symbol \textopenbullet (encoding TS1) 
on input line 159.
LaTeX Encoding Info:    Redeclaring text symbol \textservicemark (encoding TS1)
 on input line 160.
LaTeX Encoding Info:    Redeclaring text symbol \textlquill (encoding TS1) on i
nput line 161.
LaTeX Encoding Info:    Redeclaring text symbol \textrquill (encoding TS1) on i
nput line 162.
LaTeX Encoding Info:    Redeclaring text symbol \textcent (encoding TS1) on inp
ut line 163.
LaTeX Encoding Info:    Redeclaring text symbol \textsterling (encoding TS1) on
 input line 164.
LaTeX Encoding Info:    Redeclaring text symbol \textcurrency (encoding TS1) on
 input line 165.
LaTeX Encoding Info:    Redeclaring text symbol \textyen (encoding TS1) on inpu
t line 166.
LaTeX Encoding Info:    Redeclaring text symbol \textbrokenbar (encoding TS1) o
n input line 167.
LaTeX Encoding Info:    Redeclaring text symbol \textsection (encoding TS1) on 
input line 168.
LaTeX Encoding Info:    Redeclaring text symbol \textasciidieresis (encoding TS
1) on input line 169.
LaTeX Encoding Info:    Redeclaring text symbol \textcopyright (encoding TS1) o
n input line 170.
LaTeX Encoding Info:    Redeclaring text symbol \textordfeminine (encoding TS1)
 on input line 171.
LaTeX Encoding Info:    Redeclaring text symbol \textcopyleft (encoding TS1) on
 input line 172.
LaTeX Encoding Info:    Redeclaring text symbol \textlnot (encoding TS1) on inp
ut line 173.
LaTeX Encoding Info:    Redeclaring text symbol \textcircledP (encoding TS1) on
 input line 174.
LaTeX Encoding Info:    Redeclaring text symbol \textregistered (encoding TS1) 
on input line 175.
LaTeX Encoding Info:    Redeclaring text symbol \textasciimacron (encoding TS1)
 on input line 176.
LaTeX Encoding Info:    Redeclaring text symbol \textdegree (encoding TS1) on i
nput line 177.
LaTeX Encoding Info:    Redeclaring text symbol \textpm (encoding TS1) on input
 line 178.
LaTeX Encoding Info:    Redeclaring text symbol \texttwosuperior (encoding TS1)
 on input line 179.
LaTeX Encoding Info:    Redeclaring text symbol \textthreesuperior (encoding TS
1) on input line 180.
LaTeX Encoding Info:    Redeclaring text symbol \textasciiacute (encoding TS1) 
on input line 181.
LaTeX Encoding Info:    Redeclaring text symbol \textmu (encoding TS1) on input
 line 182.
LaTeX Encoding Info:    Redeclaring text symbol \textparagraph (encoding TS1) o
n input line 183.
LaTeX Encoding Info:    Redeclaring text symbol \textperiodcentered (encoding T
S1) on input line 184.
LaTeX Encoding Info:    Redeclaring text symbol \textreferencemark (encoding TS
1) on input line 185.
LaTeX Encoding Info:    Redeclaring text symbol \textonesuperior (encoding TS1)
 on input line 186.
LaTeX Encoding Info:    Redeclaring text symbol \textordmasculine (encoding TS1
) on input line 187.
LaTeX Encoding Info:    Redeclaring text symbol \textsurd (encoding TS1) on inp
ut line 188.
LaTeX Encoding Info:    Redeclaring text symbol \textonequarter (encoding TS1) 
on input line 189.
LaTeX Encoding Info:    Redeclaring text symbol \textonehalf (encoding TS1) on 
input line 190.
LaTeX Encoding Info:    Redeclaring text symbol \textthreequarters (encoding TS
1) on input line 191.
LaTeX Encoding Info:    Redeclaring text symbol \texteuro (encoding TS1) on inp
ut line 192.
LaTeX Encoding Info:    Redeclaring text symbol \texttimes (encoding TS1) on in
put line 193.
LaTeX Encoding Info:    Redeclaring text symbol \textdiv (encoding TS1) on inpu
t line 194.
))
(/usr/local/texlive/2026/texmf-dist/tex/lualatex/lualatex-math/lualatex-math.st
y
Package: lualatex-math 2022/01/01 v1.12 Patches for mathematics typesetting wit
h LuaLaTeX
Lua module: lualatex-math 2013/08/03 v1.3 Patches for mathematics typesetting wi
th LuaLaTeX)
\g__um_fam_int=\count636
\g__um_fonts_used_int=\count637
\l__um_primecount_int=\count638
\g__um_primekern_muskip=\muskip23

(/usr/local/texlive/2026/texmf-dist/tex/latex/unicode-math/unicode-math-table.t
ex)))
LaTeX Font Info:    Redeclaring math version `normal' on input line 157.

Package fontspec Info: 
(fontspec)             Could not resolve font "STIX Two Math/B" (it probably
(fontspec)             doesn't exist).


Package fontspec Info: 
(fontspec)             Font family 'STIXTwoMath(0)' created for font 'STIX Two
(fontspec)             Math' with options
(fontspec)             [Ligatures={TeX},Renderer=Basic,BoldItalicFont={},Italic
Font={},SmallCapsFont={},Script=Math,RawFeature={mathfontdimen=xetex}].
(fontspec)              
(fontspec)              This font family consists of the following NFSS
(fontspec)             series/shapes:
(fontspec)              
(fontspec)             - 'normal' (m/n) with NFSS spec.: <->"name:STIX Two
(fontspec)             Math:mode=base;script=math;language=dflt;+tlig;mathfontd
imen=xetex;"


Package fontspec Info: 
(fontspec)             Could not resolve font "STIX Two Math/B" (it probably
(fontspec)             doesn't exist).


Package fontspec Info: 
(fontspec)             Font family 'STIXTwoMath(1)' created for font 'STIX Two
(fontspec)             Math' with options
(fontspec)             [Ligatures={TeX},Renderer=Basic,BoldItalicFont={},Italic
Font={},SmallCapsFont={},Script=Math,SizeFeatures={{Size=10.2-},{Size=7.5-10.2,
Font=STIX
(fontspec)             Two Math,Style=MathScript},{Size=-7.5,Font=STIX Two
(fontspec)             Math,Style=MathScriptScript}},RawFeature={mathfontdimen=
xetex}].
(fontspec)              
(fontspec)              This font family consists of the following NFSS
(fontspec)             series/shapes:
(fontspec)              
(fontspec)             - 'normal' (m/n) with NFSS spec.: <10.2->"name:STIX Two
(fontspec)             Math:mode=base;script=math;language=dflt;+tlig;mathfontd
imen=xetex;"<7.5-10.2>"name:STIX
(fontspec)             Two
(fontspec)             Math:mode=base;script=math;language=dflt;+tlig;mathfontd
imen=xetex;+ssty=0;"<-7.5>"name:STIX
(fontspec)             Two
(fontspec)             Math:mode=base;script=math;language=dflt;+tlig;mathfontd
imen=xetex;+ssty=1;"

LaTeX Font Info:    Encoding `OT1' has changed to `TU' for symbol font
(Font)              `operators' in the math version `normal' on input line 157.

LaTeX Font Info:    Overwriting symbol font `operators' in version `normal'
(Font)                  OT1/cmr/m/n --> TU/STIXTwoMath(1)/m/n on input line 157
.
LaTeX Font Info:    Encoding `OT1' has changed to `TU' for symbol font
(Font)              `operators' in the math version `bold' on input line 157.
LaTeX Font Info:    Overwriting symbol font `operators' in version `bold'
(Font)                  OT1/cmr/bx/n --> TU/STIXTwoMath(1)/b/n on input line 15
7.

Package fontspec Info: 
(fontspec)             Could not resolve font "STIX Two Math/B" (it probably
(fontspec)             doesn't exist).


Package fontspec Info: 
(fontspec)             Font family 'STIXTwoMath(2)' created for font 'STIX Two
(fontspec)             Math' with options
(fontspec)             [Ligatures={TeX},Renderer=Basic,BoldItalicFont={},Italic
Font={},SmallCapsFont={},Script=Math,SizeFeatures={{Size=10.2-},{Size=7.5-10.2,
Font=STIX
(fontspec)             Two Math,Style=MathScript},{Size=-7.5,Font=STIX Two
(fontspec)             Math,Style=MathScriptScript}},RawFeature={mathfontdimen=
xetex},RawFeature={mathfontdimen=tex2}].
(fontspec)              
(fontspec)              This font family consists of the following NFSS
(fontspec)             series/shapes:
(fontspec)              
(fontspec)             - 'normal' (m/n) with NFSS spec.: <10.2->"name:STIX Two
(fontspec)             Math:mode=base;script=math;language=dflt;+tlig;mathfontd
imen=xetex;mathfontdimen=tex2;"<7.5-10.2>"name:STIX
(fontspec)             Two
(fontspec)             Math:mode=base;script=math;language=dflt;+tlig;mathfontd
imen=xetex;mathfontdimen=tex2;+ssty=0;"<-7.5>"name:STIX
(fontspec)             Two
(fontspec)             Math:mode=base;script=math;language=dflt;+tlig;mathfontd
imen=xetex;mathfontdimen=tex2;+ssty=1;"

LaTeX Font Info:    Encoding `OMS' has changed to `TU' for symbol font
(Font)              `symbols' in the math version `normal' on input line 157.
LaTeX Font Info:    Overwriting symbol font `symbols' in version `normal'
(Font)                  OMS/cmsy/m/n --> TU/STIXTwoMath(2)/m/n on input line 15
7.
LaTeX Font Info:    Encoding `OMS' has changed to `TU' for symbol font
(Font)              `symbols' in the math version `bold' on input line 157.
LaTeX Font Info:    Overwriting symbol font `symbols' in version `bold'
(Font)                  OMS/cmsy/b/n --> TU/STIXTwoMath(2)/b/n on input line 15
7.

Package fontspec Info: 
(fontspec)             Could not resolve font "STIX Two Math/B" (it probably
(fontspec)             doesn't exist).


Package fontspec Info: 
(fontspec)             Font family 'STIXTwoMath(3)' created for font 'STIX Two
(fontspec)             Math' with options
(fontspec)             [Ligatures={TeX},Renderer=Basic,BoldItalicFont={},Italic
Font={},SmallCapsFont={},Script=Math,SizeFeatures={{Size=10.2-},{Size=7.5-10.2,
Font=STIX
(fontspec)             Two Math,Style=MathScript},{Size=-7.5,Font=STIX Two
(fontspec)             Math,Style=MathScriptScript}},RawFeature={mathfontdimen=
xetex},RawFeature={mathfontdimen=tex3}].
(fontspec)              
(fontspec)              This font family consists of the following NFSS
(fontspec)             series/shapes:
(fontspec)              
(fontspec)             - 'normal' (m/n) with NFSS spec.: <10.2->"name:STIX Two
(fontspec)             Math:mode=base;script=math;language=dflt;+tlig;mathfontd
imen=xetex;mathfontdimen=tex3;"<7.5-10.2>"name:STIX
(fontspec)             Two
(fontspec)             Math:mode=base;script=math;language=dflt;+tlig;mathfontd
imen=xetex;mathfontdimen=tex3;+ssty=0;"<-7.5>"name:STIX
(fontspec)             Two
(fontspec)             Math:mode=base;script=math;language=dflt;+tlig;mathfontd
imen=xetex;mathfontdimen=tex3;+ssty=1;"

LaTeX Font Info:    Encoding `OMX' has changed to `TU' for symbol font
(Font)              `largesymbols' in the math version `normal' on input line 1
57.
LaTeX Font Info:    Overwriting symbol font `largesymbols' in version `normal'
(Font)                  OMX/cmex/m/n --> TU/STIXTwoMath(3)/m/n on input line 15
7.
LaTeX Font Info:    Encoding `OMX' has changed to `TU' for symbol font
(Font)              `largesymbols' in the math version `bold' on input line 157
.
LaTeX Font Info:    Overwriting symbol font `largesymbols' in version `bold'
(Font)                  OMX/cmex/m/n --> TU/STIXTwoMath(3)/b/n on input line 15
7.
LaTeX Font Info:    Trying to load font information for U+stmry on input line 1
57.
 (/usr/local/texlive/2026/texmf-dist/tex/latex/stmaryrd/Ustmry.fd)

Package fontspec Info: 
(fontspec)             Could not resolve font "STIX Two Math/BI" (it probably
(fontspec)             doesn't exist).


Package fontspec Info: 
(fontspec)             Could not resolve font "STIX Two Math/B" (it probably
(fontspec)             doesn't exist).


Package fontspec Info: 
(fontspec)             Could not resolve font "STIX Two Math/I" (it probably
(fontspec)             doesn't exist).


Package fontspec Info: 
(fontspec)             Font family 'STIXTwoMath(4)' created for font 'STIX Two
(fontspec)             Math' with options [Ligatures={TeX}].
(fontspec)              
(fontspec)              This font family consists of the following NFSS
(fontspec)             series/shapes:
(fontspec)              
(fontspec)             - 'normal' (m/n) with NFSS spec.: <->"name:STIX Two
(fontspec)             Math:mode=node;script=latn;language=dflt;+tlig;"


Package fontspec Info: 
(fontspec)             Font family 'STIXTwoText(0)' created for font 'STIX Two
(fontspec)             Text' with options [Ligatures={TeX}].
(fontspec)              
(fontspec)              This font family consists of the following NFSS
(fontspec)             series/shapes:
(fontspec)              
(fontspec)             - 'normal' (m/n) with NFSS spec.: <->"name:STIX Two
(fontspec)             Text:mode=node;script=latn;language=dflt;+tlig;"
(fontspec)             - 'small caps'  (m/sc) with NFSS spec.: <->"name:STIX
(fontspec)             Two
(fontspec)             Text:mode=node;script=latn;language=dflt;+tlig;+smcp;"
(fontspec)             - 'bold' (b/n) with NFSS spec.: <->"name:STIX Two
(fontspec)             Text/B:mode=node;script=latn;language=dflt;+tlig;"
(fontspec)             - 'bold small caps'  (b/sc) with NFSS spec.:
(fontspec)             <->"name:STIX Two
(fontspec)             Text/B:mode=node;script=latn;language=dflt;+tlig;+smcp;"

(fontspec)             - 'italic' (m/it) with NFSS spec.: <->"name:STIX Two
(fontspec)             Text/I:mode=node;script=latn;language=dflt;+tlig;"
(fontspec)             - 'italic small caps'  (m/scit) with NFSS spec.:
(fontspec)             <->"name:STIX Two
(fontspec)             Text/I:mode=node;script=latn;language=dflt;+tlig;+smcp;"

(fontspec)             - 'bold italic' (b/it) with NFSS spec.: <->"name:STIX
(fontspec)             Two Text/BI:mode=node;script=latn;language=dflt;+tlig;"
(fontspec)             - 'bold italic small caps'  (b/scit) with NFSS spec.:
(fontspec)             <->"name:STIX Two
(fontspec)             Text/BI:mode=node;script=latn;language=dflt;+tlig;+smcp;
"


Package fontspec Info: 
(fontspec)             Could not resolve font "STIX Two Math/BI" (it probably
(fontspec)             doesn't exist).


Package fontspec Info: 
(fontspec)             Could not resolve font "STIX Two Math/B" (it probably
(fontspec)             doesn't exist).


Package fontspec Info: 
(fontspec)             Could not resolve font "STIX Two Math/I" (it probably
(fontspec)             doesn't exist).


Package fontspec Info: 
(fontspec)             Font family 'STIXTwoMath(5)' created for font 'STIX Two
(fontspec)             Math' with options [Ligatures={TeX},StylisticSet=1].
(fontspec)              
(fontspec)              This font family consists of the following NFSS
(fontspec)             series/shapes:
(fontspec)              
(fontspec)             - 'normal' (m/n) with NFSS spec.: <->"name:STIX Two
(fontspec)             Math:mode=node;script=latn;language=dflt;+tlig;+ss01;"


(/usr/local/texlive/2026/texmf-dist/tex/generic/babel/locale/en/babel-english.t
ex)
Package babel Info: Importing data for 'english'
(babel)             from babel-en.ini. Reported on input line 188.
Inserting `Babel.hyphenate' in `hyphenate'. (./Figtree.fontspec)

Package fontspec Info: 
(fontspec)             Font family 'Figtree(0)' created for font 'Figtree'
(fontspec)             with options
(fontspec)             [Ligatures={TeX},Path=./Figtree/static/,Extension =
(fontspec)             .ttf,UprightFont=*-Regular,BoldFont=*-Bold,BoldItalicFon
t=*-BoldItalic,ItalicFont=*-Italic,FontFace={md}{n}{*-Medium},FontFace={md}{it}
{*-MediumItalic},FontFace={sb}{n}{*-Semibold},FontFace={sb}{it}{*-SemiBoldItali
c},Ligatures=TeX,Path=./Figtree/static/,Extension
(fontspec)             =
(fontspec)             .ttf,UprightFont=*-Regular,BoldFont=*-Bold,BoldItalicFon
t=*-BoldItalic,ItalicFont=*-Italic,FontFace={md}{n}{*-Medium},FontFace={md}{it}
{*-MediumItalic},FontFace={sb}{n}{*-Semibold},FontFace={sb}{it}{*-SemiBoldItali
c}].
(fontspec)              
(fontspec)              This font family consists of the following NFSS
(fontspec)             series/shapes:
(fontspec)              
(fontspec)             - (md/n) with NFSS spec.:
(fontspec)             <->"[./Figtree/static/Figtree-Medium.ttf]:mode=node;scri
pt=latn;language=dflt;+tlig;"
(fontspec)             - (md/it) with NFSS spec.:
(fontspec)             <->"[./Figtree/static/Figtree-MediumItalic.ttf]:mode=nod
e;script=latn;language=dflt;+tlig;"
(fontspec)             - (sb/n) with NFSS spec.:
(fontspec)             <->"[./Figtree/static/Figtree-Semibold.ttf]:mode=node;sc
ript=latn;language=dflt;+tlig;"
(fontspec)             - (sb/it) with NFSS spec.:
(fontspec)             <->"[./Figtree/static/Figtree-SemiBoldItalic.ttf]:mode=n
ode;script=latn;language=dflt;+tlig;"
(fontspec)             - 'normal' (m/n) with NFSS spec.:
(fontspec)             <->"[./Figtree/static/Figtree-Regular.ttf]:mode=node;scr
ipt=latn;language=dflt;+tlig;"
(fontspec)             - 'bold' (b/n) with NFSS spec.:
(fontspec)             <->"[./Figtree/static/Figtree-Bold.ttf]:mode=node;script
=latn;language=dflt;+tlig;"
(fontspec)             - 'italic' (m/it) with NFSS spec.:
(fontspec)             <->"[./Figtree/static/Figtree-Italic.ttf]:mode=node;scri
pt=latn;language=dflt;+tlig;"
(fontspec)             - 'bold italic' (b/it) with NFSS spec.:
(fontspec)             <->"[./Figtree/static/Figtree-BoldItalic.ttf]:mode=node;
script=latn;language=dflt;+tlig;"


Package fontspec Info: 
(fontspec)             Font family 'Figtree(1)' created for font 'Figtree'
(fontspec)             with options
(fontspec)             [Ligatures={TeX},Path=./Figtree/static/,Extension =
(fontspec)             .ttf,UprightFont=*-Regular,BoldFont=*-Bold,BoldItalicFon
t=*-BoldItalic,ItalicFont=*-Italic,FontFace={md}{n}{*-Medium},FontFace={md}{it}
{*-MediumItalic},FontFace={sb}{n}{*-Semibold},FontFace={sb}{it}{*-SemiBoldItali
c}].
(fontspec)              
(fontspec)              This font family consists of the following NFSS
(fontspec)             series/shapes:
(fontspec)              
(fontspec)             - (md/n) with NFSS spec.:
(fontspec)             <->"[./Figtree/static/Figtree-Medium.ttf]:mode=node;scri
pt=latn;language=dflt;+tlig;"
(fontspec)             - (md/it) with NFSS spec.:
(fontspec)             <->"[./Figtree/static/Figtree-MediumItalic.ttf]:mode=nod
e;script=latn;language=dflt;+tlig;"
(fontspec)             - (sb/n) with NFSS spec.:
(fontspec)             <->"[./Figtree/static/Figtree-Semibold.ttf]:mode=node;sc
ript=latn;language=dflt;+tlig;"
(fontspec)             - (sb/it) with NFSS spec.:
(fontspec)             <->"[./Figtree/static/Figtree-SemiBoldItalic.ttf]:mode=n
ode;script=latn;language=dflt;+tlig;"
(fontspec)             - 'normal' (m/n) with NFSS spec.:
(fontspec)             <->"[./Figtree/static/Figtree-Regular.ttf]:mode=node;scr
ipt=latn;language=dflt;+tlig;"
(fontspec)             - 'bold' (b/n) with NFSS spec.:
(fontspec)             <->"[./Figtree/static/Figtree-Bold.ttf]:mode=node;script
=latn;language=dflt;+tlig;"
(fontspec)             - 'italic' (m/it) with NFSS spec.:
(fontspec)             <->"[./Figtree/static/Figtree-Italic.ttf]:mode=node;scri
pt=latn;language=dflt;+tlig;"
(fontspec)             - 'bold italic' (b/it) with NFSS spec.:
(fontspec)             <->"[./Figtree/static/Figtree-BoldItalic.ttf]:mode=node;
script=latn;language=dflt;+tlig;"


Package fontspec Info: 
(fontspec)             Font family 'NotoEmoji(0)' created for font 'NotoEmoji'
(fontspec)             with options
(fontspec)             [Ligatures={TeX},Ligatures=TeX,Path=./Noto_Emoji/static/
,Extension
(fontspec)             =
(fontspec)             .ttf,UprightFont=*-Regular,BoldFont=*-Bold,FontFace={l}{
n}{*-Light.ttf},FontFace={md}{n}{*-Medium},FontFace={sb}{n}{*-SemiBold}].
(fontspec)              
(fontspec)              This font family consists of the following NFSS
(fontspec)             series/shapes:
(fontspec)              
(fontspec)             - (l/n) with NFSS spec.:
(fontspec)             <->"[./Noto_Emoji/static/NotoEmoji-Light.ttf]:mode=node;
script=DFLT;language=dflt;+tlig;"
(fontspec)             - (md/n) with NFSS spec.:
(fontspec)             <->"[./Noto_Emoji/static/NotoEmoji-Medium.ttf]:mode=node
;script=DFLT;language=dflt;+tlig;"
(fontspec)             - (sb/n) with NFSS spec.:
(fontspec)             <->"[./Noto_Emoji/static/NotoEmoji-SemiBold.ttf]:mode=no
de;script=DFLT;language=dflt;+tlig;"
(fontspec)             - 'normal' (m/n) with NFSS spec.:
(fontspec)             <->"[./Noto_Emoji/static/NotoEmoji-Regular.ttf]:mode=nod
e;script=DFLT;language=dflt;+tlig;"
(fontspec)             - 'bold' (b/n) with NFSS spec.:
(fontspec)             <->"[./Noto_Emoji/static/NotoEmoji-Bold.ttf]:mode=node;s
cript=DFLT;language=dflt;+tlig;"

 Excluding 'comment' comment.

Package fontspec Info: 
(fontspec)             Could not resolve font "Noto Sans Mono CJK JP
(fontspec)             Regular/BI" (it probably doesn't exist).


Package fontspec Info: 
(fontspec)             Could not resolve font "Noto Sans Mono CJK JP
(fontspec)             Regular/B" (it probably doesn't exist).


Package fontspec Info: 
(fontspec)             Could not resolve font "Noto Sans Mono CJK JP
(fontspec)             Regular/I" (it probably doesn't exist).


Package fontspec Info: 
(fontspec)             Font family 'NotoSansMonoCJKJPRegular(0)' created for
(fontspec)             font 'Noto Sans Mono CJK JP Regular' with options
(fontspec)             [Ligatures={TeX},Ligatures=TeX].
(fontspec)              
(fontspec)              This font family consists of the following NFSS
(fontspec)             series/shapes:
(fontspec)              
(fontspec)             - 'normal' (m/n) with NFSS spec.: <->"name:Noto Sans
(fontspec)             Mono CJK JP
(fontspec)             Regular:mode=node;script=latn;language=dflt;+tlig;"


Package fontspec Info: 
(fontspec)             Could not resolve font "Noto Sans CJK JP/BI" (it
(fontspec)             probably doesn't exist).


Package fontspec Info: 
(fontspec)             Could not resolve font "Noto Sans CJK JP/I" (it
(fontspec)             probably doesn't exist).


Package fontspec Info: 
(fontspec)             Font family 'NotoSansCJKJP(0)' created for font 'Noto
(fontspec)             Sans CJK JP' with options
(fontspec)             [Ligatures={TeX},Ligatures=TeX].
(fontspec)              
(fontspec)              This font family consists of the following NFSS
(fontspec)             series/shapes:
(fontspec)              
(fontspec)             - 'normal' (m/n) with NFSS spec.: <->"name:Noto Sans
(fontspec)             CJK JP:mode=node;script=latn;language=dflt;+tlig;"
(fontspec)             - 'bold' (b/n) with NFSS spec.: <->"name:Noto Sans CJK
(fontspec)             JP/B:mode=node;script=latn;language=dflt;+tlig;"


Package fontspec Info: 
(fontspec)             Font family 'NotoSansCustomA(0)' created for font
(fontspec)             'NotoSansCustomA' with options
(fontspec)             [Ligatures={TeX},Ligatures=TeX,Extension =
(fontspec)             .ttf,UprightFont = NotoSans-Regular,BoldFont =
(fontspec)             NotoSans-Bold,ItalicFont =
(fontspec)             NotoSans-Italic,BoldItalicFont = NotoSans-BoldItalic].
(fontspec)              
(fontspec)              This font family consists of the following NFSS
(fontspec)             series/shapes:
(fontspec)              
(fontspec)             - 'normal' (m/n) with NFSS spec.:
(fontspec)             <->"[NotoSans-Regular.ttf]:mode=node;script=latn;languag
e=dflt;+tlig;"
(fontspec)             - 'small caps'  (m/sc) with NFSS spec.:
(fontspec)             <->"[NotoSans-Regular.ttf]:mode=node;script=latn;languag
e=dflt;+tlig;+smcp;"
(fontspec)             - 'bold' (b/n) with NFSS spec.:
(fontspec)             <->"[NotoSans-Bold.ttf]:mode=node;script=latn;language=d
flt;+tlig;"
(fontspec)             - 'bold small caps'  (b/sc) with NFSS spec.:
(fontspec)             <->"[NotoSans-Bold.ttf]:mode=node;script=latn;language=d
flt;+tlig;+smcp;"
(fontspec)             - 'italic' (m/it) with NFSS spec.:
(fontspec)             <->"[NotoSans-Italic.ttf]:mode=node;script=latn;language
=dflt;+tlig;"
(fontspec)             - 'italic small caps'  (m/scit) with NFSS spec.:
(fontspec)             <->"[NotoSans-Italic.ttf]:mode=node;script=latn;language
=dflt;+tlig;+smcp;"
(fontspec)             - 'bold italic' (b/it) with NFSS spec.:
(fontspec)             <->"[NotoSans-BoldItalic.ttf]:mode=node;script=latn;lang
uage=dflt;+tlig;"
(fontspec)             - 'bold italic small caps'  (b/scit) with NFSS spec.:
(fontspec)             <->"[NotoSans-BoldItalic.ttf]:mode=node;script=latn;lang
uage=dflt;+tlig;+smcp;"


Package fontspec Info: 
(fontspec)             Font family 'NotoSerifCustomA(0)' created for font
(fontspec)             'NotoSerifCustomA' with options
(fontspec)             [Ligatures={TeX},Ligatures=TeX,Extension =
(fontspec)             .ttf,UprightFont = NotoSerif-Regular,BoldFont =
(fontspec)             NotoSerif-Bold,ItalicFont =
(fontspec)             NotoSerif-Italic,BoldItalicFont =
(fontspec)             NotoSerif-BoldItalic].
(fontspec)              
(fontspec)              This font family consists of the following NFSS
(fontspec)             series/shapes:
(fontspec)              
(fontspec)             - 'normal' (m/n) with NFSS spec.:
(fontspec)             <->"[NotoSerif-Regular.ttf]:mode=node;script=latn;langua
ge=dflt;+tlig;"
(fontspec)             - 'small caps'  (m/sc) with NFSS spec.:
(fontspec)             <->"[NotoSerif-Regular.ttf]:mode=node;script=latn;langua
ge=dflt;+tlig;+smcp;"
(fontspec)             - 'bold' (b/n) with NFSS spec.:
(fontspec)             <->"[NotoSerif-Bold.ttf]:mode=node;script=latn;language=
dflt;+tlig;"
(fontspec)             - 'bold small caps'  (b/sc) with NFSS spec.:
(fontspec)             <->"[NotoSerif-Bold.ttf]:mode=node;script=latn;language=
dflt;+tlig;+smcp;"
(fontspec)             - 'italic' (m/it) with NFSS spec.:
(fontspec)             <->"[NotoSerif-Italic.ttf]:mode=node;script=latn;languag
e=dflt;+tlig;"
(fontspec)             - 'italic small caps'  (m/scit) with NFSS spec.:
(fontspec)             <->"[NotoSerif-Italic.ttf]:mode=node;script=latn;languag
e=dflt;+tlig;+smcp;"
(fontspec)             - 'bold italic' (b/it) with NFSS spec.:
(fontspec)             <->"[NotoSerif-BoldItalic.ttf]:mode=node;script=latn;lan
guage=dflt;+tlig;"
(fontspec)             - 'bold italic small caps'  (b/scit) with NFSS spec.:
(fontspec)             <->"[NotoSerif-BoldItalic.ttf]:mode=node;script=latn;lan
guage=dflt;+tlig;+smcp;"


Package fontspec Info: 
(fontspec)             Font family 'DejaVuSans(0)' created for font 'DejaVu
(fontspec)             Sans' with options [Ligatures={TeX},Ligatures=TeX].
(fontspec)              
(fontspec)              This font family consists of the following NFSS
(fontspec)             series/shapes:
(fontspec)              
(fontspec)             - 'normal' (m/n) with NFSS spec.: <->"name:DejaVu
(fontspec)             Sans:mode=node;script=latn;language=dflt;+tlig;"
(fontspec)             - 'bold' (b/n) with NFSS spec.: <->"name:DejaVu
(fontspec)             Sans/B:mode=node;script=latn;language=dflt;+tlig;"
(fontspec)             - 'italic' (m/it) with NFSS spec.: <->"name:DejaVu
(fontspec)             Sans/I:mode=node;script=latn;language=dflt;+tlig;"
(fontspec)             - 'bold italic' (b/it) with NFSS spec.: <->"name:DejaVu
(fontspec)             Sans/BI:mode=node;script=latn;language=dflt;+tlig;"


Package fontspec Info: 
(fontspec)             Could not resolve font "Noto Sans Mono/BI" (it probably
(fontspec)             doesn't exist).


Package fontspec Info: 
(fontspec)             Could not resolve font "Noto Sans Mono/I" (it probably
(fontspec)             doesn't exist).


Package fontspec Info: 
(fontspec)             Font family 'NotoSansMono(0)' created for font 'Noto
(fontspec)             Sans Mono' with options
(fontspec)             [Ligatures={TeX},Ligatures=ResetAll].
(fontspec)              
(fontspec)              This font family consists of the following NFSS
(fontspec)             series/shapes:
(fontspec)              
(fontspec)             - 'normal' (m/n) with NFSS spec.: <->"name:Noto Sans
(fontspec)             Mono:mode=node;script=latn;language=dflt;"
(fontspec)             - 'small caps'  (m/sc) with NFSS spec.: <->"name:Noto
(fontspec)             Sans Mono:mode=node;script=latn;language=dflt;+smcp;"
(fontspec)             - 'bold' (b/n) with NFSS spec.: <->"name:Noto Sans
(fontspec)             Mono/B:mode=node;script=latn;language=dflt;"
(fontspec)             - 'bold small caps'  (b/sc) with NFSS spec.:
(fontspec)             <->"name:Noto Sans
(fontspec)             Mono/B:mode=node;script=latn;language=dflt;+smcp;"


Package fontspec Info: 
(fontspec)             Could not resolve font "Noto Sans Symbols/BI" (it
(fontspec)             probably doesn't exist).


Package fontspec Info: 
(fontspec)             Could not resolve font "Noto Sans Symbols/I" (it
(fontspec)             probably doesn't exist).


Package fontspec Info: 
(fontspec)             Font family 'NotoSansSymbols(0)' created for font 'Noto
(fontspec)             Sans Symbols' with options
(fontspec)             [Ligatures={TeX},Ligatures=ResetAll].
(fontspec)              
(fontspec)              This font family consists of the following NFSS
(fontspec)             series/shapes:
(fontspec)              
(fontspec)             - 'normal' (m/n) with NFSS spec.: <->"name:Noto Sans
(fontspec)             Symbols:mode=node;script=latn;language=dflt;"
(fontspec)             - 'bold' (b/n) with NFSS spec.: <->"name:Noto Sans
(fontspec)             Symbols/B:mode=node;script=latn;language=dflt;"


Package fontspec Info: 
(fontspec)             Could not resolve font "Noto Sans Symbols 2/BI" (it
(fontspec)             probably doesn't exist).


Package fontspec Info: 
(fontspec)             Could not resolve font "Noto Sans Symbols 2/B" (it
(fontspec)             probably doesn't exist).


Package fontspec Info: 
(fontspec)             Could not resolve font "Noto Sans Symbols 2/I" (it
(fontspec)             probably doesn't exist).


Package fontspec Info: 
(fontspec)             Font family 'NotoSansSymbols2(0)' created for font
(fontspec)             'Noto Sans Symbols 2' with options
(fontspec)             [Ligatures={TeX},Ligatures=ResetAll].
(fontspec)              
(fontspec)              This font family consists of the following NFSS
(fontspec)             series/shapes:
(fontspec)              
(fontspec)             - 'normal' (m/n) with NFSS spec.: <->"name:Noto Sans
(fontspec)             Symbols 2:mode=node;script=DFLT;language=dflt;"


Package fontspec Info: 
(fontspec)             Could not resolve font "Noto Color Emoji/BI" (it
(fontspec)             probably doesn't exist).


Package fontspec Info: 
(fontspec)             Could not resolve font "Noto Color Emoji/B" (it
(fontspec)             probably doesn't exist).


Package fontspec Info: 
(fontspec)             Could not resolve font "Noto Color Emoji/I" (it
(fontspec)             probably doesn't exist).


Package fontspec Info: 
(fontspec)             Font family 'NotoColorEmoji(0)' created for font 'Noto
(fontspec)             Color Emoji' with options
(fontspec)             [Ligatures={TeX},Renderer=Harfbuzz].
(fontspec)              
(fontspec)              This font family consists of the following NFSS
(fontspec)             series/shapes:
(fontspec)              
(fontspec)             - 'normal' (m/n) with NFSS spec.: <->"name:Noto Color
(fontspec)             Emoji:mode=harf;script=DFLT;language=dflt;+tlig;"


(./unicode_blocks/U+1D00-U+1D7F-Phonetic-Extensions.tex)
(./unicode_blocks/U+2070-U+209F-Superscripts-and-Subscripts.tex)
(./unicode_blocks/U+2600-U+26FF-Miscellaneous-Symbols.tex)
(./unicode_blocks/U+2700-U+27BF-Dingbats.tex)
(./unicode_blocks/U+1F300-U+1F5FF-Miscellaneous-Symbols-and-Pictographs.tex)
(./lib/configure_listings.tex
\lstbreakbox=\box136

(/usr/local/texlive/2026/texmf-dist/tex/latex/listings/lstlang1.sty
File: lstlang1.sty 2025/11/14 1.11b listings language file
)
(/usr/local/texlive/2026/texmf-dist/tex/latex/listings/lstlang2.sty
File: lstlang2.sty 2025/11/14 1.11b listings language file
)
(/usr/local/texlive/2026/texmf-dist/tex/latex/listings/lstlang3.sty
File: lstlang3.sty 2025/11/14 1.11b listings language file
)
(/usr/local/texlive/2026/texmf-dist/tex/latex/listings/lstmisc.sty
File: lstmisc.sty 2025/11/14 1.11b (Carsten Heinz)
)
(/usr/local/texlive/2026/texmf-dist/tex/latex/listings/lstlang1.sty
File: lstlang1.sty 2025/11/14 1.11b listings language file
)
(/usr/local/texlive/2026/texmf-dist/tex/latex/listings/lstlang2.sty
File: lstlang2.sty 2025/11/14 1.11b listings language file
)
(/usr/local/texlive/2026/texmf-dist/tex/latex/listings/lstlang3.sty
File: lstlang3.sty 2025/11/14 1.11b listings language file
)
(/usr/local/texlive/2026/texmf-dist/tex/latex/listings/lstlang1.sty
File: lstlang1.sty 2025/11/14 1.11b listings language file
)
(/usr/local/texlive/2026/texmf-dist/tex/latex/listings/lstlang2.sty
File: lstlang2.sty 2025/11/14 1.11b listings language file
)
(/usr/local/texlive/2026/texmf-dist/tex/latex/listings/lstlang3.sty
File: lstlang3.sty 2025/11/14 1.11b listings language file
)
(/usr/local/texlive/2026/texmf-dist/tex/latex/listings/lstmisc.sty
File: lstmisc.sty 2025/11/14 1.11b (Carsten Heinz)
))
(/usr/local/texlive/2026/texmf-dist/tex/lualatex/luacode/luacode.sty
Package: luacode 2012/01/23 v1.2a lua-in-tex helpers (mpg)

(/usr/local/texlive/2026/texmf-dist/tex/luatex/luatexbase/luatexbase.sty
Package: luatexbase 2015/10/04 v1.3 luatexbase interface to LuaTeX 

(/usr/local/texlive/2026/texmf-dist/tex/luatex/ctablestack/ctablestack.sty
Package: ctablestack 2015/10/01 v1.0 Catcode table stable support
\@catcodetablestackcnt=\count639
)
\CatcodeTableOther=\catcodetable17
\CatcodeTableExpl=\catcodetable18
)
\luacode@lines=\toks77
\luacode@table@soft=\catcodetable19
)
(./kth/Lua_timestamping.tex
[2026-10-08 14:34:57] Compilation started) (./lib/ext-eprint-dbx.tex

LaTeX Info: File `ext-eprint.dbx' already exists on the system.
            Not generating it from this source.

) (./lib/check_for_placeholder_references.tex)
Package csquotes Info: Checking for multilingual support...
Package csquotes Info: ... found 'babel' package.
Package csquotes Info: Adjusting default style.
Package csquotes Info: Redefining alias 'default' -> 'english'.

(./artifacts/README_programmer_notes_Biber_and_BibLaTeX.aux
\g__glossaries_gls_ref_acronym_int=\count640
)
\openout1 = README_programmer_notes_Biber_and_BibLaTeX.aux

LaTeX Font Info:    Checking defaults for OML/cmm/m/it on input line 400.
LaTeX Font Info:    ... okay on input line 400.
LaTeX Font Info:    Checking defaults for OMS/cmsy/m/n on input line 400.
LaTeX Font Info:    ... okay on input line 400.
LaTeX Font Info:    Checking defaults for OT1/cmr/m/n on input line 400.
LaTeX Font Info:    ... okay on input line 400.
LaTeX Font Info:    Checking defaults for T1/cmr/m/n on input line 400.
LaTeX Font Info:    ... okay on input line 400.
LaTeX Font Info:    Checking defaults for TS1/cmr/m/n on input line 400.
LaTeX Font Info:    ... okay on input line 400.
LaTeX Font Info:    Checking defaults for TU/lmr/m/n on input line 400.
LaTeX Font Info:    ... okay on input line 400.
LaTeX Font Info:    Checking defaults for OMX/cmex/m/n on input line 400.
LaTeX Font Info:    ... okay on input line 400.
LaTeX Font Info:    Checking defaults for U/cmr/m/n on input line 400.
LaTeX Font Info:    ... okay on input line 400.
LaTeX Font Info:    Checking defaults for PD1/pdf/m/n on input line 400.
LaTeX Font Info:    ... okay on input line 400.
LaTeX Font Info:    Checking defaults for PU/pdf/m/n on input line 400.
LaTeX Font Info:    ... okay on input line 400.
Package caption Info: Begin \AtBeginDocument code.
Package caption Info: float package is loaded.
Package caption Info: hyperref package is loaded.
Package caption Info: listings package is loaded.
Package caption Info: longtable package is loaded.

(/usr/local/texlive/2026/texmf-dist/tex/latex/caption/ltcaption.sty
Package: ltcaption 2021/01/08 v1.4c longtable captions (AR)
)
Package caption Info: rotating package is loaded.
Package caption Info: supertabular package is loaded.
Package caption Info: End \AtBeginDocument code.

(/usr/local/texlive/2026/texmf-dist/tex/context/base/mkii/supp-pdf.mkii
[Loading MPS to PDF converter (version 2006.09.02).]
\scratchcounter=\count641
\scratchdimen=\dimen415
\scratchbox=\box137
\nofMPsegments=\count642
\nofMParguments=\count643
\everyMPshowfont=\toks78
\MPscratchCnt=\count644
\MPscratchDim=\dimen416
\MPnumerator=\count645
\makeMPintoPDFobject=\count646
\everyMPtoPDFconversion=\toks79
) (/usr/local/texlive/2026/texmf-dist/tex/latex/epstopdf-pkg/epstopdf-base.sty
Package: epstopdf-base 2020-01-24 v2.11 Base part for package epstopdf
Package epstopdf-base Info: Redefining graphics rule for `.eps' on input line 4
85.

(/usr/local/texlive/2026/texmf-dist/tex/latex/latexconfig/epstopdf-sys.cfg
File: epstopdf-sys.cfg 2010/07/13 v1.3 Configuration of (r)epstopdf for TeX Liv
e
))
(/usr/local/texlive/2026/texmf-dist/tex/latex/translations/translations-basic-d
ictionary-english.trsl
File: translations-basic-dictionary-english.trsl (english translation file `tra
nslations-basic-dictionary')
)
Package translations Info: loading dictionary `translations-basic-dictionary' f
or `english'. on input line 400.
\c@lstlisting=\count647

(/usr/local/texlive/2026/texmf-dist/tex/latex/pdflscape/pdflscape.sty
Package: pdflscape 2025-06-23 v0.14 Display of landscape pages in PDF

(/usr/local/texlive/2026/texmf-dist/tex/latex/pdflscape/pdflscape-nometadata.st
y
Package: pdflscape-nometadata 2025-06-23 v0.14 Display of landscape pages in PD
F (HO)
Package pdflscape Info: Auto-detected driver: pdftex on input line 81.
))
Package pgfplots notification 'compat/show suggested version=true': you might b
enefit from \pgfplotsset{compat=1.18} (current compat level: 1.12).

Package biblatex Info: Trying to load language 'english'...
Package biblatex Info: ... file 'english.lbx' found.
(/usr/local/texlive/2026/texmf-dist/tex/latex/biblatex/lbx/english.lbx
File: english.lbx 2026/09/24 v3.22a biblatex localization (PK/MW)
)
Package biblatex Info: Trying to load language 'swedish'...
Package biblatex Info: ... file 'swedish.lbx' found.

(/usr/local/texlive/2026/texmf-dist/tex/latex/biblatex/lbx/swedish.lbx
File: swedish.lbx 2026/09/24 v3.22a biblatex localization (PK/MW)
)
Package biblatex Info: Trying to load language 'latin'...
Package biblatex Info: ... file 'latin.lbx' found.

(./artifacts/latin.lbx
File: latin.lbx 2026/09/24 v3.22a biblatex localization (PK/MW)Latin localisati
on for biblatex
Package biblatex Info: Trying to load language 'english'...
Package biblatex Info: ... file 'english.lbx' found.

(/usr/local/texlive/2026/texmf-dist/tex/latex/biblatex/lbx/english.lbx
File: english.lbx 2026/09/24 v3.22a biblatex localization (PK/MW)
)
Package biblatex Info: Trying to load language 'english'...
Package biblatex Info: ... file 'english.lbx' found.

(/usr/local/texlive/2026/texmf-dist/tex/latex/biblatex/lbx/english.lbx
File: english.lbx 2026/09/24 v3.22a biblatex localization (PK/MW)
))
Package biblatex Info: LuaTeX detected.
(biblatex)             Assuming input encoding 'utf8'.
Package biblatex Info: Automatic encoding selection.
(biblatex)             Assuming data encoding 'utf8'.

\openout6 = README_programmer_notes_Biber_and_BibLaTeX.bcf
Package biblatex Info: Trying to load bibliographic data...
Package biblatex Info: ... file 'README_programmer_notes_Biber_and_BibLaTeX.bbl
' found.

(./artifacts/README_programmer_notes_Biber_and_BibLaTeX.bbl)
Package biblatex Info: Reference section=0 on input line 400.
Package biblatex Info: Reference segment=0 on input line 400.
Package hyperref Info: Link coloring OFF on input line 400.

(./artifacts/README_programmer_notes_Biber_and_BibLaTeX.out)
(./artifacts/README_programmer_notes_Biber_and_BibLaTeX.out)
\@outlinefile=\write7

\openout7 = README_programmer_notes_Biber_and_BibLaTeX.out
LaTeX Font Info:    Overwriting math alphabet `\mathrm' in version `normal'
(Font)                  TU/STIXTwoMath(1)/m/n --> TU/TeXGyreTermes(0)/m/n on in
put line 400.
LaTeX Font Info:    Overwriting math alphabet `\mathit' in version `normal'
(Font)                  OT1/cmr/m/it --> TU/TeXGyreTermes(0)/m/it on input line
 400.
LaTeX Font Info:    Overwriting math alphabet `\mathbf' in version `normal'
(Font)                  OT1/cmr/bx/n --> TU/TeXGyreTermes(0)/b/n on input line 
400.
LaTeX Font Info:    Overwriting math alphabet `\mathsf' in version `normal'
(Font)                  OT1/cmss/m/n --> TU/TeXGyreHeros(0)/m/n on input line 4
00.
LaTeX Font Info:    Overwriting math alphabet `\mathsf' in version `bold'
(Font)                  OT1/cmss/bx/n --> TU/TeXGyreHeros(0)/b/n on input line 
400.
LaTeX Font Info:    Overwriting math alphabet `\mathtt' in version `normal'
(Font)                  OT1/cmtt/m/n --> TU/TeXGyreCursor(0)/m/n on input line 
400.
LaTeX Font Info:    Overwriting math alphabet `\mathtt' in version `bold'
(Font)                  OT1/cmtt/m/n --> TU/TeXGyreCursor(0)/b/n on input line 
400.
Package babel Info: Main language set to 'english'.
Package hyperref Info: bookmark level for unknown todo defaults to 0 on input l
ine 405.

Underfull \hbox (badness 1418) in paragraph at lines 408--409
\TU/TeXGyreTermes(0)/m/n/10.95 en-tries, how to use this an-no-ta-tion for []Con
-tri-bu-tion Roles Tax-on-omy
 []


Underfull \hbox (badness 1389) in paragraph at lines 408--409
\TU/TeXGyreTermes(0)/m/n/10.95 (CReDiT) data, and gives some rec-om-men-da-tions
 for gen-er-at-ing fake
 []

[+0.610s] Shipping out page i [1

{/usr/local/texlive/2026/texmf-var/fonts/map/pdftex/updmap/pdftex.map}]
[+0.685s] Shipping out page ii
[2

] (./artifacts/README_programmer_notes_Biber_and_BibLaTeX.toc
Underfull \hbox (badness 1881) in paragraph at lines 20--20
 [][] [][]\TU/TeXGyreTermes(0)/m/n/12 Key An-a-lyt-i-cal Take-aways With Re-spec
t to In-cluded 
 []

)
\tf@toc=\write8

\openout8 = README_programmer_notes_Biber_and_BibLaTeX.toc
[+0.736s] Shipping out page iii [3]
[+0.762s] Shipping out page iv [4

]
Underfull \hbox (badness 2119) in paragraph at lines 439--440
[]\TU/TeXGyreTermes(0)/m/n/12 Re-view List-ing []1[] for the ‘“  au-thor+an
” syn-tax, and jump to
 []


Underfull \hbox (badness 2846) in paragraph at lines 448--449
[]\TU/TeXGyreTermes(0)/m/n/12 Skip to Sec-tion []2.11[] to un-der-stand how ex-t
er-nal tools like
 []


Overfull \hbox (41.21184pt too wide) in paragraph at lines 448--449
\TU/TeXGyreTermes(0)/m/n/12 “  \TU/TeXGyreCursor(0)/m/n/12 CReDiT_Matrix_Wizar
d.py\TU/TeXGyreTermes(0)/m/n/12 ” and “  \TU/TeXGyreCursor(0)/m/n/12 publica
tions_map.json\TU/TeXGyreTermes(0)/m/n/12 ”
 []


Underfull \hbox (badness 1874) in paragraph at lines 453--454
\TU/TeXGyreTermes(0)/b/n/12 Split-File Over-lay \TU/TeXGyreTermes(0)/m/n/12 
“  \TU/TeXGyreCursor(0)/m/n/12 references.bib\TU/TeXGyreTermes(0)/m/n/12 ” 
+ “  \TU/TeXGyreCursor(0)/m/n/12 references-
 []


Underfull \hbox (badness 10000) in paragraph at lines 459--459
[]\TU/TeXGyreTermes(0)/b/n/17.28 Us-ing Biber data an-no-ta-tions in BibLa-TeX
 []


Underfull \hbox (badness 2772) in paragraph at lines 462--463
\TU/TeXGyreTermes(0)/m/n/12 Biber’s data an-no-ta-tion syn-tax en-ables bib-li
-og-ra-phy en-tries to carry rich,
 []

[+0.822s] Shipping out page 1 [1]
Package hyperref Info: bookmark level for unknown lstlisting defaults to 0 on i
nput line 467.
[+0.889s] Shipping out page 2 [2]
Overfull \hbox (227.57925pt too wide) in paragraph at lines 499--499
[]\TU/TeXGyreCursor(0)/m/n/10.95 \texttt{\textbackslash haspartannotation[<field
>][<name>][<item>]\{<part>\}\{\dots\}\{\dots\}}[] 
 []


Overfull \hbox (109.3194pt too wide) in paragraph at lines 499--499
[]\TU/TeXGyreCursor(0)/m/n/10.95 \texttt{\textbackslash getpartannotation[<field
>][<name>][<item>]\{<part>\}}[] 
 []


Underfull \hbox (badness 1077) in paragraph at lines 522--522
\TU/TeXGyreTermes(0)/m/n/10 name. Sim-i-larly, the other parts of a name can be uti-lized: \TU/TeXGyreCursor(0)/m/n/10 \mkbibnameprefix \TU/TeXGyreTermes(0)/m/n/10 and
 []

[+1.109s] Shipping out page 3 [3]
Overfull \hbox (16.36794pt too wide) in paragraph at lines 525--527
[]\TU/TeXGyreTermes(0)/m/n/12 The two meth-ods dif-fer in their def-i-ni-tion of
 the \TU/TeXGyreCursor(0)/m/n/12 render_orcid_from_box()
 []


Overfull \hbox (25.8199pt too wide) in paragraph at lines 525--527
\TU/TeXGyreTermes(0)/m/n/12 or \TU/TeXGyreCursor(0)/m/n/12 render_orcid_clean() \TU/TeXGyreTermes(0)/m/n/12 Lua func-tion and their own \TU/TeXGyreCursor(0)/m/n/12 \renderorcidbadgeX
 []


Underfull \hbox (badness 4108) in paragraph at lines 529--530
\TU/TeXGyreTermes(0)/m/n/12 de-scends into nested hor-i-zon-tal and ver-ti-cal 
box lists (HLIST and
 []

\orcidbox=\box138
[+1.154s] Shipping out page 4 [4]

Package biblatex Warning: Unresolved placeholder reference 'doe2025collaborativ
e': Placeholder fake reference for use in examples.


Underfull \hbox (badness 1824) in paragraph at lines 619--622
[]\TU/TeXGyreTermes(0)/b/n/12 [\TU/TeXGyreTermes(0)/b/sc/12 U
 P-: \TU/TeXGyreTermes(0)/b/n/12 Place
-holder fake ref-er-ence for use in
 []


Underfull \hbox (badness 3219) in paragraph at lines 623--624
[]\TU/TeXGyreTermes(0)/m/n/12 Note that this ref-er-ence has a red warn-ing 
“  [Un-re-solved Place-holder:
 []


Underfull \hbox (badness 2197) in paragraph at lines 623--624
\TU/TeXGyreCursor(0)/m/n/12 dbx.tex \TU/TeXGyreTermes(0)/m/n/12 and re-al-ized 
by the check \TU/TeXGyreCursor(0)/m/n/12 \iffieldundef{placeholder}
 []


Underfull \hbox (badness 1152) in paragraph at lines 623--624
\TU/TeXGyreTermes(0)/m/n/12 in text, \TU/TeXGyreTermes(0)/m/it/12 e.g., \TU/TeX
GyreCursor(0)/m/n/12 \cite\TU/TeXGyreTermes(0)/m/n/12 , \TU/TeXGyreCursor(0)/m/
n/12 \parencite\TU/TeXGyreTermes(0)/m/n/12 , \TU/TeXGyreCursor(0)/m/n/12 \textci
te\TU/TeXGyreTermes(0)/m/n/12 , and \TU/TeXGyreCursor(0)/m/n/12 \fullcite\TU/Te
XGyreTermes(0)/m/n/12 ) and
 []


Overfull \hbox (52.91193pt too wide) in paragraph at lines 623--624
\TU/TeXGyreCursor(0)/m/n/12 \AtEveryBibitem \TU/TeXGyreTermes(0)/m/n/12 (ex-e-cu
tes in-side the bib-li-og-ra-phy list, \TU/TeXGyreTermes(0)/m/it/12 i.e., \TU/T
eXGyreCursor(0)/m/n/12 \printbibliography\TU/TeXGyreTermes(0)/m/n/12 ).
 []

[+1.301s] Shipping out page 5 [5]
Underfull \vbox (badness 10000) has occurred while \output is active []


Underfull \vbox (badness 10000) has occurred while \output is active []

[+1.410s] Shipping out page 6 [6]
\orcidbox=\box139


Package biblatex Warning: Unresolved placeholder reference 'doe2025collaborativ
e': Placeholder fake reference for use in examples.


Underfull \hbox (badness 1824) in paragraph at lines 799--801
[]\TU/TeXGyreTermes(0)/b/n/12 [\TU/TeXGyreTermes(0)/b/sc/12 U
 P-: \TU/TeXGyreTermes(0)/b/n/12 Place
-holder fake ref-er-ence for use in
 []

[+1.589s] Shipping out page 7 [7]
Underfull \vbox (badness 10000) has occurred while \output is active []


Underfull \vbox (badness 10000) has occurred while \output is active []

[+1.692s] Shipping out page 8 [8]
Underfull \hbox (badness 4819) in paragraph at lines 891--892
\TU/TeXGyreTermes(0)/m/n/12 Cur-rently, there are no hard-coded built-in key-wor
d an-no-ta-tions re-served
 []

[+1.802s] Shipping out page 9 [9]
Overfull \hbox (32.33856pt too wide) in paragraph at lines 905--925
 [][] 
 []

[+1.899s] Shipping out page 10 [10]
Underfull \vbox (badness 10000) has occurred while \output is active []


Underfull \vbox (badness 10000) has occurred while \output is active []

[+1.969s] Shipping out page 11 [11]
Underfull \hbox (badness 1107) in paragraph at lines 996--997
\TU/TeXGyreTermes(0)/m/n/12 dis-cards it-self when the scope closes, leav-ing th
e main the-sis bib-li-og-ra-phy
 []


Underfull \vbox (badness 10000) has occurred while \output is active []


Underfull \vbox (badness 10000) has occurred while \output is active []

[+2.062s] Shipping out page 12 [12]

Package biblatex Warning: Unresolved placeholder reference 'maguire2026pipeline
': Placeholder fake reference for use in examples.


Underfull \vbox (badness 10000) has occurred while \output is active []


Underfull \vbox (badness 10000) has occurred while \output is active []

[+2.172s] Shipping out page 13 [13]

Package biblatex Warning: Unresolved placeholder reference 'doe2025collaborativ
e': Placeholder fake reference for use in examples.


Overfull \hbox (257.57925pt too wide) in paragraph at lines 1104--1104
 []\TU/TeXGyreCursor(0)/m/n/10.95 \texttt{\textbackslash haspartannotation[<fiel
d>][<name>][<item>]\{<part>\}\{\dots\}\{\dots\}}[] 
 []


Overfull \hbox (139.3194pt too wide) in paragraph at lines 1104--1104
 []\TU/TeXGyreCursor(0)/m/n/10.95 \texttt{\textbackslash getpartannotation[<fiel
d>][<name>][<item>]\{<part>\}}[] 
 []

[+2.253s] Shipping out page 14 [14]
Overfull \hbox (20.67197pt too wide) in paragraph at lines 1112--1113
\TU/TeXGyreCursor(0)/m/n/12 finentry \TU/TeXGyreTermes(0)/m/n/12 be-fore the pa-
pers list and re-set it be-fore call-ing \TU/TeXGyreCursor(0)/m/n/12 \printbibli
ography\TU/TeXGyreTermes(0)/m/n/12 : 
 []


Overfull \hbox (2.21942pt too wide) in paragraph at lines 1149--1150
[]\TU/TeXGyreTermes(0)/m/sc/12 B\TU/TeXGyreTermes(0)/m/n/12 L[]T[]X pro-vi
des the au-thor in-dex con-text au-to-mat-i-cally via \TU/TeXGyreCursor(0)/m/n/
12 \currentname
 []

[+2.353s] Shipping out page 15 [15]
Underfull \vbox (badness 2478) has occurred while \output is active []


Underfull \vbox (badness 2478) has occurred while \output is active []

[+2.466s] Shipping out page 16 [16]
Overfull \hbox (47.93185pt too wide) in paragraph at lines 1217--1218
\TU/TeXGyreTermes(0)/m/n/12 side \TU/TeXGyreCursor(0)/m/n/12 \AtEveryBibitem\TU
/TeXGyreTermes(0)/m/n/12 , \TU/TeXGyreCursor(0)/m/n/12 \AtEveryCitekey\TU/TeXGy
reTermes(0)/m/n/12 , \TU/TeXGyreCursor(0)/m/n/12 \DeclareBibliographyDriver\TU/
TeXGyreTermes(0)/m/n/12 ,
 []

[+2.562s] Shipping out page 17 [17]
Overfull \hbox (70.49934pt too wide) in paragraph at lines 1245--1246
[]\TU/TeXGyreTermes(0)/m/n/12 More com-monly, \TU/TeXGyreTermes(0)/m/sc/12 B
\TU/TeXGyreTermes(0)/m/n/12 L[]T[]X pro-vides \TU/TeXGyreCursor(0)/m/n/12
 \entrydata{<entrykey>}{<code/macros>}\TU/TeXGyreTermes(0)/m/n/12 ,
 []


Underfull \hbox (badness 1024) in paragraph at lines 1245--1246
\TU/TeXGyreTermes(0)/m/n/12 which tem-porar-ily switches the cur-rent en-try con
-text to \TU/TeXGyreCursor(0)/m/n/12 <entrykey> \TU/TeXGyreTermes(0)/m/n/12 and
 []

[+2.700s] Shipping out page 18 [18]
Underfull \vbox (badness 10000) has occurred while \output is active []


Underfull \vbox (badness 10000) has occurred while \output is active []

[+2.816s] Shipping out page 19 [19]
Underfull \vbox (badness 10000) has occurred while \output is active []


Underfull \vbox (badness 10000) has occurred while \output is active []

[+2.945s] Shipping out page 20 [20]
Underfull \vbox (badness 7649) has occurred while \output is active []


Underfull \vbox (badness 7649) has occurred while \output is active []

[+3.045s] Shipping out page 21 [21]
(/usr/local/texlive/2026/texmf-dist/tex/generic/babel/locale/sv/babel-swedish.t
ex)
Package babel Info: Importing data for 'swedish'
(babel)             from babel-sv.ini. Reported on input line 1396.

Package fontspec Info: 
(fontspec)             Language 'Swedish' not explicitly supported within font
(fontspec)             'TeX Gyre Termes' with script 'Latin'. Check the
(fontspec)             typeset output, and if it is okay then ignore this
(fontspec)             warning. Otherwise a different font should be chosen.


Package fontspec Info: 
(fontspec)             Font family 'TeXGyreTermes(1)' created for font 'TeX
(fontspec)             Gyre Termes' with options
(fontspec)             [Ligatures={TeX},Ligatures=TeX,Script=Latin,Language=Swe
dish,RawFeature={family=rm}].
(fontspec)              
(fontspec)              This font family consists of the following NFSS
(fontspec)             series/shapes:
(fontspec)              
(fontspec)             - 'normal' (m/n) with NFSS spec.: <->"name:TeX Gyre
(fontspec)             Termes:mode=node;script=latn;language=SVE;+tlig;family=r
m;"
(fontspec)             - 'small caps'  (m/sc) with NFSS spec.: <->"name:TeX
(fontspec)             Gyre
(fontspec)             Termes:mode=node;script=latn;language=SVE;+tlig;family=r
m;+smcp;"
(fontspec)             - 'bold' (b/n) with NFSS spec.: <->"name:TeX Gyre
(fontspec)             Termes/B:mode=node;script=latn;language=SVE;+tlig;family
=rm;"
(fontspec)             - 'bold small caps'  (b/sc) with NFSS spec.:
(fontspec)             <->"name:TeX Gyre
(fontspec)             Termes/B:mode=node;script=latn;language=SVE;+tlig;family
=rm;+smcp;"
(fontspec)             - 'italic' (m/it) with NFSS spec.: <->"name:TeX Gyre
(fontspec)             Termes/I:mode=node;script=latn;language=SVE;+tlig;family
=rm;"
(fontspec)             - 'italic small caps'  (m/scit) with NFSS spec.:
(fontspec)             <->"name:TeX Gyre
(fontspec)             Termes/I:mode=node;script=latn;language=SVE;+tlig;family
=rm;+smcp;"
(fontspec)             - 'bold italic' (b/it) with NFSS spec.: <->"name:TeX
(fontspec)             Gyre
(fontspec)             Termes/BI:mode=node;script=latn;language=SVE;+tlig;famil
y=rm;"
(fontspec)             - 'bold italic small caps'  (b/scit) with NFSS spec.:
(fontspec)             <->"name:TeX Gyre
(fontspec)             Termes/BI:mode=node;script=latn;language=SVE;+tlig;famil
y=rm;+smcp;"


Package fontspec Info: 
(fontspec)             Language 'Swedish' not explicitly supported within font
(fontspec)             'TeX Gyre Heros' with script 'Latin'. Check the typeset
(fontspec)             output, and if it is okay then ignore this warning.
(fontspec)             Otherwise a different font should be chosen.


Package fontspec Info: 
(fontspec)             Font family 'TeXGyreHeros(1)' created for font 'TeX
(fontspec)             Gyre Heros' with options
(fontspec)             [Ligatures={TeX},Ligatures=TeX,Script=Latin,Language=Swe
dish,RawFeature={family=sf}].
(fontspec)              
(fontspec)              This font family consists of the following NFSS
(fontspec)             series/shapes:
(fontspec)              
(fontspec)             - 'normal' (m/n) with NFSS spec.: <->"name:TeX Gyre
(fontspec)             Heros:mode=node;script=latn;language=SVE;+tlig;family=sf
;"
(fontspec)             - 'small caps'  (m/sc) with NFSS spec.: <->"name:TeX
(fontspec)             Gyre
(fontspec)             Heros:mode=node;script=latn;language=SVE;+tlig;family=sf
;+smcp;"
(fontspec)             - 'bold' (b/n) with NFSS spec.: <->"name:TeX Gyre
(fontspec)             Heros/B:mode=node;script=latn;language=SVE;+tlig;family=
sf;"
(fontspec)             - 'bold small caps'  (b/sc) with NFSS spec.:
(fontspec)             <->"name:TeX Gyre
(fontspec)             Heros/B:mode=node;script=latn;language=SVE;+tlig;family=
sf;+smcp;"
(fontspec)             - 'italic' (m/it) with NFSS spec.: <->"name:TeX Gyre
(fontspec)             Heros/I:mode=node;script=latn;language=SVE;+tlig;family=
sf;"
(fontspec)             - 'italic small caps'  (m/scit) with NFSS spec.:
(fontspec)             <->"name:TeX Gyre
(fontspec)             Heros/I:mode=node;script=latn;language=SVE;+tlig;family=
sf;+smcp;"
(fontspec)             - 'bold italic' (b/it) with NFSS spec.: <->"name:TeX
(fontspec)             Gyre
(fontspec)             Heros/BI:mode=node;script=latn;language=SVE;+tlig;family
=sf;"
(fontspec)             - 'bold italic small caps'  (b/scit) with NFSS spec.:
(fontspec)             <->"name:TeX Gyre
(fontspec)             Heros/BI:mode=node;script=latn;language=SVE;+tlig;family
=sf;+smcp;"


Package fontspec Info: 
(fontspec)             Language 'Swedish' not explicitly supported within font
(fontspec)             'TeX Gyre Cursor' with script 'Latin'. Check the
(fontspec)             typeset output, and if it is okay then ignore this
(fontspec)             warning. Otherwise a different font should be chosen.


Package fontspec Info: 
(fontspec)             Font family 'TeXGyreCursor(1)' created for font 'TeX
(fontspec)             Gyre Cursor' with options
(fontspec)             [Ligatures={TeX},WordSpace={1,0,0},HyphenChar=None,Punct
uationSpace=WordSpace,Script=Latin,Language=Swedish,RawFeature={family=tt},Liga
tures={NoCommon,
(fontspec)             NoRequired, NoContextual}].
(fontspec)              
(fontspec)              This font family consists of the following NFSS
(fontspec)             series/shapes:
(fontspec)              
(fontspec)             - 'normal' (m/n) with NFSS spec.: <->"name:TeX Gyre
(fontspec)             Cursor:mode=node;script=latn;language=SVE;+tlig;family=t
t;-liga;-rlig;-clig;"
(fontspec)             - 'small caps'  (m/sc) with NFSS spec.: <->"name:TeX
(fontspec)             Gyre
(fontspec)             Cursor:mode=node;script=latn;language=SVE;+tlig;family=t
t;-liga;-rlig;-clig;+smcp;"
(fontspec)             and font adjustment code:
(fontspec)             \fontdimen 2\font =1\fontdimen 2\font \fontdimen 3\font
(fontspec)             =0\fontdimen 3\font \fontdimen 4\font =0\fontdimen
(fontspec)             4\font \fontdimen 7\font =0\fontdimen 2\font
(fontspec)             \tex_hyphenchar:D \font =-1\scan_stop: 
(fontspec)             - 'bold' (b/n) with NFSS spec.: <->"name:TeX Gyre
(fontspec)             Cursor/B:mode=node;script=latn;language=SVE;+tlig;family
=tt;-liga;-rlig;-clig;"
(fontspec)             - 'bold small caps'  (b/sc) with NFSS spec.:
(fontspec)             <->"name:TeX Gyre
(fontspec)             Cursor/B:mode=node;script=latn;language=SVE;+tlig;family
=tt;-liga;-rlig;-clig;+smcp;"
(fontspec)             and font adjustment code:
(fontspec)             \fontdimen 2\font =1\fontdimen 2\font \fontdimen 3\font
(fontspec)             =0\fontdimen 3\font \fontdimen 4\font =0\fontdimen
(fontspec)             4\font \fontdimen 7\font =0\fontdimen 2\font
(fontspec)             \tex_hyphenchar:D \font =-1\scan_stop: 
(fontspec)             - 'italic' (m/it) with NFSS spec.: <->"name:TeX Gyre
(fontspec)             Cursor/I:mode=node;script=latn;language=SVE;+tlig;family
=tt;-liga;-rlig;-clig;"
(fontspec)             - 'italic small caps'  (m/scit) with NFSS spec.:
(fontspec)             <->"name:TeX Gyre
(fontspec)             Cursor/I:mode=node;script=latn;language=SVE;+tlig;family
=tt;-liga;-rlig;-clig;+smcp;"
(fontspec)             and font adjustment code:
(fontspec)             \fontdimen 2\font =1\fontdimen 2\font \fontdimen 3\font
(fontspec)             =0\fontdimen 3\font \fontdimen 4\font =0\fontdimen
(fontspec)             4\font \fontdimen 7\font =0\fontdimen 2\font
(fontspec)             \tex_hyphenchar:D \font =-1\scan_stop: 
(fontspec)             - 'bold italic' (b/it) with NFSS spec.: <->"name:TeX
(fontspec)             Gyre
(fontspec)             Cursor/BI:mode=node;script=latn;language=SVE;+tlig;famil
y=tt;-liga;-rlig;-clig;"
(fontspec)             - 'bold italic small caps'  (b/scit) with NFSS spec.:
(fontspec)             <->"name:TeX Gyre
(fontspec)             Cursor/BI:mode=node;script=latn;language=SVE;+tlig;famil
y=tt;-liga;-rlig;-clig;+smcp;"
(fontspec)             and font adjustment code:
(fontspec)             \fontdimen 2\font =1\fontdimen 2\font \fontdimen 3\font
(fontspec)             =0\fontdimen 3\font \fontdimen 4\font =0\fontdimen
(fontspec)             4\font \fontdimen 7\font =0\fontdimen 2\font
(fontspec)             \tex_hyphenchar:D \font =-1\scan_stop: 


(/usr/local/texlive/2026/texmf-dist/tex/generic/hyph-utf8/loadhyph/loadhyph-sv.
tex UTF-8 Swedish hyphenation patterns
(/usr/local/texlive/2026/texmf-dist/tex/generic/hyph-utf8/patterns/tex/hyph-sv.
tex))
Overfull \hbox (1.46783pt too wide) in paragraph at lines 1418--1419
\TU/TeXGyreCursor(0)/m/n/12 \hasentryannotation{included} \TU/TeXGyreTermes(0)/
m/n/12 in-side \TU/TeXGyreCursor(0)/m/n/12 \defbibfilter
 []

[+3.358s] Shipping out page 22 [22]
Underfull \hbox (badness 1281) in paragraph at lines 1424--1425
[]\TU/TeXGyreTermes(0)/m/n/12 For co-authored pa-pers, eval-u-at-ing com-mit-tee
s of-ten need to con-firm
 []


Overfull \hbox (11.46397pt too wide) in paragraph at lines 1441--1442
[]\TU/TeXGyreTermes(0)/m/n/12 The Python pipeline can in-spect \TU/TeXGyreCurso
r(0)/m/n/12 affiliation
 []


Underfull \hbox (badness 4634) in paragraph at lines 1441--1442
\TU/TeXGyreTermes(0)/m/n/12 and \TU/TeXGyreCursor(0)/m/n/12 org \TU/TeXGyreTerm
es(0)/m/n/12 to con-struct \TU/TeXGyreCursor(0)/m/n/12 <affiliation> \TU/TeXGyr
eTermes(0)/m/n/12 and cor-po-rate name
 []


Underfull \hbox (badness 1748) in paragraph at lines 1444--1445
[]\TU/TeXGyreTermes(0)/m/n/12 While foot-notes or mark-ers to iden-tify au-thors
 be-long-ing to spe-cific
 []

[+3.455s] Shipping out page 23 [23]
Underfull \vbox (badness 10000) has occurred while \output is active []


Underfull \vbox (badness 10000) has occurred while \output is active []

[+3.521s] Shipping out page 24 [24]
Underfull \hbox (badness 1484) in paragraph at lines 1485--1486
[]\TU/TeXGyreTermes(0)/m/n/12 Field an-no-ta-tions on ‘eprint‘ or ‘url
‘ al-low cus-tom
 []


Underfull \hbox (badness 2221) in paragraph at lines 1485--1486
\TU/TeXGyreTermes(0)/m/n/12 icon, GitHub repos-i-tory badge, or ACM Re-pro-ducib
il-ity Seals)
 []


Underfull \vbox (badness 10000) has occurred while \output is active []


Underfull \vbox (badness 10000) has occurred while \output is active []

[+3.583s] Shipping out page 25 [25]
Underfull \hbox (badness 1067) in paragraph at lines 1506--1507
\TU/TeXGyreTermes(0)/b/n/12 cepted for pub-li-ca-tion, Aug 2026)” \TU/TeXGyre
Termes(0)/m/n/12 or \TU/TeXGyreTermes(0)/b/n/12 ”(Un-der peer re-view)”
 []


Underfull \hbox (badness 1184) in paragraph at lines 1508--1509
[]\TU/TeXGyreTermes(0)/m/n/12 Build hooks can emit com-piler warn-ings if a
 []

Package mdframed Info: mdframed works in twoside mode on input line 1520.
\pydata@fh@0=\write9

\openout9 = _6CDED61AE83A49502E1D431EC5E0E896.data.minted
runsystem(latexminted config  --timestamp 20261008143450Z 6CDED61AE83A49502E1D43
1EC5E0E896)...executed.
(./artifacts/_6CDED61AE83A49502E1D431EC5E0E896.config.minted)
runsystem(latexminted cleanconfig  --timestamp 20261008143450Z 6CDED61AE83A49502
E1D431EC5E0E896)...executed.

(./artifacts/_minted/default.style.minted)
(./artifacts/_minted/11430943FB9FC51FA2EB53D0F7A7290E.highlight.minted)
Package mdframed Info: mdframed inside float 
 mdframed uses option nobreak mdframed on input line 1527.
Package mdframed Info: mdframed inside a box 
 mdframed uses option nobreak mdframed on input line 1527.
Package hyperref Info: bookmark level for unknown listing defaults to 0 on inpu
t line 1528.
[+3.782s] Shipping out page 26
[26]
Package mdframed Info: mdframed works in twoside mode on input line 1536.
 (./artifacts/_minted/EC7525452F7BE2BBEB3474FE8C5FBE75.highlight.minted)
Package mdframed Info: mdframed inside float 
 mdframed uses option nobreak mdframed on input line 1543.
Package mdframed Info: mdframed inside a box 
 mdframed uses option nobreak mdframed on input line 1543.
Package mdframed Info: mdframed works in twoside mode on input line 1552.

(./artifacts/_minted/B2ACEB98D34EAFC6AE625F19D6E44AC3.highlight.minted)
Package mdframed Info: mdframed inside float 
 mdframed uses option nobreak mdframed on input line 1560.
Package mdframed Info: mdframed inside a box 
 mdframed uses option nobreak mdframed on input line 1560.
[+4.039s] Shipping out page 27
[27]
Underfull \hbox (badness 1097) in paragraph at lines 1578--1579
[]\TU/TeXGyreTermes(0)/m/n/12 It does not parse the sub-properties (‘1:or-
 []


Underfull \hbox (badness 4819) in paragraph at lines 1578--1579
\TU/TeXGyreTermes(0)/m/n/12 cid=”...”;‘) into []Geraph-i-cal User In-ter-f
ace
 []


Underfull \hbox (badness 1199) in paragraph at lines 1578--1579
\TU/TeXGyreTermes(0)/m/n/12 (GUI) check-boxes, cre-ator cards, or linked
 []

[+4.087s] Shipping out page 28 [28]
Underfull \hbox (badness 1831) in paragraph at lines 1587--1588
\TU/TeXGyreTermes(0)/m/n/12 ex-port un-less an ex-ter-nal layer like Bet-ter
 []


Underfull \hbox (badness 1442) in paragraph at lines 1593--1594
\TU/TeXGyreTermes(0)/m/n/12 (\TU/TeXGyreCursor(0)/m/n/12 author\TU/TeXGyreTerme
s(0)/m/n/12 , \TU/TeXGyreCursor(0)/m/n/12 title\TU/TeXGyreTermes(0)/m/n/12 , \T
U/TeXGyreCursor(0)/m/n/12 journal\TU/TeXGyreTermes(0)/m/n/12 , \TU/TeXGyreTerme
s(0)/m/it/12 etc.\TU/TeXGyreTermes(0)/m/n/12 ). Un-
 []


Underfull \hbox (badness 2460) in paragraph at lines 1593--1594
\TU/TeXGyreTermes(0)/m/n/12 san-i-tized away or con-verted to mal-formed
 []


Underfull \hbox (badness 2486) in paragraph at lines 1600--1601
[]\TU/TeXGyreTermes(0)/m/n/12 Be-cause ref-er-ence man-agers lag be-hind \TU/Te
XGyreCursor(0)/m/n/12 biber\TU/TeXGyreTermes(0)/m/n/12 ’s ad-vanced data-model

 []


Underfull \hbox (badness 1546) in paragraph at lines 1605--1606
\TU/TeXGyreTermes(0)/m/n/12 and GitHub Ac-tions) as the pipeline that pro-gram-m
at-i-cally dec-o-rates
 []

[+4.149s] Shipping out page 29 [29]
Underfull \hbox (badness 1199) in paragraph at lines 1620--1621
[]\TU/TeXGyreTermes(0)/m/n/12 Such an over-lay or split-file ar-chi-tec-ture (\
TU/TeXGyreCursor(0)/m/n/12 references.bib \TU/TeXGyreTermes(0)/m/n/12 along-side

 []


Overfull \hbox (8.07196pt too wide) in paragraph at lines 1624--1626
[]\TU/TeXGyreTermes(0)/m/n/12 Un-der the split-file over-lay ar-chi-tec-ture (\
TU/TeXGyreCursor(0)/m/n/12 references.bib \TU/TeXGyreTermes(0)/m/n/12 + \TU/TeX
GyreCursor(0)/m/n/12 references-
 []


Underfull \hbox (badness 2134) in paragraph at lines 1624--1626
\TU/TeXGyreTermes(0)/m/n/12 se-man-tic meta-data across sev-eral dis-tinct bib-l
i-o-graphic di-men-sions with-out
 []

[+4.202s] Shipping out page 30 [30]
Underfull \hbox (badness 1005) in paragraph at lines 1657--1658
[]\TU/TeXGyreTermes(0)/m/n/12 Aca-demic re-port-ing in-creas-ingly re-quires tra
ck-ing jour-nal
 []


Underfull \hbox (badness 2653) in paragraph at lines 1657--1658
\TU/TeXGyreTermes(0)/m/n/12 quar-tiles (Q1/Q2), Sco-pus/Web of Sci-ence in-dex-i
ng, or
 []

[+4.276s] Shipping out page 31 [31]
Underfull \hbox (badness 1275) in paragraph at lines 1672--1673
\TU/TeXGyreTermes(0)/m/n/12 (\TU/TeXGyreTermes(0)/m/it/12 e.g., \TU/TeXGyreTerm
es(0)/m/n/12 VR, Vin-nova, EU Hori-zon Eu-rope) where spe-cific
 []


(/usr/local/texlive/2026/texmf-dist/tex/generic/babel/locale/la/babel-latin.tex
)
Package babel Info: Importing data for 'latin'
(babel)             from babel-la.ini. Reported on input line 1684.

Package fontspec Info: 
(fontspec)             Language 'Latin' not explicitly supported within font
(fontspec)             'TeX Gyre Termes' with script 'Latin'. Check the
(fontspec)             typeset output, and if it is okay then ignore this
(fontspec)             warning. Otherwise a different font should be chosen.


Package fontspec Info: 
(fontspec)             Font family 'TeXGyreTermes(2)' created for font 'TeX
(fontspec)             Gyre Termes' with options
(fontspec)             [Ligatures={TeX},Ligatures=TeX,Script=Latin,Language=Lat
in,RawFeature={family=rm}].
(fontspec)              
(fontspec)              This font family consists of the following NFSS
(fontspec)             series/shapes:
(fontspec)              
(fontspec)             - 'normal' (m/n) with NFSS spec.: <->"name:TeX Gyre
(fontspec)             Termes:mode=node;script=latn;language=LAT;+tlig;family=r
m;"
(fontspec)             - 'small caps'  (m/sc) with NFSS spec.: <->"name:TeX
(fontspec)             Gyre
(fontspec)             Termes:mode=node;script=latn;language=LAT;+tlig;family=r
m;+smcp;"
(fontspec)             - 'bold' (b/n) with NFSS spec.: <->"name:TeX Gyre
(fontspec)             Termes/B:mode=node;script=latn;language=LAT;+tlig;family
=rm;"
(fontspec)             - 'bold small caps'  (b/sc) with NFSS spec.:
(fontspec)             <->"name:TeX Gyre
(fontspec)             Termes/B:mode=node;script=latn;language=LAT;+tlig;family
=rm;+smcp;"
(fontspec)             - 'italic' (m/it) with NFSS spec.: <->"name:TeX Gyre
(fontspec)             Termes/I:mode=node;script=latn;language=LAT;+tlig;family
=rm;"
(fontspec)             - 'italic small caps'  (m/scit) with NFSS spec.:
(fontspec)             <->"name:TeX Gyre
(fontspec)             Termes/I:mode=node;script=latn;language=LAT;+tlig;family
=rm;+smcp;"
(fontspec)             - 'bold italic' (b/it) with NFSS spec.: <->"name:TeX
(fontspec)             Gyre
(fontspec)             Termes/BI:mode=node;script=latn;language=LAT;+tlig;famil
y=rm;"
(fontspec)             - 'bold italic small caps'  (b/scit) with NFSS spec.:
(fontspec)             <->"name:TeX Gyre
(fontspec)             Termes/BI:mode=node;script=latn;language=LAT;+tlig;famil
y=rm;+smcp;"


Package fontspec Info: 
(fontspec)             Language 'Latin' not explicitly supported within font
(fontspec)             'TeX Gyre Heros' with script 'Latin'. Check the typeset
(fontspec)             output, and if it is okay then ignore this warning.
(fontspec)             Otherwise a different font should be chosen.


Package fontspec Info: 
(fontspec)             Font family 'TeXGyreHeros(2)' created for font 'TeX
(fontspec)             Gyre Heros' with options
(fontspec)             [Ligatures={TeX},Ligatures=TeX,Script=Latin,Language=Lat
in,RawFeature={family=sf}].
(fontspec)              
(fontspec)              This font family consists of the following NFSS
(fontspec)             series/shapes:
(fontspec)              
(fontspec)             - 'normal' (m/n) with NFSS spec.: <->"name:TeX Gyre
(fontspec)             Heros:mode=node;script=latn;language=LAT;+tlig;family=sf
;"
(fontspec)             - 'small caps'  (m/sc) with NFSS spec.: <->"name:TeX
(fontspec)             Gyre
(fontspec)             Heros:mode=node;script=latn;language=LAT;+tlig;family=sf
;+smcp;"
(fontspec)             - 'bold' (b/n) with NFSS spec.: <->"name:TeX Gyre
(fontspec)             Heros/B:mode=node;script=latn;language=LAT;+tlig;family=
sf;"
(fontspec)             - 'bold small caps'  (b/sc) with NFSS spec.:
(fontspec)             <->"name:TeX Gyre
(fontspec)             Heros/B:mode=node;script=latn;language=LAT;+tlig;family=
sf;+smcp;"
(fontspec)             - 'italic' (m/it) with NFSS spec.: <->"name:TeX Gyre
(fontspec)             Heros/I:mode=node;script=latn;language=LAT;+tlig;family=
sf;"
(fontspec)             - 'italic small caps'  (m/scit) with NFSS spec.:
(fontspec)             <->"name:TeX Gyre
(fontspec)             Heros/I:mode=node;script=latn;language=LAT;+tlig;family=
sf;+smcp;"
(fontspec)             - 'bold italic' (b/it) with NFSS spec.: <->"name:TeX
(fontspec)             Gyre
(fontspec)             Heros/BI:mode=node;script=latn;language=LAT;+tlig;family
=sf;"
(fontspec)             - 'bold italic small caps'  (b/scit) with NFSS spec.:
(fontspec)             <->"name:TeX Gyre
(fontspec)             Heros/BI:mode=node;script=latn;language=LAT;+tlig;family
=sf;+smcp;"


Package fontspec Info: 
(fontspec)             Language 'Latin' not explicitly supported within font
(fontspec)             'TeX Gyre Cursor' with script 'Latin'. Check the
(fontspec)             typeset output, and if it is okay then ignore this
(fontspec)             warning. Otherwise a different font should be chosen.


Package fontspec Info: 
(fontspec)             Font family 'TeXGyreCursor(2)' created for font 'TeX
(fontspec)             Gyre Cursor' with options
(fontspec)             [Ligatures={TeX},WordSpace={1,0,0},HyphenChar=None,Punct
uationSpace=WordSpace,Script=Latin,Language=Latin,RawFeature={family=tt},Ligatu
res={NoCommon,
(fontspec)             NoRequired, NoContextual}].
(fontspec)              
(fontspec)              This font family consists of the following NFSS
(fontspec)             series/shapes:
(fontspec)              
(fontspec)             - 'normal' (m/n) with NFSS spec.: <->"name:TeX Gyre
(fontspec)             Cursor:mode=node;script=latn;language=LAT;+tlig;family=t
t;-liga;-rlig;-clig;"
(fontspec)             - 'small caps'  (m/sc) with NFSS spec.: <->"name:TeX
(fontspec)             Gyre
(fontspec)             Cursor:mode=node;script=latn;language=LAT;+tlig;family=t
t;-liga;-rlig;-clig;+smcp;"
(fontspec)             and font adjustment code:
(fontspec)             \fontdimen 2\font =1\fontdimen 2\font \fontdimen 3\font
(fontspec)             =0\fontdimen 3\font \fontdimen 4\font =0\fontdimen
(fontspec)             4\font \fontdimen 7\font =0\fontdimen 2\font
(fontspec)             \tex_hyphenchar:D \font =-1\scan_stop: 
(fontspec)             - 'bold' (b/n) with NFSS spec.: <->"name:TeX Gyre
(fontspec)             Cursor/B:mode=node;script=latn;language=LAT;+tlig;family
=tt;-liga;-rlig;-clig;"
(fontspec)             - 'bold small caps'  (b/sc) with NFSS spec.:
(fontspec)             <->"name:TeX Gyre
(fontspec)             Cursor/B:mode=node;script=latn;language=LAT;+tlig;family
=tt;-liga;-rlig;-clig;+smcp;"
(fontspec)             and font adjustment code:
(fontspec)             \fontdimen 2\font =1\fontdimen 2\font \fontdimen 3\font
(fontspec)             =0\fontdimen 3\font \fontdimen 4\font =0\fontdimen
(fontspec)             4\font \fontdimen 7\font =0\fontdimen 2\font
(fontspec)             \tex_hyphenchar:D \font =-1\scan_stop: 
(fontspec)             - 'italic' (m/it) with NFSS spec.: <->"name:TeX Gyre
(fontspec)             Cursor/I:mode=node;script=latn;language=LAT;+tlig;family
=tt;-liga;-rlig;-clig;"
(fontspec)             - 'italic small caps'  (m/scit) with NFSS spec.:
(fontspec)             <->"name:TeX Gyre
(fontspec)             Cursor/I:mode=node;script=latn;language=LAT;+tlig;family
=tt;-liga;-rlig;-clig;+smcp;"
(fontspec)             and font adjustment code:
(fontspec)             \fontdimen 2\font =1\fontdimen 2\font \fontdimen 3\font
(fontspec)             =0\fontdimen 3\font \fontdimen 4\font =0\fontdimen
(fontspec)             4\font \fontdimen 7\font =0\fontdimen 2\font
(fontspec)             \tex_hyphenchar:D \font =-1\scan_stop: 
(fontspec)             - 'bold italic' (b/it) with NFSS spec.: <->"name:TeX
(fontspec)             Gyre
(fontspec)             Cursor/BI:mode=node;script=latn;language=LAT;+tlig;famil
y=tt;-liga;-rlig;-clig;"
(fontspec)             - 'bold italic small caps'  (b/scit) with NFSS spec.:
(fontspec)             <->"name:TeX Gyre
(fontspec)             Cursor/BI:mode=node;script=latn;language=LAT;+tlig;famil
y=tt;-liga;-rlig;-clig;+smcp;"
(fontspec)             and font adjustment code:
(fontspec)             \fontdimen 2\font =1\fontdimen 2\font \fontdimen 3\font
(fontspec)             =0\fontdimen 3\font \fontdimen 4\font =0\fontdimen
(fontspec)             4\font \fontdimen 7\font =0\fontdimen 2\font
(fontspec)             \tex_hyphenchar:D \font =-1\scan_stop: 


(/usr/local/texlive/2026/texmf-dist/tex/generic/hyph-utf8/loadhyph/loadhyph-la.
tex UTF-8 Latin hyphenation patterns
(/usr/local/texlive/2026/texmf-dist/tex/generic/hyph-utf8/patterns/tex/hyph-la.
tex))
Underfull \hbox (badness 1424) in paragraph at lines 1684--1685
[]\TU/TeXGyreTermes(0)/m/n/12 Long-lived lit-er-a-ture repos-i-to-ries oc-ca-sio
n-ally con-tain re-
 []

[+4.572s] Shipping out page 32 [32]
Underfull \hbox (badness 1377) in paragraph at lines 1695--1696
\TU/TeXGyreTermes(0)/m/n/12 (or other source of re-trac-tions) and in-ject warn-
ings into
 []


Underfull \hbox (badness 1231) in paragraph at lines 1710--1711
[]\TU/TeXGyreTermes(0)/m/n/12 Cus-tom for-mat-ting drivers can switch be-tween 
language-
 []


Underfull \hbox (badness 2027) in paragraph at lines 1714--1715
\TU/TeXGyreTermes(0)/m/n/12 iso-lat-ing these an-no-ta-tions in-side \TU/TeXGyr
eCursor(0)/m/n/12 references-annotations.bib \TU/TeXGyreTermes(0)/m/n/12 and
 []


Underfull \hbox (badness 1158) in paragraph at lines 1714--1715
\TU/TeXGyreTermes(0)/m/n/12 merg-ing them via Python guar-an-tees that ex-tended
 prove-nance, venue, and
 []

[+4.658s] Shipping out page 33 [33]
Underfull \hbox (badness 1360) in paragraph at lines 1723--1724
\TU/TeXGyreTermes(0)/m/n/12 In the cur-rent work-flow, in-clu-sion (\TU/TeXGyre
Cursor(0)/m/n/12 status: ”included”\TU/TeXGyreTermes(0)/m/n/12 ), la-bel
 []


Underfull \hbox (badness 2359) in paragraph at lines 1723--1724
\TU/TeXGyreTermes(0)/m/n/12 bib-li-o-graphic facts (which be-long in \TU/TeXGyr
eCursor(0)/m/n/12 references.bib\TU/TeXGyreTermes(0)/m/n/12 ) from the
 []


Overfull \hbox (40.29668pt too wide) in paragraph at lines 1727--1728
\TU/TeXGyreTermes(0)/m/n/12 pipeline, the GitHub Ac-tion gen-er-ates \TU/TeXGyr
eCursor(0)/m/n/12 lib/publications_generated.tex
 []


Overfull \hbox (5.60863pt too wide) in paragraph at lines 1727--1728
\TU/TeXGyreTermes(0)/m/n/12 and \TU/TeXGyreCursor(0)/m/n/12 lib/publications_div
iders_generated.tex \TU/TeXGyreTermes(0)/m/n/12 dy-nam-i-cally
 []


Underfull \hbox (badness 1735) in paragraph at lines 1748--1749
\TU/TeXGyreTermes(0)/m/n/12 Bib-TeX string quickly be-comes un-wieldy. Gen-er-at
-ing a stan-dalone
 []


Underfull \hbox (badness 4366) in paragraph at lines 1748--1749
\TU/TeXGyreCursor(0)/m/n/12 lib/thesis_contributions_generated.tex \TU/TeXGyreT
ermes(0)/m/n/12 file keeps the
 []

[+4.731s] Shipping out page 34 [34]
Underfull \vbox (badness 10000) has occurred while \output is active []


Underfull \vbox (badness 10000) has occurred while \output is active []

[+4.769s] Shipping out page 35 [35]
Underfull \hbox (badness 3547) in paragraph at lines 1784--1785
\TU/TeXGyreTermes(0)/m/n/12 indexed an-no-ta-tions (\TU/TeXGyreCursor(0)/m/n/12
 author+an = { 3:software=”supporting”}\TU/TeXGyreTermes(0)/m/n/12 )
 []


Underfull \hbox (badness 2653) in paragraph at lines 1786--1787
[]\TU/TeXGyreTermes(0)/m/n/12 Un-der biber, this can be solved cleanly us-ing on
e of two an-no-ta-tion
 []

[+4.842s] Shipping out page 36 [36]
Underfull \vbox (badness 10000) has occurred while \output is active []


Underfull \vbox (badness 10000) has occurred while \output is active []

[+4.915s] Shipping out page 37 [37]
Underfull \hbox (badness 3098) in paragraph at lines 1828--1829
\TU/TeXGyreTermes(0)/m/n/12 en-tity (for in-stance, in-dex 2 in \TU/TeXGyreCurs
or(0)/m/n/12 Lindenbaum, S. J. \TU/TeXGyreTermes(0)/m/n/12 and \TU/TeXGyreCurso
r(0)/m/n/12 {MPS
 []

[+5.018s] Shipping out page 38 [38]
Underfull \hbox (badness 7116) in paragraph at lines 1872--1873
[]\TU/TeXGyreCursor(0)/m/n/12 publications_map.json \TU/TeXGyreTermes(0)/m/n/12
 re-mains the in-ter-ac-tive store hold-ing
 []


Overfull \hbox (9.83995pt too wide) in paragraph at lines 1874--1875
[]\TU/TeXGyreTermes(0)/m/n/12 When the wiz-ard gen-er-ates or up-dates \TU/TeXG
yreCursor(0)/m/n/12 references-annotations.bib\TU/TeXGyreTermes(0)/m/n/12 ,
 []


Overfull \hbox (10.0399pt too wide) in paragraph at lines 1874--1875
\TU/TeXGyreTermes(0)/m/n/12 the Python script in-spects \TU/TeXGyreCursor(0)/m/
n/12 entry.get(”specific_contributors”)\TU/TeXGyreTermes(0)/m/n/12 . 
 []


Underfull \hbox (badness 2229) in paragraph at lines 1876--1877
\TU/TeXGyreTermes(0)/m/n/12 named col-lab-o-ra-tion in the au-thor list and writ
es the cor-re-spond-ing
 []


Underfull \hbox (badness 1997) in paragraph at lines 1876--1877
\TU/TeXGyreCursor(0)/m/n/12 2:specific-contributor=”…” \TU/TeXGyreTermes(
0)/m/n/12 and role slugs di-rectly into the
 []


Underfull \hbox (badness 1924) in paragraph at lines 1879--1880
[]\TU/TeXGyreTermes(0)/m/n/12 This pre-serves stan-dard bib-li-og-ra-phy list-in
gs for ex-ter-nal read-ers while
 []


Underfull \hbox (badness 1648) in paragraph at lines 1879--1880
\TU/TeXGyreTermes(0)/m/n/12 en-abling the de-fense com-mit-tee to in-spect can-d
i-date con-tri-bu-tions to large
 []


Underfull \hbox (badness 3078) in paragraph at lines 1881--1882
\TU/TeXGyreTermes(0)/m/n/12 by \TU/TeXGyreCursor(0)/m/n/12 CReDiT_Matrix_Wizard.
py \TU/TeXGyreTermes(0)/m/n/12 to pro-duce an ini-tial \TU/TeXGyreCursor(0)/m/n
/12 references-
 []

[+5.115s] Shipping out page 39 [39]
[+5.281s] Shipping out page 40 [40]
[+5.305s] Shipping out page 41 [41]
Underfull \hbox (badness 1371) in paragraph at lines 1934--1934
[]\TU/TeXGyreTermes(0)/b/n/12 Sum-mary of In-cluded Pub-li-ca-tions in Com-pi-la
-tion the-ses (2025
 []


Overfull \hbox (25.1237pt too wide) in paragraph at lines 1951--1970
 [][] 
 []

[+5.457s] Shipping out page 42 [42]
Overfull \hbox (35.40794pt too wide) in paragraph at lines 1981--1982
\TU/TeXGyreTermes(0)/m/n/12 in-cluded works, pop-u-lat-ing \TU/TeXGyreCursor(0)
/m/n/12 publications_map.json
 []


Underfull \hbox (badness 10000) in paragraph at lines 1981--1982
\TU/TeXGyreTermes(0)/m/n/12 and man-ag-ing con-trib-u-tor at-tri-bu-tions in
 []


Underfull \vbox (badness 5388) has occurred while \output is active []


Underfull \vbox (badness 5388) has occurred while \output is active []

[+5.573s] Shipping out page 43 [43]
Underfull \hbox (badness 2376) in paragraph at lines 1992--1994
\TU/TeXGyreTermes(0)/m/n/12 sys-tems, and doc-u-men-ta-tion (sim-i-lar to ex-am-
ple do-main names like
 []


Overfull \hbox (1.844pt too wide) in paragraph at lines 1995--1997
[]\TU/TeXGyreTermes(0)/m/n/12 Dat-aCite Test En-vi-ron-ment (\TU/TeXGyreCursor(
0)/m/n/12 10.5072\TU/TeXGyreTermes(0)/m/n/12 ): Dat-aCite re-serves pre-fix \TU
/TeXGyreCursor(0)/m/n/12 10.5072
 []

[+5.626s] Shipping out page 44 [44]
Underfull \hbox (badness 1442) in paragraph at lines 2009--2010
\TU/TeXGyreTermes(0)/m/n/12 When con-struct-ing syn-thetic en-tries for doc-u-me
n-ta-tion, test-ing, or pipeline
 []


Underfull \hbox (badness 4181) in paragraph at lines 2017--2018
\TU/TeXGyreTermes(0)/m/n/12 This pro-vides a machine-readable flag that down-str
eam
 []


Underfull \hbox (badness 2435) in paragraph at lines 2020--2021
\TU/TeXGyreTermes(0)/m/n/12 or DiVA. Pre-fer con-ven-tional meta-syn-tac-tic nam
es (\TU/TeXGyreTermes(0)/m/it/12 e.g.,
 []


Underfull \hbox (badness 1102) in paragraph at lines 2020--2021
\TU/TeXGyreTermes(0)/m/n/12 in-sti-tu-tional place-hold-ers (\TU/TeXGyreTermes(
0)/m/it/12 e.g., \TU/TeXGyreTermes(0)/m/n/12 “  Re-searcher, Mock A.” or
 []


Underfull \hbox (badness 4608) in paragraph at lines 2026--2027
\TU/TeXGyreTermes(0)/m/n/12 Stan-dard Book Num-bers (IS-BNs) [[]5[]]. Use the st
an-
 []

[+5.706s] Shipping out page 45 [45]
Underfull \hbox (badness 4120) in paragraph at lines 2029--2030
  [] \TU/TeXGyreTermes(0)/m/n/12 Un-der []Re-quest for Com-ments (RFC) 2606 [[]
6[]] and its
 []


Underfull \hbox (badness 2302) in paragraph at lines 2029--2030
\TU/TeXGyreTermes(0)/m/n/12 or the re-served top-level do-mains (\TU/TeXGyreCur
sor(0)/m/n/12 .test\TU/TeXGyreTermes(0)/m/n/12 , \TU/TeXGyreCursor(0)/m/n/12 .ex
ample\TU/TeXGyreTermes(0)/m/n/12 ,
 []


Overfull \hbox (28.15198pt too wide) in paragraph at lines 2029--2030
\TU/TeXGyreTermes(0)/m/n/12 dles, use zero-padded iden-ti-fiers (\TU/TeXGyreTer
mes(0)/m/it/12 e.g., \TU/TeXGyreCursor(0)/m/n/12 urn:nbn:se:kth:diva-
 []


Underfull \hbox (badness 1817) in paragraph at lines 2045--2046
[]\TU/TeXGyreTermes(0)/m/n/12 There are two pri-mary ap-proaches to au-tomat-ing
 this re-trieval with-out
 []

[+5.775s] Shipping out page 46 [46]
Underfull \hbox (badness 2005) in paragraph at lines 2049--2050
\TU/TeXGyreTermes(0)/m/n/12 vari-able \TU/TeXGyreCursor(0)/m/n/12 OVERLEAF_PROJE
CT_ID \TU/TeXGyreTermes(0)/m/n/12 to be the iden-ti-fier of your
 []


Underfull \hbox (badness 3977) in paragraph at lines 2049--2050
\TU/TeXGyreTermes(0)/m/n/12 La-TeX Ser-vice In-fras-truc-ture (CLSI)), au-then-t
i-cat-ing with your
 []

(/usr/local/texlive/2026/texmf-dist/tex/latex/listings/lstlang1.sty
File: lstlang1.sty 2025/11/14 1.11b listings language file
)
[+5.858s] Shipping out page 47 [47]
Underfull \vbox (badness 10000) has occurred while \output is active []


Underfull \vbox (badness 10000) has occurred while \output is active []

[+5.939s] Shipping out page 48 [48]
Underfull \vbox (badness 10000) has occurred while \output is active []


Underfull \vbox (badness 10000) has occurred while \output is active []

[+6.056s] Shipping out page 49 [49]
Underfull \vbox (badness 10000) has occurred while \output is active []


Underfull \vbox (badness 10000) has occurred while \output is active []

[+6.199s] Shipping out page 50 [50]
Underfull \vbox (badness 10000) has occurred while \output is active []


Underfull \vbox (badness 10000) has occurred while \output is active []

[+6.369s] Shipping out page 51 [51]
Underfull \vbox (badness 10000) has occurred while \output is active []


Underfull \vbox (badness 10000) has occurred while \output is active []

[+6.535s] Shipping out page 52 [52]
Underfull \vbox (badness 10000) has occurred while \output is active []


Underfull \vbox (badness 10000) has occurred while \output is active []

[+6.686s] Shipping out page 53 [53]
Underfull \vbox (badness 10000) has occurred while \output is active []


Underfull \vbox (badness 10000) has occurred while \output is active []

[+6.818s] Shipping out page 54 [54]
Underfull \vbox (badness 10000) has occurred while \output is active []


Underfull \vbox (badness 10000) has occurred while \output is active []

[+6.943s] Shipping out page 55 [55]
Underfull \vbox (badness 10000) has occurred while \output is active []


Underfull \vbox (badness 10000) has occurred while \output is active []

[+7.049s] Shipping out page 56 [56]
Underfull \vbox (badness 10000) has occurred while \output is active []


Underfull \vbox (badness 10000) has occurred while \output is active []

[+7.196s] Shipping out page 57 [57<./luatex.7G3jFn/1.png><./luatex.7G3jFn/2.png>
]
Underfull \vbox (badness 10000) has occurred while \output is active []


Underfull \vbox (badness 10000) has occurred while \output is active []

[+7.315s] Shipping out page 58 [58]
(/usr/local/texlive/2026/texmf-dist/tex/latex/listings/lstlang1.sty
File: lstlang1.sty 2025/11/14 1.11b listings language file
)
(/usr/local/texlive/2026/texmf-dist/tex/latex/listings/lstlang1.sty
File: lstlang1.sty 2025/11/14 1.11b listings language file
)
Underfull \hbox (badness 1454) in paragraph at lines 2432--2433
\TU/TeXGyreTermes(0)/b/n/12 na-tively \TU/TeXGyreTermes(0)/m/n/12 us-ing the of-
fi-cial TeX Live / Lu-aLa-TeX con-tainer
 []

[+7.429s] Shipping out page 59 [59]
[+7.497s] Shipping out page 60 [60]
Underfull \vbox (badness 10000) has occurred while \output is active []


Underfull \vbox (badness 10000) has occurred while \output is active []

[+7.580s] Shipping out page 61 [61]
Underfull \vbox (badness 10000) has occurred while \output is active []


Underfull \vbox (badness 10000) has occurred while \output is active []

[+7.699s] Shipping out page 62 [62]
Underfull \vbox (badness 10000) has occurred while \output is active []


Underfull \vbox (badness 10000) has occurred while \output is active []

[+7.806s] Shipping out page 63 [63]
Underfull \vbox (badness 10000) has occurred while \output is active []


Underfull \vbox (badness 10000) has occurred while \output is active []

[+7.918s] Shipping out page 64 [64]
Underfull \vbox (badness 10000) has occurred while \output is active []


Underfull \vbox (badness 10000) has occurred while \output is active []

[+8.017s] Shipping out page 65 [65]
Underfull \vbox (badness 10000) has occurred while \output is active []


Underfull \vbox (badness 10000) has occurred while \output is active []

[+8.122s] Shipping out page 66 [66]
Underfull \vbox (badness 10000) has occurred while \output is active []


Underfull \vbox (badness 10000) has occurred while \output is active []

[+8.226s] Shipping out page 67 [67]
Underfull \vbox (badness 10000) has occurred while \output is active []


Underfull \vbox (badness 10000) has occurred while \output is active []

[+8.332s] Shipping out page 68 [68]
Underfull \vbox (badness 10000) has occurred while \output is active []


Underfull \vbox (badness 10000) has occurred while \output is active []

[+8.488s] Shipping out page 69 [69]
[+8.605s] Shipping out page 70
[70<./luatex.7G3jFn/3.png>]
Underfull \hbox (badness 1117) in paragraph at lines 2825--2827
\TU/TeXGyreTermes(0)/m/n/12 (\TU/TeXGyreCursor(0)/m/n/12 overleaf_session2\TU/T
eXGyreTermes(0)/m/n/12 ) from the lo-cal ma-chine us-ing li-braries like
 []

[+8.690s] Shipping out page 71 [71]
Overfull \hbox (20.53996pt too wide) in paragraph at lines 2834--2835
[]\TU/TeXGyreTermes(0)/m/n/12 If a user runs the script with-out ex-plic-itly se
t-ting the \TU/TeXGyreCursor(0)/m/n/12 OVERLEAF_PROJECT_ID
 []


Underfull \hbox (badness 1132) in paragraph at lines 2834--2835
\TU/TeXGyreTermes(0)/m/n/12 en-vi-ron-ment vari-able, the script de-faults to in
-ter-act-ing with a project
 []


Underfull \hbox (badness 2020) in paragraph at lines 2842--2843
[]\TU/TeXGyreTermes(0)/m/n/12 As seen in the script’s code, han-dling edge cas
es re-quires com-plex
 []


Underfull \hbox (badness 1365) in paragraph at lines 2845--2846
\TU/TeXGyreTermes(0)/m/n/12 un-changed. This un-der-scores why []Method 2[] (mov
-ing the source of truth
 []


Underfull \hbox (badness 1158) in paragraph at lines 2845--2846
\TU/TeXGyreTermes(0)/m/n/12 to a GitHub repos-i-tory and com-pil-ing na-tively 
via GitHub Ac-tions) shown
 []

[+8.730s] Shipping out page 72 [72]

Package glossaries Info: Preparing to sort glossary `acronym' (total number of
(glossaries)             referenced entries: 22)

[+8.898s] Shipping out page 73 [73

]

Package biblatex Warning: Unresolved placeholder reference 'doe2025collaborativ
e': Placeholder fake reference for use in examples.


Package biblatex Warning: Unresolved placeholder reference 'maguire2026pipeline
': Placeholder fake reference for use in examples.


Underfull \hbox (badness 1286) in paragraph at lines 2865--2865
[]\TU/TeXGyreTermes(0)/b/n/12 [\TU/TeXGyreTermes(0)/b/sc/12 U
 P-: \TU/TeXGyreTermes(0)/b/n/12 Place
-holder fake ref-er-ence for use in
 []


Underfull \hbox (badness 4168) in paragraph at lines 2865--2865
\TU/TeXGyreTermes(0)/m/n/12 in-tegrity in aca-demic pub-lish-ing,” \TU/TeXGyr
eTermes(0)/m/it/12 Jour-nal of Aca-demic Stew-ard-ship
 []

[2026-10-08 14:35:07] Compilation finished
[+9.130s] Total CPU time to end of document
[+9.142s] Shipping out page 74 [74

] (./artifacts/README_programmer_notes_Biber_and_BibLaTeX.aux)
 ***********
LaTeX2e <2026-06-01>
L3 programming layer <2020/03/25>
 ***********
Package rerunfilecheck Info: File `README_programmer_notes_Biber_and_BibLaTeX.o
ut' has not changed.
(rerunfilecheck)             Checksum: 4A2DCB775A31138E3943BDD16D23B93A;7143.
Package logreq Info: Writing requests to 'README_programmer_notes_Biber_and_Bib
LaTeX.run.xml'.

\openout1 = README_programmer_notes_Biber_and_BibLaTeX.run.xml
)

Here is how much of LuaTeX's memory you used:
 89916 strings out of 475604
 745257,4101490 words of node,token memory allocated
 1557 words of node memory still in use:
   9 hlist, 2 vlist, 2 rule, 6 disc, 2 math, 7 glue, 4 kern, 46 glyph, 75 attrib
ute, 127 glue_spec, 26 attribute_list, 2 write, 10 pdf_action nodes
   avail lists: 1:5,2:14277,3:1393,4:61,5:10219,6:156,7:30412,8:48,9:32369,10:59
,11:1695
 109280 multiletter control sequences out of 65536+600000
 293 fonts using 213619783 bytes
 107i,15n,160p,2572b,4029s stack positions out of 10000i,1000n,20000p,200000b,200000s
</usr/share/fonts/truetype/noto/NotoSansMono-Regular.ttf></usr/local/texlive/202
6/texmf-dist/fonts/opentype/public/stix2-otf/STIXTwoMath-Regular.otf></usr/share
/fonts/truetype/noto/NotoSans-Regular.ttf></usr/local/texlive/2026/texmf-dist/fo
nts/opentype/public/stix2-otf/STIXTwoMath-Regular.otf></usr/local/texlive/2026/t
exmf-dist/fonts/opentype/public/stix2-otf/STIXTwoMath-Regular.otf></usr/local/te
xlive/2026/texmf-dist/fonts/opentype/public/tex-gyre/texgyrecursor-bold.otf></us
r/local/texlive/2026/texmf-dist/fonts/opentype/public/tex-gyre/texgyrecursor-reg
ular.otf></usr/local/texlive/2026/texmf-dist/fonts/opentype/public/tex-gyre/texg
yreheros-regular.otf><./Figtree/static/Figtree-Regular.ttf></usr/local/texlive/2
026/texmf-dist/fonts/opentype/public/tex-gyre/texgyretermes-italic.otf></usr/loc
al/texlive/2026/texmf-dist/fonts/opentype/public/stix2-otf/STIXTwoMath-Regular.o
tf></usr/local/texlive/2026/texmf-dist/fonts/opentype/public/tex-gyre/texgyreter
mes-bold.otf></usr/local/texlive/2026/texmf-dist/fonts/opentype/public/tex-gyre/
texgyretermes-regular.otf>
Output written on README_programmer_notes_Biber_and_BibLaTeX.pdf (78 pages, 337
912 bytes).

PDF statistics: 2217 PDF objects out of 2487 (max. 8388607)
 2066 compressed objects within 21 object streams
 1574 named destinations out of 1728 (max. 1048576)
 224 words of extra memory for PDF output out of 10000 (max. 100000000)

